{
	"format_version": "1.21.6",
	"credit": "Made with Blockbench",
	"parent": "minecraft:item/piglin_crossbow",
	"textures": {
		"1": "item/enchanted_tool_overlays/enchantment_outline",
		"particle": "item/enchanted_tool_overlays/enchantment_outline"
	},
	"elements": [
		{
			"from": [-0.1, -0.1, 8.6],
			"to": [3.1, 0.9, 7.4],
			"light_emission": 15,
			"rotation": {"angle": 0, "axis": "y", "origin": [2, 0.025, 1.1]},
			"faces": {
				"north": {"uv": [2, 15, 3, 16], "texture": "#1"},
				"east": {"uv": [2, 15, 3, 16], "texture": "#1"},
				"south": {"uv": [2, 15, 3, 16], "texture": "#1"},
				"west": {"uv": [2, 15, 3, 16], "texture": "#1"},
				"down": {"uv": [2, 15, 3, 16], "texture": "#1"}
			}
		},
		{
			"from": [11.9, 1.9, 8.6],
			"to": [12.9, 5.1, 7.4],
			"light_emission": 15,
			"rotation": {"angle": 0, "axis": "y", "origin": [13.9, 2.025, 1.1]},
			"faces": {
				"north": {"uv": [15, 15, 16, 16], "texture": "#1"},
				"south": {"uv": [15, 15, 16, 16], "texture": "#1"}
			}
		},
		{
			"from": [12.9, 3.1, 8.6],
			"to": [14.1, 4.1, 7.4],
			"light_emission": 15,
			"rotation": {"angle": 0, "axis": "y", "origin": [14.9, 2.025, 1.1]},
			"faces": {
				"north": {"uv": [15, 15, 16, 16], "texture": "#1"},
				"south": {"uv": [15, 15, 16, 16], "texture": "#1"}
			}
		},
		{
			"from": [12.9, 4.1, 8.6],
			"to": [13.1, 5.1, 7.4],
			"light_emission": 15,
			"rotation": {"angle": 0, "axis": "y", "origin": [14.9, 3.025, 1.1]},
			"faces": {
				"north": {"uv": [15, 15, 16, 16], "texture": "#1"},
				"south": {"uv": [15, 15, 16, 16], "texture": "#1"}
			}
		},
		{
			"from": [11.9, 5.1, 8.6],
			"to": [12.1, 6.1, 7.4],
			"light_emission": 15,
			"rotation": {"angle": 0, "axis": "y", "origin": [13.9, 4.025, 1.1]},
			"faces": {
				"north": {"uv": [15, 15, 16, 16], "texture": "#1"},
				"south": {"uv": [15, 15, 16, 16], "texture": "#1"}
			}
		},
		{
			"from": [9.9, 6.1, 8.6],
			"to": [10.1, 7.1, 7.4],
			"light_emission": 15,
			"rotation": {"angle": 0, "axis": "y", "origin": [11.9, 5.025, 1.1]},
			"faces": {
				"north": {"uv": [15, 15, 16, 16], "texture": "#1"},
				"south": {"uv": [15, 15, 16, 16], "texture": "#1"}
			}
		},
		{
			"from": [9.9, 7.1, 8.6],
			"to": [10.1, 8.1, 7.4],
			"light_emission": 15,
			"rotation": {"angle": 0, "axis": "y", "origin": [11.9, 6.025, 1.1]},
			"faces": {
				"north": {"uv": [15, 15, 16, 16], "texture": "#1"},
				"south": {"uv": [15, 15, 16, 16], "texture": "#1"}
			}
		},
		{
			"from": [8.9, 8.1, 8.6],
			"to": [9.1, 9.1, 7.4],
			"light_emission": 15,
			"rotation": {"angle": 0, "axis": "y", "origin": [10.9, 7.025, 1.1]},
			"faces": {
				"north": {"uv": [15, 15, 16, 16], "texture": "#1"},
				"south": {"uv": [15, 15, 16, 16], "texture": "#1"}
			}
		},
		{
			"from": [7.9, 9.1, 8.6],
			"to": [8.1, 10.1, 7.4],
			"light_emission": 15,
			"rotation": {"angle": 0, "axis": "y", "origin": [9.9, 8.025, 1.1]},
			"faces": {
				"north": {"uv": [15, 15, 16, 16], "texture": "#1"},
				"south": {"uv": [15, 15, 16, 16], "texture": "#1"}
			}
		},
		{
			"from": [10.9, 2.9, 8.6],
			"to": [11.9, 6.1, 7.4],
			"light_emission": 15,
			"rotation": {"angle": 0, "axis": "y", "origin": [12.9, 3.025, 1.1]},
			"faces": {
				"north": {"uv": [15, 15, 16, 16], "texture": "#1"},
				"south": {"uv": [15, 15, 16, 16], "texture": "#1"}
			}
		},
		{
			"from": [8.9, 4.1, 8.6],
			"to": [9.9, 8.1, 7.4],
			"light_emission": 15,
			"rotation": {"angle": 0, "axis": "y", "origin": [10.9, 5.025, 1.1]},
			"faces": {
				"north": {"uv": [15, 15, 16, 16], "texture": "#1"},
				"south": {"uv": [15, 15, 16, 16], "texture": "#1"}
			}
		},
		{
			"from": [9.9, 3.9, 8.6],
			"to": [10.9, 6.1, 7.4],
			"light_emission": 15,
			"rotation": {"angle": 0, "axis": "y", "origin": [11.9, 4.025, 1.1]},
			"faces": {
				"north": {"uv": [15, 15, 16, 16], "texture": "#1"},
				"south": {"uv": [15, 15, 16, 16], "texture": "#1"}
			}
		},
		{
			"from": [6.9, 6.9, 8.6],
			"to": [7.9, 10.1, 7.4],
			"light_emission": 15,
			"rotation": {"angle": 0, "axis": "y", "origin": [8.9, 7.025, 1.1]},
			"faces": {
				"north": {"uv": [15, 15, 16, 16], "texture": "#1"},
				"south": {"uv": [15, 15, 16, 16], "texture": "#1"}
			}
		},
		{
			"from": [5.9, 7.9, 8.6],
			"to": [6.9, 10.1, 7.4],
			"light_emission": 15,
			"rotation": {"angle": 0, "axis": "y", "origin": [7.9, 7.025, 1.1]},
			"faces": {
				"north": {"uv": [15, 15, 16, 16], "texture": "#1"},
				"south": {"uv": [15, 15, 16, 16], "texture": "#1"}
			}
		},
		{
			"from": [3.1, 5.9, 8.6],
			"to": [4.1, 10.1, 7.4],
			"light_emission": 15,
			"rotation": {"angle": 0, "axis": "y", "origin": [4.9, 7.025, 1.1]},
			"faces": {
				"north": {"uv": [15, 15, 16, 16], "texture": "#1"},
				"south": {"uv": [15, 15, 16, 16], "texture": "#1"}
			}
		},
		{
			"from": [0.9, 0.9, 8.6],
			"to": [3.1, 7.1, 7.4],
			"light_emission": 15,
			"rotation": {"angle": 0, "axis": "y", "origin": [3.9, 2.025, 1.1]},
			"faces": {
				"north": {"uv": [15, 15, 16, 16], "texture": "#1"},
				"south": {"uv": [15, 15, 16, 16], "texture": "#1"}
			}
		},
		{
			"from": [2.9, 7.1, 8.6],
			"to": [3.1, 10.1, 7.4],
			"light_emission": 15,
			"rotation": {"angle": 0, "axis": "y", "origin": [3.9, 5.025, 1.1]},
			"faces": {
				"north": {"uv": [15, 15, 16, 16], "texture": "#1"},
				"south": {"uv": [15, 15, 16, 16], "texture": "#1"}
			}
		},
		{
			"from": [1.9, 7.1, 8.6],
			"to": [2.9, 8.1, 7.4],
			"light_emission": 15,
			"rotation": {"angle": 0, "axis": "y", "origin": [3.9, 5.025, 1.1]},
			"faces": {
				"north": {"uv": [15, 15, 16, 16], "texture": "#1"},
				"south": {"uv": [15, 15, 16, 16], "texture": "#1"}
			}
		},
		{
			"from": [3.9, 1.9, 8.6],
			"to": [4.1, 2.1, 7.4],
			"light_emission": 15,
			"rotation": {"angle": 0, "axis": "y", "origin": [5.1, -0.975, 1.1]},
			"faces": {
				"north": {"uv": [15, 15, 16, 16], "texture": "#1"},
				"south": {"uv": [15, 15, 16, 16], "texture": "#1"}
			}
		},
		{
			"from": [5.9, 2.9, 8.6],
			"to": [6.1, 3.1, 7.4],
			"light_emission": 15,
			"rotation": {"angle": 0, "axis": "y", "origin": [7.1, 0.025, 1.1]},
			"faces": {
				"north": {"uv": [15, 15, 16, 16], "texture": "#1"},
				"south": {"uv": [15, 15, 16, 16], "texture": "#1"}
			}
		},
		{
			"from": [11.9, 7.9, 8.6],
			"to": [12.1, 8.1, 7.4],
			"light_emission": 15,
			"rotation": {"angle": 0, "axis": "y", "origin": [13.1, 5.025, 1.1]},
			"faces": {
				"north": {"uv": [15, 15, 16, 16], "texture": "#1"},
				"south": {"uv": [15, 15, 16, 16], "texture": "#1"}
			}
		},
		{
			"from": [13.9, 11.9, 8.6],
			"to": [14.1, 12.1, 7.4],
			"light_emission": 15,
			"rotation": {"angle": 0, "axis": "y", "origin": [15.1, 9.025, 1.1]},
			"faces": {
				"north": {"uv": [15, 15, 16, 16], "texture": "#1"},
				"south": {"uv": [15, 15, 16, 16], "texture": "#1"}
			}
		},
		{
			"from": [12.9, 9.9, 8.6],
			"to": [13.1, 10.1, 7.4],
			"light_emission": 15,
			"rotation": {"angle": 0, "axis": "y", "origin": [14.1, 7.025, 1.1]},
			"faces": {
				"north": {"uv": [15, 15, 16, 16], "texture": "#1"},
				"south": {"uv": [15, 15, 16, 16], "texture": "#1"}
			}
		},
		{
			"from": [5.9, 11.9, 8.6],
			"to": [13.1, 13.1, 7.4],
			"light_emission": 15,
			"rotation": {"angle": 0, "axis": "y", "origin": [7.9, 10.025, 1.1]},
			"faces": {
				"north": {"uv": [15, 15, 16, 16], "texture": "#1"},
				"south": {"uv": [15, 15, 16, 16], "texture": "#1"}
			}
		},
		{
			"from": [7.9, 13.1, 8.6],
			"to": [13.1, 14.1, 7.4],
			"light_emission": 15,
			"rotation": {"angle": 0, "axis": "y", "origin": [7.9, 11.025, 1.1]},
			"faces": {
				"north": {"uv": [15, 15, 16, 16], "texture": "#1"},
				"south": {"uv": [15, 15, 16, 16], "texture": "#1"}
			}
		},
		{
			"from": [8.9, 14.1, 8.6],
			"to": [15.1, 15.1, 7.4],
			"light_emission": 15,
			"rotation": {"angle": 0, "axis": "y", "origin": [9.9, 12.025, 1.1]},
			"faces": {
				"north": {"uv": [15, 15, 16, 16], "texture": "#1"},
				"south": {"uv": [15, 15, 16, 16], "texture": "#1"}
			}
		},
		{
			"from": [13.9, 12.9, 8.6],
			"to": [15.1, 14.1, 7.4],
			"light_emission": 15,
			"rotation": {"angle": 0, "axis": "y", "origin": [9.9, 11.025, 1.1]},
			"faces": {
				"north": {"uv": [15, 15, 16, 16], "texture": "#1"},
				"south": {"uv": [15, 15, 16, 16], "texture": "#1"}
			}
		},
		{
			"from": [7.9, 5.9, 8.6],
			"to": [8.9, 9.1, 7.4],
			"light_emission": 15,
			"rotation": {"angle": 0, "axis": "y", "origin": [9.9, 6.025, 1.1]},
			"faces": {
				"north": {"uv": [15, 15, 16, 16], "texture": "#1"},
				"south": {"uv": [15, 15, 16, 16], "texture": "#1"}
			}
		},
		{
			"from": [12.9, -0.1, 8.6],
			"to": [16.1, 3.1, 7.4],
			"light_emission": 15,
			"rotation": {"angle": 0, "axis": "y", "origin": [15, 0.025, 1.1]},
			"faces": {
				"north": {"uv": [15, 15, 16, 16], "texture": "#1"},
				"east": {"uv": [15, 15, 16, 16], "texture": "#1"},
				"south": {"uv": [15, 15, 16, 16], "texture": "#1"},
				"down": {"uv": [15, 15, 16, 16], "texture": "#1"}
			}
		},
		{
			"from": [11.9, -0.1, 8.6],
			"to": [12.9, 1.9, 7.4],
			"light_emission": 15,
			"rotation": {"angle": 0, "axis": "y", "origin": [12, 0.025, 1.1]},
			"faces": {
				"north": {"uv": [12, 15, 13, 16], "texture": "#1"},
				"south": {"uv": [12, 15, 13, 16], "texture": "#1"},
				"west": {"uv": [12, 15, 13, 16], "texture": "#1"},
				"down": {"uv": [12, 15, 13, 16], "texture": "#1"}
			}
		},
		{
			"from": [-0.1, 0.9, 8.6],
			"to": [0.9, 2.1, 7.4],
			"light_emission": 15,
			"rotation": {"angle": 0, "axis": "y", "origin": [0.025, 1.025, 1.1]},
			"faces": {
				"north": {"uv": [0, 14, 1, 15], "texture": "#1"},
				"south": {"uv": [0, 14, 1, 15], "texture": "#1"},
				"west": {"uv": [0, 14, 1, 15], "texture": "#1"},
				"up": {"uv": [0, 14, 1, 15], "texture": "#1"}
			}
		},
		{
			"from": [3.1, 0.9, 8.6],
			"to": [4.1, 1.9, 7.4],
			"light_emission": 15,
			"rotation": {"angle": 0, "axis": "y", "origin": [3.1, 0.925, 1.1]},
			"faces": {
				"north": {"uv": [3, 14, 4, 15], "texture": "#1"},
				"east": {"uv": [3, 14, 4, 15], "texture": "#1"},
				"south": {"uv": [3, 14, 4, 15], "texture": "#1"},
				"down": {"uv": [3, 14, 4, 15], "texture": "#1"}
			}
		},
		{
			"from": [3.1, 1.9, 8.6],
			"to": [3.9, 2.1, 7.4],
			"light_emission": 15,
			"rotation": {"angle": 0, "axis": "y", "origin": [3.1, 0.925, 1.1]},
			"faces": {
				"north": {"uv": [3, 14, 4, 15], "texture": "#1"},
				"south": {"uv": [3, 14, 4, 15], "texture": "#1"},
				"up": {"uv": [3, 14, 4, 15], "texture": "#1"}
			}
		},
		{
			"from": [4.1, 2.9, 8.6],
			"to": [5.9, 3.1, 7.4],
			"light_emission": 15,
			"rotation": {"angle": 0, "axis": "y", "origin": [4.1, 1.925, 1.1]},
			"faces": {
				"north": {"uv": [3, 14, 4, 15], "texture": "#1"},
				"south": {"uv": [3, 14, 4, 15], "texture": "#1"},
				"up": {"uv": [3, 14, 4, 15], "texture": "#1"}
			}
		},
		{
			"from": [6.1, 3.9, 8.6],
			"to": [7.9, 4.1, 7.4],
			"light_emission": 15,
			"rotation": {"angle": 0, "axis": "y", "origin": [6.1, 2.925, 1.1]},
			"faces": {
				"north": {"uv": [3, 14, 4, 15], "texture": "#1"},
				"south": {"uv": [3, 14, 4, 15], "texture": "#1"},
				"up": {"uv": [3, 14, 4, 15], "texture": "#1"}
			}
		},
		{
			"from": [12.1, 9.9, 8.6],
			"to": [12.9, 10.1, 7.4],
			"light_emission": 15,
			"rotation": {"angle": 0, "axis": "y", "origin": [12.1, 8.925, 1.1]},
			"faces": {
				"north": {"uv": [3, 14, 4, 15], "texture": "#1"},
				"south": {"uv": [3, 14, 4, 15], "texture": "#1"},
				"up": {"uv": [3, 14, 4, 15], "texture": "#1"}
			}
		},
		{
			"from": [13.1, 11.9, 8.6],
			"to": [13.9, 12.1, 7.4],
			"light_emission": 15,
			"rotation": {"angle": 0, "axis": "y", "origin": [13.1, 10.925, 1.1]},
			"faces": {
				"north": {"uv": [3, 14, 4, 15], "texture": "#1"},
				"south": {"uv": [3, 14, 4, 15], "texture": "#1"},
				"up": {"uv": [3, 14, 4, 15], "texture": "#1"}
			}
		},
		{
			"from": [13.9, 12.1, 8.6],
			"to": [14.1, 12.9, 7.4],
			"light_emission": 15,
			"rotation": {"angle": 0, "axis": "y", "origin": [13.3, 11.725, 1.1]},
			"faces": {
				"north": {"uv": [3, 14, 4, 15], "texture": "#1"},
				"south": {"uv": [3, 14, 4, 15], "texture": "#1"},
				"west": {"uv": [3, 14, 4, 15], "texture": "#1"}
			}
		},
		{
			"from": [12.9, 10.1, 8.6],
			"to": [13.1, 11.9, 7.4],
			"light_emission": 15,
			"rotation": {"angle": 0, "axis": "y", "origin": [12.3, 9.725, 1.1]},
			"faces": {
				"north": {"uv": [3, 14, 4, 15], "texture": "#1"},
				"south": {"uv": [3, 14, 4, 15], "texture": "#1"},
				"west": {"uv": [3, 14, 4, 15], "texture": "#1"}
			}
		},
		{
			"from": [11.9, 8.1, 8.6],
			"to": [12.1, 10.1, 7.4],
			"light_emission": 15,
			"rotation": {"angle": 0, "axis": "y", "origin": [11.3, 8.725, 1.1]},
			"faces": {
				"north": {"uv": [3, 14, 4, 15], "texture": "#1"},
				"south": {"uv": [3, 14, 4, 15], "texture": "#1"},
				"west": {"uv": [3, 14, 4, 15], "texture": "#1"},
				"up": {"uv": [3, 14, 4, 15], "texture": "#1"}
			}
		},
		{
			"from": [5.9, 3.1, 8.6],
			"to": [6.1, 4.1, 7.4],
			"light_emission": 15,
			"rotation": {"angle": 0, "axis": "y", "origin": [5.3, 2.725, 1.1]},
			"faces": {
				"north": {"uv": [3, 14, 4, 15], "texture": "#1"},
				"south": {"uv": [3, 14, 4, 15], "texture": "#1"},
				"west": {"uv": [3, 14, 4, 15], "texture": "#1"},
				"up": {"uv": [3, 14, 4, 15], "texture": "#1"}
			}
		},
		{
			"from": [3.9, 2.1, 8.6],
			"to": [4.1, 3.1, 7.4],
			"light_emission": 15,
			"rotation": {"angle": 0, "axis": "y", "origin": [3.3, 1.725, 1.1]},
			"faces": {
				"north": {"uv": [3, 14, 4, 15], "texture": "#1"},
				"south": {"uv": [3, 14, 4, 15], "texture": "#1"},
				"west": {"uv": [3, 14, 4, 15], "texture": "#1"},
				"up": {"uv": [3, 14, 4, 15], "texture": "#1"}
			}
		},
		{
			"from": [0.9, 2.1, 8.6],
			"to": [0.9, 6.9, 7.4],
			"light_emission": 15,
			"rotation": {"angle": 0, "axis": "y", "origin": [1, 2.025, 1.1]},
			"faces": {
				"north": {"uv": [1, 13, 2, 14], "texture": "#1"},
				"south": {"uv": [1, 13, 2, 14], "texture": "#1"},
				"west": {"uv": [1, 13, 2, 14], "texture": "#1"}
			}
		},
		{
			"from": [4.1, 1.9, 8.6],
			"to": [6.1, 2.9, 7.4],
			"light_emission": 15,
			"rotation": {"angle": 0, "axis": "y", "origin": [4.1, 1.925, 1.1]},
			"faces": {
				"north": {"uv": [4, 13, 5, 14], "texture": "#1"},
				"east": {"uv": [4, 13, 5, 14], "texture": "#1"},
				"south": {"uv": [4, 13, 5, 14], "texture": "#1"},
				"down": {"uv": [4, 13, 5, 14], "texture": "#1"}
			}
		},
		{
			"from": [10.9, 1.9, 8.6],
			"to": [11.9, 2.9, 7.4],
			"light_emission": 15,
			"rotation": {"angle": 0, "axis": "y", "origin": [11, 2.025, 1.1]},
			"faces": {
				"north": {"uv": [11, 13, 12, 14], "texture": "#1"},
				"south": {"uv": [11, 13, 12, 14], "texture": "#1"},
				"west": {"uv": [11, 13, 12, 14], "texture": "#1"},
				"down": {"uv": [11, 13, 12, 14], "texture": "#1"}
			}
		},
		{
			"from": [3.1, 2.1, 8.6],
			"to": [3.1, 3.9, 7.4],
			"light_emission": 15,
			"rotation": {"angle": 0, "axis": "y", "origin": [2, 3.025, 1.1]},
			"faces": {
				"north": {"uv": [2, 12, 3, 13], "texture": "#1"},
				"east": {"uv": [2, 12, 3, 13], "texture": "#1"},
				"south": {"uv": [2, 12, 3, 13], "texture": "#1"}
			}
		},
		{
			"from": [6.1, 2.9, 8.6],
			"to": [8.1, 3.9, 7.4],
			"light_emission": 15,
			"rotation": {"angle": 0, "axis": "y", "origin": [6.1, 2.925, 1.1]},
			"faces": {
				"north": {"uv": [5, 12, 6, 13], "texture": "#1"},
				"east": {"uv": [5, 12, 6, 13], "texture": "#1"},
				"south": {"uv": [5, 12, 6, 13], "texture": "#1"},
				"down": {"uv": [5, 12, 6, 13], "texture": "#1"}
			}
		},
		{
			"from": [9.9, 2.9, 8.6],
			"to": [10.9, 3.9, 7.4],
			"light_emission": 15,
			"rotation": {"angle": 0, "axis": "y", "origin": [10, 3.025, 1.1]},
			"faces": {
				"north": {"uv": [10, 12, 11, 13], "texture": "#1"},
				"south": {"uv": [10, 12, 11, 13], "texture": "#1"},
				"west": {"uv": [10, 12, 11, 13], "texture": "#1"},
				"down": {"uv": [10, 12, 11, 13], "texture": "#1"}
			}
		},
		{
			"from": [14.1, 3.1, 8.6],
			"to": [16.1, 4.1, 7.4],
			"light_emission": 15,
			"rotation": {"angle": 0, "axis": "y", "origin": [15, 3.025, 1.1]},
			"faces": {
				"north": {"uv": [15, 12, 16, 13], "texture": "#1"},
				"east": {"uv": [15, 12, 16, 13], "texture": "#1"},
				"south": {"uv": [15, 12, 16, 13], "texture": "#1"},
				"up": {"uv": [15, 12, 16, 13], "texture": "#1"}
			}
		},
		{
			"from": [8.1, 3.9, 8.6],
			"to": [9.9, 4.1, 7.4],
			"light_emission": 15,
			"rotation": {"angle": 0, "axis": "y", "origin": [9, 4.025, 1.1]},
			"faces": {
				"north": {"uv": [9, 11, 10, 12], "texture": "#1"},
				"south": {"uv": [9, 11, 10, 12], "texture": "#1"},
				"down": {"uv": [9, 11, 10, 12], "texture": "#1"}
			}
		},
		{
			"from": [13.1, 4.1, 8.6],
			"to": [14.1, 5.1, 7.4],
			"light_emission": 15,
			"rotation": {"angle": 0, "axis": "y", "origin": [13, 4.025, 1.1]},
			"faces": {
				"north": {"uv": [13, 11, 14, 12], "texture": "#1"},
				"east": {"uv": [13, 11, 14, 12], "texture": "#1"},
				"south": {"uv": [13, 11, 14, 12], "texture": "#1"},
				"up": {"uv": [13, 11, 14, 12], "texture": "#1"}
			}
		},
		{
			"from": [3.1, 3.9, 8.6],
			"to": [4.1, 4.9, 7.4],
			"light_emission": 15,
			"rotation": {"angle": 0, "axis": "y", "origin": [3, 5.025, 1.1]},
			"faces": {
				"north": {"uv": [3, 10, 4, 11], "texture": "#1"},
				"east": {"uv": [3, 10, 4, 11], "texture": "#1"},
				"south": {"uv": [3, 10, 4, 11], "texture": "#1"},
				"down": {"uv": [3, 10, 4, 11], "texture": "#1"}
			}
		},
		{
			"from": [12.1, 5.1, 8.6],
			"to": [13.1, 6.1, 7.4],
			"light_emission": 15,
			"rotation": {"angle": 0, "axis": "y", "origin": [12, 5.025, 1.1]},
			"faces": {
				"north": {"uv": [12, 10, 13, 11], "texture": "#1"},
				"east": {"uv": [12, 10, 13, 11], "texture": "#1"},
				"south": {"uv": [12, 10, 13, 11], "texture": "#1"},
				"up": {"uv": [12, 10, 13, 11], "texture": "#1"}
			}
		},
		{
			"from": [-0.1, 6.9, 8.6],
			"to": [0.9, 8.1, 7.4],
			"light_emission": 15,
			"rotation": {"angle": 0, "axis": "y", "origin": [0.025, 7.025, 1.1]},
			"faces": {
				"north": {"uv": [0, 9, 1, 10], "texture": "#1"},
				"south": {"uv": [0, 9, 1, 10], "texture": "#1"},
				"west": {"uv": [0, 9, 1, 10], "texture": "#1"},
				"up": {"uv": [0, 9, 1, 10], "texture": "#1"},
				"down": {"uv": [0, 9, 1, 10], "texture": "#1"}
			}
		},
		{
			"from": [4.1, 4.9, 8.6],
			"to": [5.1, 6.1, 7.4],
			"light_emission": 15,
			"rotation": {"angle": 0, "axis": "y", "origin": [4, 5.025, 1.1]},
			"faces": {
				"north": {"uv": [4, 9, 5, 10], "texture": "#1"},
				"east": {"uv": [4, 9, 5, 10], "texture": "#1"},
				"south": {"uv": [4, 9, 5, 10], "texture": "#1"},
				"up": {"uv": [1, 1, 2, 2], "texture": "#1"},
				"down": {"uv": [4, 9, 5, 10], "texture": "#1"}
			}
		},
		{
			"from": [7.9, 4.1, 8.6],
			"to": [8.9, 5.9, 7.4],
			"light_emission": 15,
			"rotation": {"angle": 0, "axis": "y", "origin": [8, 5.025, 1.1]},
			"faces": {
				"north": {"uv": [7, 9, 8, 10], "texture": "#1"},
				"south": {"uv": [7, 9, 8, 10], "texture": "#1"},
				"west": {"uv": [7, 9, 8, 10], "texture": "#1"}
			}
		},
		{
			"from": [0.9, 7.1, 8.6],
			"to": [1.9, 8.1, 7.4],
			"light_emission": 15,
			"rotation": {"angle": 0, "axis": "y", "origin": [1, 7.025, 1.1]},
			"faces": {
				"north": {"uv": [1, 8, 2, 9], "texture": "#1"},
				"south": {"uv": [1, 8, 2, 9], "texture": "#1"},
				"up": {"uv": [1, 8, 2, 9], "texture": "#1"}
			}
		},
		{
			"from": [4.1, 6.1, 8.6],
			"to": [4.1, 7.9, 7.4],
			"light_emission": 15,
			"rotation": {"angle": 0, "axis": "y", "origin": [3, 7.025, 1.1]},
			"faces": {
				"north": {"uv": [3, 8, 4, 9], "texture": "#1"},
				"east": {"uv": [3, 8, 4, 9], "texture": "#1"},
				"south": {"uv": [3, 8, 4, 9], "texture": "#1"}
			}
		},
		{
			"from": [5.9, 6.9, 8.6],
			"to": [6.9, 7.9, 7.4],
			"light_emission": 15,
			"rotation": {"angle": 0, "axis": "y", "origin": [6, 7.025, 1.1]},
			"faces": {
				"north": {"uv": [6, 8, 7, 9], "texture": "#1"},
				"south": {"uv": [6, 8, 7, 9], "texture": "#1"},
				"west": {"uv": [6, 8, 7, 9], "texture": "#1"},
				"down": {"uv": [6, 8, 7, 9], "texture": "#1"}
			}
		},
		{
			"from": [6.9, 5.9, 8.6],
			"to": [7.9, 6.9, 7.4],
			"light_emission": 15,
			"rotation": {"angle": 0, "axis": "y", "origin": [7, 6.025, 1.1]},
			"faces": {
				"north": {"uv": [6, 8, 7, 9], "texture": "#1"},
				"south": {"uv": [6, 8, 7, 9], "texture": "#1"},
				"west": {"uv": [6, 8, 7, 9], "texture": "#1"},
				"down": {"uv": [6, 8, 7, 9], "texture": "#1"}
			}
		},
		{
			"from": [10.1, 6.1, 8.6],
			"to": [12.1, 7.9, 7.4],
			"light_emission": 15,
			"rotation": {"angle": 0, "axis": "y", "origin": [11, 7.025, 1.1]},
			"faces": {
				"north": {"uv": [10, 8, 11, 9], "texture": "#1"},
				"east": {"uv": [10, 8, 11, 9], "texture": "#1"},
				"south": {"uv": [10, 8, 11, 9], "texture": "#1"}
			}
		},
		{
			"from": [1.9, 8.1, 8.6],
			"to": [2.9, 10.1, 7.4],
			"light_emission": 15,
			"rotation": {"angle": 0, "axis": "y", "origin": [2, 8.025, 1.1]},
			"faces": {
				"north": {"uv": [2, 7, 3, 8], "texture": "#1"},
				"south": {"uv": [2, 7, 3, 8], "texture": "#1"},
				"west": {"uv": [2, 7, 3, 8], "texture": "#1"},
				"up": {"uv": [2, 7, 3, 8], "texture": "#1"}
			}
		},
		{
			"from": [10.1, 7.9, 8.6],
			"to": [11.9, 8.1, 7.4],
			"light_emission": 15,
			"rotation": {"angle": 0, "axis": "y", "origin": [10, 7.025, 1.1]},
			"faces": {
				"north": {"uv": [9, 7, 10, 8], "texture": "#1"},
				"south": {"uv": [9, 7, 10, 8], "texture": "#1"},
				"up": {"uv": [9, 7, 10, 8], "texture": "#1"}
			}
		},
		{
			"from": [4.1, 7.9, 8.6],
			"to": [5.9, 10.1, 7.4],
			"light_emission": 15,
			"rotation": {"angle": 0, "axis": "y", "origin": [5, 9.025, 1.1]},
			"faces": {
				"north": {"uv": [5, 6, 6, 7], "texture": "#1"},
				"south": {"uv": [5, 6, 6, 7], "texture": "#1"},
				"up": {"uv": [5, 6, 6, 7], "texture": "#1"},
				"down": {"uv": [5, 6, 6, 7], "texture": "#1"}
			}
		},
		{
			"from": [8.1, 9.1, 8.6],
			"to": [9.1, 10.1, 7.4],
			"light_emission": 15,
			"rotation": {"angle": 0, "axis": "y", "origin": [8, 9.025, 1.1]},
			"faces": {
				"north": {"uv": [8, 6, 9, 7], "texture": "#1"},
				"east": {"uv": [8, 6, 9, 7], "texture": "#1"},
				"south": {"uv": [8, 6, 9, 7], "texture": "#1"},
				"up": {"uv": [8, 6, 9, 7], "texture": "#1"}
			}
		},
		{
			"from": [9.1, 8.1, 8.6],
			"to": [10.1, 9.1, 7.4],
			"light_emission": 15,
			"rotation": {"angle": 0, "axis": "y", "origin": [9, 8.025, 1.1]},
			"faces": {
				"north": {"uv": [8, 6, 9, 7], "texture": "#1"},
				"east": {"uv": [8, 6, 9, 7], "texture": "#1"},
				"south": {"uv": [8, 6, 9, 7], "texture": "#1"},
				"up": {"uv": [8, 6, 9, 7], "texture": "#1"}
			}
		},
		{
			"from": [2.9, 10.1, 8.6],
			"to": [4.1, 11.1, 7.4],
			"light_emission": 15,
			"rotation": {"angle": 0, "axis": "y", "origin": [3, 10.025, 1.1]},
			"faces": {
				"north": {"uv": [3, 5, 4, 6], "texture": "#1"},
				"east": {"uv": [3, 5, 4, 6], "texture": "#1"},
				"south": {"uv": [3, 5, 4, 6], "texture": "#1"},
				"west": {"uv": [3, 5, 4, 6], "texture": "#1"},
				"up": {"uv": [3, 5, 4, 6], "texture": "#1"}
			}
		},
		{
			"from": [5.9, 10.1, 8.6],
			"to": [8.1, 11.9, 7.4],
			"light_emission": 15,
			"rotation": {"angle": 0, "axis": "y", "origin": [6, 10.025, 1.1]},
			"faces": {
				"north": {"uv": [6, 5, 7, 6], "texture": "#1"},
				"east": {"uv": [6, 5, 7, 6], "texture": "#1"},
				"south": {"uv": [6, 5, 7, 6], "texture": "#1"},
				"west": {"uv": [6, 5, 7, 6], "texture": "#1"}
			}
		},
		{
			"from": [12.1, 7.9, 8.6],
			"to": [13.1, 9.9, 7.4],
			"light_emission": 15,
			"rotation": {"angle": 0, "axis": "y", "origin": [12.1, 8.925, 1.1]},
			"faces": {
				"north": {"uv": [12, 5, 13, 6], "texture": "#1"},
				"east": {"uv": [12, 5, 13, 6], "texture": "#1"},
				"south": {"uv": [12, 5, 13, 6], "texture": "#1"},
				"down": {"uv": [12, 5, 13, 6], "texture": "#1"}
			}
		},
		{
			"from": [9.9, 10.9, 8.6],
			"to": [11.1, 11.9, 7.4],
			"light_emission": 15,
			"rotation": {"angle": 0, "axis": "y", "origin": [10, 11.025, 1.1]},
			"faces": {
				"north": {"uv": [9, 4, 10, 5], "texture": "#1"},
				"east": {"uv": [9, 4, 10, 5], "texture": "#1"},
				"south": {"uv": [9, 4, 10, 5], "texture": "#1"},
				"west": {"uv": [9, 4, 10, 5], "texture": "#1"},
				"down": {"uv": [9, 4, 10, 5], "texture": "#1"}
			}
		},
		{
			"from": [11.1, 11.9, 8.6],
			"to": [12.9, 11.9, 7.4],
			"light_emission": 15,
			"rotation": {"angle": 0, "axis": "y", "origin": [10, 12.025, 1.1]},
			"faces": {
				"north": {"uv": [9, 4, 10, 5], "texture": "#1"},
				"south": {"uv": [9, 4, 10, 5], "texture": "#1"},
				"down": {"uv": [9, 4, 10, 5], "texture": "#1"}
			}
		},
		{
			"from": [13.1, 12.1, 8.6],
			"to": [13.1, 12.9, 7.4],
			"light_emission": 15,
			"rotation": {"angle": 0, "axis": "y", "origin": [10, 12.025, 1.1]},
			"faces": {
				"north": {"uv": [9, 4, 10, 5], "texture": "#1"},
				"east": {"uv": [9, 4, 10, 5], "texture": "#1"},
				"south": {"uv": [9, 4, 10, 5], "texture": "#1"}
			}
		},
		{
			"from": [11.5, 11.5, 8.6],
			"to": [11.5, 11.5, 7.4],
			"light_emission": 15,
			"rotation": {"angle": 0, "axis": "y", "origin": [11, 11.025, 1.1]},
			"faces": {
				"north": {"uv": [11, 4, 12, 5], "texture": "#1"},
				"east": {"uv": [11, 4, 12, 5], "texture": "#1"},
				"south": {"uv": [11, 4, 12, 5], "texture": "#1"},
				"west": {"uv": [11, 4, 12, 5], "texture": "#1"},
				"up": {"uv": [11, 4, 12, 5], "texture": "#1"},
				"down": {"uv": [11, 4, 12, 5], "texture": "#1"}
			}
		},
		{
			"from": [13.1, 9.9, 8.6],
			"to": [14.1, 11.9, 7.4],
			"light_emission": 15,
			"rotation": {"angle": 0, "axis": "y", "origin": [13.1, 9.925, 1.1]},
			"faces": {
				"north": {"uv": [13, 4, 14, 5], "texture": "#1"},
				"east": {"uv": [13, 4, 14, 5], "texture": "#1"},
				"south": {"uv": [13, 4, 14, 5], "texture": "#1"},
				"down": {"uv": [13, 4, 14, 5], "texture": "#1"}
			}
		},
		{
			"from": [4.9, 11.9, 8.6],
			"to": [5.9, 13.1, 7.4],
			"light_emission": 15,
			"rotation": {"angle": 0, "axis": "y", "origin": [5, 12.025, 1.1]},
			"faces": {
				"north": {"uv": [5, 3, 6, 4], "texture": "#1"},
				"south": {"uv": [5, 3, 6, 4], "texture": "#1"},
				"west": {"uv": [5, 3, 6, 4], "texture": "#1"},
				"up": {"uv": [5, 3, 6, 4], "texture": "#1"},
				"down": {"uv": [5, 3, 6, 4], "texture": "#1"}
			}
		},
		{
			"from": [8.1, 11.9, 8.6],
			"to": [9.9, 11.9, 7.4],
			"light_emission": 15,
			"rotation": {"angle": 0, "axis": "y", "origin": [8, 12.025, 1.1]},
			"faces": {
				"north": {"uv": [8, 3, 9, 4], "texture": "#1"},
				"south": {"uv": [8, 3, 9, 4], "texture": "#1"},
				"down": {"uv": [8, 3, 9, 4], "texture": "#1"}
			}
		},
		{
			"from": [14.1, 11.9, 8.6],
			"to": [15.1, 12.9, 7.4],
			"light_emission": 15,
			"rotation": {"angle": 0, "axis": "y", "origin": [14.1, 11.925, 1.1]},
			"faces": {
				"north": {"uv": [14, 3, 15, 4], "texture": "#1"},
				"east": {"uv": [14, 3, 15, 4], "texture": "#1"},
				"south": {"uv": [14, 3, 15, 4], "texture": "#1"},
				"down": {"uv": [14, 3, 15, 4], "texture": "#1"}
			}
		},
		{
			"from": [5.9, 13.1, 8.6],
			"to": [7.9, 14.1, 7.4],
			"light_emission": 15,
			"rotation": {"angle": 0, "axis": "y", "origin": [7, 13.025, 1.1]},
			"faces": {
				"north": {"uv": [7, 2, 8, 3], "texture": "#1"},
				"south": {"uv": [7, 2, 8, 3], "texture": "#1"},
				"west": {"uv": [7, 2, 8, 3], "texture": "#1"},
				"up": {"uv": [7, 2, 8, 3], "texture": "#1"}
			}
		},
		{
			"from": [15.1, 12.9, 8.6],
			"to": [16.1, 16.1, 7.4],
			"light_emission": 15,
			"rotation": {"angle": 0, "axis": "y", "origin": [15, 13.025, 1.1]},
			"faces": {
				"north": {"uv": [15, 2, 16, 3], "texture": "#1"},
				"east": {"uv": [15, 2, 16, 3], "texture": "#1"},
				"south": {"uv": [15, 2, 16, 3], "texture": "#1"},
				"up": {"uv": [15, 2, 16, 3], "texture": "#1"},
				"down": {"uv": [15, 2, 16, 3], "texture": "#1"}
			}
		},
		{
			"from": [13.1, 12.9, 8.6],
			"to": [13.9, 14.1, 7.4],
			"light_emission": 15,
			"rotation": {"angle": 0, "axis": "y", "origin": [13, 13.025, 1.1]},
			"faces": {
				"north": {"uv": [13, 2, 14, 3], "texture": "#1"},
				"south": {"uv": [13, 2, 14, 3], "texture": "#1"},
				"down": {"uv": [13, 2, 14, 3], "texture": "#1"}
			}
		},
		{
			"from": [7.9, 14.1, 8.6],
			"to": [8.9, 15.1, 7.4],
			"light_emission": 15,
			"rotation": {"angle": 0, "axis": "y", "origin": [8, 14.025, 1.1]},
			"faces": {
				"north": {"uv": [8, 1, 9, 2], "texture": "#1"},
				"south": {"uv": [8, 1, 9, 2], "texture": "#1"},
				"west": {"uv": [8, 1, 9, 2], "texture": "#1"}
			}
		},
		{
			"from": [9.1, 15.1, 8.6],
			"to": [13.9, 15.1, 7.4],
			"light_emission": 15,
			"rotation": {"angle": 0, "axis": "y", "origin": [13, 14.025, 1.1]},
			"faces": {
				"north": {"uv": [13, 1, 14, 2], "texture": "#1"},
				"south": {"uv": [13, 1, 14, 2], "texture": "#1"},
				"up": {"uv": [13, 1, 14, 2], "texture": "#1"}
			}
		},
		{
			"from": [7.9, 15.1, 8.6],
			"to": [9.1, 16.1, 7.4],
			"light_emission": 15,
			"rotation": {"angle": 0, "axis": "y", "origin": [8, 15.025, 1.1]},
			"faces": {
				"north": {"uv": [9, 0, 10, 1], "texture": "#1"},
				"east": {"uv": [9, 0, 10, 1], "texture": "#1"},
				"south": {"uv": [9, 0, 10, 1], "texture": "#1"},
				"west": {"uv": [9, 0, 10, 1], "texture": "#1"},
				"up": {"uv": [9, 0, 10, 1], "texture": "#1"}
			}
		},
		{
			"from": [13.9, 15.1, 8.6],
			"to": [15.1, 16.1, 7.4],
			"light_emission": 15,
			"rotation": {"angle": 0, "axis": "y", "origin": [14, 15.025, 1.1]},
			"faces": {
				"north": {"uv": [14, 0, 15, 1], "texture": "#1"},
				"south": {"uv": [14, 0, 15, 1], "texture": "#1"},
				"west": {"uv": [14, 0, 15, 1], "texture": "#1"},
				"up": {"uv": [14, 0, 15, 1], "texture": "#1"}
			}
		}
	],
	"groups": [
		{
			"name": "emissive_1",
			"origin": [12, 15, 0],
			"color": 0,
			"children": [
				0,
				1,
				2,
				3,
				4,
				5,
				6,
				7,
				8,
				9,
				10,
				11,
				12,
				13,
				14,
				15,
				16,
				17,
				18,
				19,
				20,
				21,
				22,
				23,
				24,
				25,
				26,
				27,
				28,
				29,
				30,
				31,
				32,
				33,
				34,
				35,
				36,
				37,
				38,
				39,
				40,
				41,
				42,
				43,
				44,
				45,
				46,
				47,
				48,
				49,
				50,
				51,
				52,
				53,
				54,
				55,
				56,
				57,
				58,
				59,
				60,
				61,
				62,
				63,
				64,
				65,
				66,
				67,
				68,
				69,
				70,
				71,
				72,
				73,
				74,
				75,
				76,
				77,
				78,
				79,
				80,
				81,
				82,
				83
			]
		}
	]
}