{
	"parent": "item/shovel_display",
	"textures": {
		"1": "item/enchanted_tool_overlays/enchantment_outline",
		"particle": "./item/shovel",
		"shovel": "./item/shovel"
	},
	"elements": [
		{
			"name": "shovel_0",
			"from": [11, 13, 7.5],
			"to": [14, 14, 8.5],
			"faces": {
				"north": {"uv": [14, 2, 11, 3], "texture": "#shovel"},
				"east": {"uv": [13, 2, 14, 3], "texture": "#shovel"},
				"south": {"uv": [11, 2, 14, 3], "texture": "#shovel"},
				"west": {"uv": [11, 2, 12, 3], "texture": "#shovel"},
				"up": {"uv": [11, 2, 14, 3], "texture": "#shovel"}
			}
		},
		{
			"name": "shovel_1",
			"from": [9, 9, 7.5],
			"to": [10, 12, 8.5],
			"faces": {
				"north": {"uv": [9, 4, 10, 7], "texture": "#shovel"},
				"east": {"uv": [9, 4, 10, 7], "texture": "#shovel"},
				"south": {"uv": [9, 4, 10, 7], "texture": "#shovel"},
				"west": {"uv": [9, 4, 10, 7], "texture": "#shovel"},
				"up": {"uv": [9, 4, 10, 5], "texture": "#shovel"}
			}
		},
		{
			"name": "shovel_2",
			"from": [8, 10, 7.5],
			"to": [9, 11, 8.5],
			"faces": {
				"north": {"uv": [8, 6, 9, 5], "rotation": 180, "texture": "#shovel"},
				"south": {"uv": [8, 5, 9, 6], "texture": "#shovel"},
				"west": {"uv": [8, 5, 9, 6], "texture": "#shovel"},
				"up": {"uv": [9, 5, 8, 6], "rotation": 180, "texture": "#shovel"},
				"down": {"uv": [8, 5, 9, 6], "texture": "#shovel"}
			}
		},
		{
			"name": "shovel_3",
			"from": [10, 10, 7.5],
			"to": [15, 13, 8.5],
			"faces": {
				"north": {"uv": [15, 3, 10, 6], "texture": "#shovel"},
				"east": {"uv": [14, 3, 15, 6], "texture": "#shovel"},
				"south": {"uv": [10, 3, 15, 6], "texture": "#shovel"},
				"west": {"uv": [10, 3, 11, 6], "texture": "#shovel"},
				"up": {"uv": [10, 3, 15, 4], "texture": "#shovel"},
				"down": {"uv": [10, 5, 15, 6], "texture": "#shovel"}
			}
		},
		{
			"name": "shovel_4",
			"from": [13, 9, 7.5],
			"to": [14, 10, 8.5],
			"faces": {
				"north": {"uv": [13, 7, 14, 6], "rotation": 180, "texture": "#shovel"},
				"east": {"uv": [13, 6, 14, 7], "texture": "#shovel"},
				"south": {"uv": [13, 6, 14, 7], "texture": "#shovel"},
				"west": {"uv": [13, 6, 14, 7], "texture": "#shovel"},
				"up": {"uv": [14, 6, 13, 7], "rotation": 180, "texture": "#shovel"},
				"down": {"uv": [13, 6, 14, 7], "texture": "#shovel"}
			}
		},
		{
			"name": "shovel_5",
			"from": [8, 8, 7.5],
			"to": [10, 9, 8.5],
			"faces": {
				"north": {"uv": [10, 7, 8, 8], "texture": "#shovel"},
				"south": {"uv": [8, 7, 10, 8], "texture": "#shovel"},
				"west": {"uv": [8, 7, 9, 8], "texture": "#shovel"},
				"up": {"uv": [8, 7, 10, 8], "texture": "#shovel"}
			}
		},
		{
			"name": "shovel_6",
			"from": [10, 8, 7.5],
			"to": [13, 10, 8.5],
			"faces": {
				"north": {"uv": [13, 6, 10, 8], "texture": "#shovel"},
				"east": {"uv": [12, 6, 13, 8], "texture": "#shovel"},
				"south": {"uv": [10, 6, 13, 8], "texture": "#shovel"},
				"down": {"uv": [10, 7, 13, 8], "texture": "#shovel"}
			}
		},
		{
			"name": "shovel_7",
			"from": [7, 7, 7.5],
			"to": [10, 8, 8.5],
			"faces": {
				"north": {"uv": [10, 8, 7, 9], "texture": "#shovel"},
				"east": {"uv": [9, 8, 10, 9], "texture": "#shovel"},
				"south": {"uv": [7, 8, 10, 9], "texture": "#shovel"},
				"west": {"uv": [7, 8, 8, 9], "texture": "#shovel"},
				"up": {"uv": [7, 8, 10, 9], "texture": "#shovel"},
				"down": {"uv": [7, 8, 10, 9], "texture": "#shovel"}
			}
		},
		{
			"name": "shovel_8",
			"from": [11, 7, 7.5],
			"to": [12, 8, 8.5],
			"faces": {
				"north": {"uv": [11, 9, 12, 8], "rotation": 180, "texture": "#shovel"},
				"east": {"uv": [11, 8, 12, 9], "texture": "#shovel"},
				"south": {"uv": [11, 8, 12, 9], "texture": "#shovel"},
				"west": {"uv": [11, 8, 12, 9], "texture": "#shovel"},
				"down": {"uv": [11, 8, 12, 9], "texture": "#shovel"}
			}
		},
		{
			"name": "shovel_9",
			"from": [6, 6, 7.5],
			"to": [9, 7, 8.5],
			"faces": {
				"north": {"uv": [9, 9, 6, 10], "texture": "#shovel"},
				"east": {"uv": [8, 9, 9, 10], "texture": "#shovel"},
				"south": {"uv": [6, 9, 9, 10], "texture": "#shovel"},
				"west": {"uv": [6, 9, 7, 10], "texture": "#shovel"},
				"up": {"uv": [6, 9, 9, 10], "texture": "#shovel"},
				"down": {"uv": [6, 9, 9, 10], "texture": "#shovel"}
			}
		},
		{
			"name": "shovel_10",
			"from": [5, 5, 7.5],
			"to": [8, 6, 8.5],
			"faces": {
				"north": {"uv": [5, 11, 8, 10], "rotation": 180, "texture": "#shovel"},
				"east": {"uv": [7, 10, 8, 11], "texture": "#shovel"},
				"south": {"uv": [5, 10, 8, 11], "texture": "#shovel"},
				"west": {"uv": [5, 10, 6, 11], "texture": "#shovel"},
				"up": {"uv": [8, 10, 5, 11], "rotation": 180, "texture": "#shovel"},
				"down": {"uv": [5, 10, 8, 11], "texture": "#shovel"}
			}
		},
		{
			"name": "shovel_11",
			"from": [4, 4, 7.5],
			"to": [7, 5, 8.5],
			"faces": {
				"north": {"uv": [7, 11, 4, 12], "texture": "#shovel"},
				"east": {"uv": [6, 11, 7, 12], "texture": "#shovel"},
				"south": {"uv": [4, 11, 7, 12], "texture": "#shovel"},
				"west": {"uv": [4, 11, 5, 12], "texture": "#shovel"},
				"up": {"uv": [4, 11, 7, 12], "texture": "#shovel"},
				"down": {"uv": [4, 11, 7, 12], "texture": "#shovel"}
			}
		},
		{
			"name": "shovel_12",
			"from": [5, 3, 7.5],
			"to": [6, 4, 8.5],
			"faces": {
				"north": {"uv": [5, 13, 6, 12], "rotation": 180, "texture": "#shovel"},
				"east": {"uv": [5, 12, 6, 13], "texture": "#shovel"},
				"south": {"uv": [5, 12, 6, 13], "texture": "#shovel"},
				"down": {"uv": [5, 12, 6, 13], "texture": "#shovel"}
			}
		},
		{
			"name": "shovel_13",
			"from": [2, 2, 7.5],
			"to": [5, 4, 8.5],
			"faces": {
				"north": {"uv": [5, 12, 2, 14], "texture": "#shovel"},
				"east": {"uv": [4, 12, 5, 14], "texture": "#shovel"},
				"south": {"uv": [2, 12, 5, 14], "texture": "#shovel"},
				"west": {"uv": [2, 12, 3, 14], "texture": "#shovel"},
				"up": {"uv": [2, 12, 5, 13], "texture": "#shovel"},
				"down": {"uv": [2, 13, 5, 14], "texture": "#shovel"}
			}
		},
		{
			"name": "shovel_14",
			"from": [3, 1, 7.5],
			"to": [5, 2, 8.5],
			"faces": {
				"north": {"uv": [3, 14, 5, 15], "texture": "#shovel"},
				"east": {"uv": [4, 14, 5, 15], "texture": "#shovel"},
				"south": {"uv": [3, 14, 5, 15], "texture": "#shovel"},
				"west": {"uv": [3, 14, 4, 15], "texture": "#shovel"},
				"down": {"uv": [3, 14, 5, 15], "texture": "#shovel"}
			}
		},
		{
			"from": [2.925, 0.925, 8.6],
			"to": [5.125, 1.925, 7.4],
			"light_emission": 15,
			"rotation": {"angle": 0, "axis": "y", "origin": [3.025, 1.025, 3.3]},
			"faces": {
				"north": {"uv": [3, 14, 4, 15], "texture": "#1"},
				"east": {"uv": [3, 14, 4, 15], "texture": "#1"},
				"south": {"uv": [3, 14, 4, 15], "texture": "#1"},
				"west": {"uv": [3, 14, 4, 15], "texture": "#1"},
				"up": {"uv": [0, 0, 1, 1], "texture": "#1"},
				"down": {"uv": [3, 14, 4, 15], "texture": "#1"}
			}
		},
		{
			"from": [1.925, 1.925, 8.6],
			"to": [2.925, 4.125, 7.4],
			"light_emission": 15,
			"rotation": {"angle": 0, "axis": "y", "origin": [2.025, 2.025, 3.3]},
			"faces": {
				"north": {"uv": [2, 13, 3, 14], "texture": "#1"},
				"east": {"uv": [0, 0, 1, 1], "texture": "#1"},
				"south": {"uv": [2, 13, 3, 14], "texture": "#1"},
				"west": {"uv": [2, 13, 3, 14], "texture": "#1"},
				"up": {"uv": [2, 13, 3, 14], "texture": "#1"},
				"down": {"uv": [2, 13, 3, 14], "texture": "#1"}
			}
		},
		{
			"from": [4.125, 1.925, 8.6],
			"to": [5.125, 2.925, 7.4],
			"light_emission": 15,
			"rotation": {"angle": 0, "axis": "y", "origin": [4.025, 2.025, 3.3]},
			"faces": {
				"north": {"uv": [4, 13, 5, 14], "texture": "#1"},
				"east": {"uv": [4, 13, 5, 14], "texture": "#1"},
				"south": {"uv": [4, 13, 5, 14], "texture": "#1"},
				"west": {"uv": [0, 0, 1, 1], "texture": "#1"},
				"up": {"uv": [0, 0, 1, 1], "texture": "#1"},
				"down": {"uv": [0, 0, 1, 1], "texture": "#1"}
			}
		},
		{
			"from": [2.925, 3.125, 8.6],
			"to": [3.925, 4.125, 7.4],
			"light_emission": 15,
			"rotation": {"angle": 0, "axis": "y", "origin": [3.025, 3.025, 3.3]},
			"faces": {
				"north": {"uv": [3, 12, 4, 13], "texture": "#1"},
				"east": {"uv": [0, 0, 1, 1], "texture": "#1"},
				"south": {"uv": [3, 12, 4, 13], "texture": "#1"},
				"west": {"uv": [0, 0, 1, 1], "texture": "#1"},
				"up": {"uv": [3, 12, 4, 13], "texture": "#1"},
				"down": {"uv": [0, 0, 1, 1], "texture": "#1"}
			}
		},
		{
			"from": [5.125, 2.925, 8.6],
			"to": [6.125, 3.925, 7.4],
			"light_emission": 15,
			"rotation": {"angle": 0, "axis": "y", "origin": [5.025, 3.025, 3.3]},
			"faces": {
				"north": {"uv": [5, 12, 6, 13], "texture": "#1"},
				"east": {"uv": [5, 12, 6, 13], "texture": "#1"},
				"south": {"uv": [5, 12, 6, 13], "texture": "#1"},
				"west": {"uv": [0, 0, 1, 1], "texture": "#1"},
				"up": {"uv": [0, 0, 1, 1], "texture": "#1"},
				"down": {"uv": [5, 12, 6, 13], "texture": "#1"}
			}
		},
		{
			"from": [3.925, 4.125, 8.6],
			"to": [4.925, 5.125, 7.4],
			"light_emission": 15,
			"rotation": {"angle": 0, "axis": "y", "origin": [4.025, 4.025, 3.3]},
			"faces": {
				"north": {"uv": [4, 11, 5, 12], "texture": "#1"},
				"east": {"uv": [0, 0, 1, 1], "texture": "#1"},
				"south": {"uv": [4, 11, 5, 12], "texture": "#1"},
				"west": {"uv": [4, 11, 5, 12], "texture": "#1"},
				"up": {"uv": [4, 11, 5, 12], "texture": "#1"},
				"down": {"uv": [0, 0, 1, 1], "texture": "#1"}
			}
		},
		{
			"from": [6.125, 3.925, 8.6],
			"to": [7.125, 4.925, 7.4],
			"light_emission": 15,
			"rotation": {"angle": 0, "axis": "y", "origin": [6.025, 4.025, 3.3]},
			"faces": {
				"north": {"uv": [6, 11, 7, 12], "texture": "#1"},
				"east": {"uv": [6, 11, 7, 12], "texture": "#1"},
				"south": {"uv": [6, 11, 7, 12], "texture": "#1"},
				"west": {"uv": [0, 0, 1, 1], "texture": "#1"},
				"up": {"uv": [0, 0, 1, 1], "texture": "#1"},
				"down": {"uv": [6, 11, 7, 12], "texture": "#1"}
			}
		},
		{
			"from": [4.925, 5.125, 8.6],
			"to": [5.925, 6.125, 7.4],
			"light_emission": 15,
			"rotation": {"angle": 0, "axis": "y", "origin": [5.025, 5.025, 3.3]},
			"faces": {
				"north": {"uv": [5, 10, 6, 11], "texture": "#1"},
				"east": {"uv": [0, 0, 1, 1], "texture": "#1"},
				"south": {"uv": [5, 10, 6, 11], "texture": "#1"},
				"west": {"uv": [5, 10, 6, 11], "texture": "#1"},
				"up": {"uv": [5, 10, 6, 11], "texture": "#1"},
				"down": {"uv": [0, 0, 1, 1], "texture": "#1"}
			}
		},
		{
			"from": [7.125, 4.925, 8.6],
			"to": [8.125, 5.925, 7.4],
			"light_emission": 15,
			"rotation": {"angle": 0, "axis": "y", "origin": [7.025, 5.025, 3.3]},
			"faces": {
				"north": {"uv": [7, 10, 8, 11], "texture": "#1"},
				"east": {"uv": [7, 10, 8, 11], "texture": "#1"},
				"south": {"uv": [7, 10, 8, 11], "texture": "#1"},
				"west": {"uv": [0, 0, 1, 1], "texture": "#1"},
				"up": {"uv": [0, 0, 1, 1], "texture": "#1"},
				"down": {"uv": [7, 10, 8, 11], "texture": "#1"}
			}
		},
		{
			"from": [5.925, 6.125, 8.6],
			"to": [6.925, 7.125, 7.4],
			"light_emission": 15,
			"rotation": {"angle": 0, "axis": "y", "origin": [6.025, 6.025, 3.3]},
			"faces": {
				"north": {"uv": [6, 9, 7, 10], "texture": "#1"},
				"east": {"uv": [0, 0, 1, 1], "texture": "#1"},
				"south": {"uv": [6, 9, 7, 10], "texture": "#1"},
				"west": {"uv": [6, 9, 7, 10], "texture": "#1"},
				"up": {"uv": [6, 9, 7, 10], "texture": "#1"},
				"down": {"uv": [0, 0, 1, 1], "texture": "#1"}
			}
		},
		{
			"from": [8.125, 5.925, 8.6],
			"to": [9.125, 6.925, 7.4],
			"light_emission": 15,
			"rotation": {"angle": 0, "axis": "y", "origin": [8.025, 6.025, 3.3]},
			"faces": {
				"north": {"uv": [8, 9, 9, 10], "texture": "#1"},
				"east": {"uv": [8, 9, 9, 10], "texture": "#1"},
				"south": {"uv": [8, 9, 9, 10], "texture": "#1"},
				"west": {"uv": [0, 0, 1, 1], "texture": "#1"},
				"up": {"uv": [0, 0, 1, 1], "texture": "#1"},
				"down": {"uv": [8, 9, 9, 10], "texture": "#1"}
			}
		},
		{
			"from": [6.925, 7.125, 8.6],
			"to": [7.925, 8.125, 7.4],
			"light_emission": 15,
			"rotation": {"angle": 0, "axis": "y", "origin": [7.025, 7.025, 3.3]},
			"faces": {
				"north": {"uv": [7, 8, 8, 9], "texture": "#1"},
				"east": {"uv": [0, 0, 1, 1], "texture": "#1"},
				"south": {"uv": [7, 8, 8, 9], "texture": "#1"},
				"west": {"uv": [7, 8, 8, 9], "texture": "#1"},
				"up": {"uv": [7, 8, 8, 9], "texture": "#1"},
				"down": {"uv": [0, 0, 1, 1], "texture": "#1"}
			}
		},
		{
			"from": [9.125, 6.925, 8.6],
			"to": [10.125, 7.925, 7.4],
			"light_emission": 15,
			"rotation": {"angle": 0, "axis": "y", "origin": [9.025, 7.025, 3.3]},
			"faces": {
				"north": {"uv": [9, 8, 10, 9], "texture": "#1"},
				"east": {"uv": [9, 8, 10, 9], "texture": "#1"},
				"south": {"uv": [9, 8, 10, 9], "texture": "#1"},
				"west": {"uv": [0, 0, 1, 1], "texture": "#1"},
				"up": {"uv": [0, 0, 1, 1], "texture": "#1"},
				"down": {"uv": [9, 8, 10, 9], "texture": "#1"}
			}
		},
		{
			"from": [10.925, 6.925, 8.6],
			"to": [12.125, 7.925, 7.4],
			"light_emission": 15,
			"rotation": {"angle": 0, "axis": "y", "origin": [11.025, 7.025, 3.3]},
			"faces": {
				"north": {"uv": [11, 8, 12, 9], "texture": "#1"},
				"east": {"uv": [11, 8, 12, 9], "texture": "#1"},
				"south": {"uv": [11, 8, 12, 9], "texture": "#1"},
				"west": {"uv": [11, 8, 12, 9], "texture": "#1"},
				"up": {"uv": [0, 0, 1, 1], "texture": "#1"},
				"down": {"uv": [11, 8, 12, 9], "texture": "#1"}
			}
		},
		{
			"from": [7.925, 8.125, 8.6],
			"to": [8.925, 9.125, 7.4],
			"light_emission": 15,
			"rotation": {"angle": 0, "axis": "y", "origin": [8.025, 8.025, 3.3]},
			"faces": {
				"north": {"uv": [8, 7, 9, 8], "texture": "#1"},
				"east": {"uv": [0, 0, 1, 1], "texture": "#1"},
				"south": {"uv": [8, 7, 9, 8], "texture": "#1"},
				"west": {"uv": [8, 7, 9, 8], "texture": "#1"},
				"up": {"uv": [8, 7, 9, 8], "texture": "#1"},
				"down": {"uv": [0, 0, 1, 1], "texture": "#1"}
			}
		},
		{
			"from": [10.125, 7.925, 8.6],
			"to": [10.925, 8.925, 7.4],
			"light_emission": 15,
			"rotation": {"angle": 0, "axis": "y", "origin": [10.025, 8.025, 3.3]},
			"faces": {
				"north": {"uv": [10, 7, 11, 8], "texture": "#1"},
				"east": {"uv": [0, 0, 1, 1], "texture": "#1"},
				"south": {"uv": [10, 7, 11, 8], "texture": "#1"},
				"west": {"uv": [0, 0, 1, 1], "texture": "#1"},
				"up": {"uv": [0, 0, 1, 1], "texture": "#1"},
				"down": {"uv": [10, 7, 11, 8], "texture": "#1"}
			}
		},
		{
			"from": [12.125, 7.925, 8.6],
			"to": [13.125, 8.925, 7.4],
			"light_emission": 15,
			"rotation": {"angle": 0, "axis": "y", "origin": [12.025, 8.025, 3.3]},
			"faces": {
				"north": {"uv": [12, 7, 13, 8], "texture": "#1"},
				"east": {"uv": [12, 7, 13, 8], "texture": "#1"},
				"south": {"uv": [12, 7, 13, 8], "texture": "#1"},
				"west": {"uv": [0, 0, 1, 1], "texture": "#1"},
				"up": {"uv": [0, 0, 1, 1], "texture": "#1"},
				"down": {"uv": [12, 7, 13, 8], "texture": "#1"}
			}
		},
		{
			"from": [8.925, 9.125, 8.6],
			"to": [9.925, 9.925, 7.4],
			"light_emission": 15,
			"rotation": {"angle": 0, "axis": "y", "origin": [9.025, 9.025, 3.3]},
			"faces": {
				"north": {"uv": [9, 6, 10, 7], "texture": "#1"},
				"east": {"uv": [0, 0, 1, 1], "texture": "#1"},
				"south": {"uv": [9, 6, 10, 7], "texture": "#1"},
				"west": {"uv": [9, 6, 10, 7], "texture": "#1"},
				"up": {"uv": [0, 0, 1, 1], "texture": "#1"},
				"down": {"uv": [0, 0, 1, 1], "texture": "#1"}
			}
		},
		{
			"from": [13.125, 8.925, 8.6],
			"to": [14.125, 9.925, 7.4],
			"light_emission": 15,
			"rotation": {"angle": 0, "axis": "y", "origin": [13.025, 9.025, 3.3]},
			"faces": {
				"north": {"uv": [13, 6, 14, 7], "texture": "#1"},
				"east": {"uv": [13, 6, 14, 7], "texture": "#1"},
				"south": {"uv": [13, 6, 14, 7], "texture": "#1"},
				"west": {"uv": [0, 0, 1, 1], "texture": "#1"},
				"up": {"uv": [0, 0, 1, 1], "texture": "#1"},
				"down": {"uv": [13, 6, 14, 7], "texture": "#1"}
			}
		},
		{
			"from": [7.925, 9.925, 8.6],
			"to": [8.925, 11.125, 7.4],
			"light_emission": 15,
			"rotation": {"angle": 0, "axis": "y", "origin": [8.025, 10.025, 3.3]},
			"faces": {
				"north": {"uv": [8, 5, 9, 6], "texture": "#1"},
				"east": {"uv": [0, 0, 1, 1], "texture": "#1"},
				"south": {"uv": [8, 5, 9, 6], "texture": "#1"},
				"west": {"uv": [8, 5, 9, 6], "texture": "#1"},
				"up": {"uv": [8, 5, 9, 6], "texture": "#1"},
				"down": {"uv": [8, 5, 9, 6], "texture": "#1"}
			}
		},
		{
			"from": [14.125, 9.925, 8.6],
			"to": [15.125, 13.125, 7.4],
			"light_emission": 15,
			"rotation": {"angle": 0, "axis": "y", "origin": [14.025, 10.025, 3.3]},
			"faces": {
				"north": {"uv": [14, 5, 15, 6], "texture": "#1"},
				"east": {"uv": [14, 5, 15, 6], "texture": "#1"},
				"south": {"uv": [14, 5, 15, 6], "texture": "#1"},
				"west": {"uv": [0, 0, 1, 1], "texture": "#1"},
				"up": {"uv": [14, 5, 15, 6], "texture": "#1"},
				"down": {"uv": [14, 5, 15, 6], "texture": "#1"}
			}
		},
		{
			"from": [10.925, 9.925, 8.6],
			"to": [14.125, 13.125, 7.4],
			"light_emission": 15,
			"rotation": {"angle": 0, "axis": "y", "origin": [13.025, 10.025, 3.3]},
			"faces": {
				"north": {"uv": [14, 5, 15, 6], "texture": "#1"},
				"east": {"uv": [0, 0, 1, 1], "texture": "#1"},
				"south": {"uv": [14, 5, 15, 6], "texture": "#1"},
				"west": {"uv": [0, 0, 1, 1], "texture": "#1"},
				"up": {"uv": [0, 0, 1, 1], "texture": "#1"},
				"down": {"uv": [0, 0, 1, 1], "texture": "#1"}
			}
		},
		{
			"from": [9.925, 8.925, 8.6],
			"to": [10.925, 9.925, 7.4],
			"light_emission": 15,
			"rotation": {"angle": 0, "axis": "y", "origin": [12.025, 9.025, 3.3]},
			"faces": {
				"north": {"uv": [14, 5, 15, 6], "texture": "#1"},
				"east": {"uv": [0, 0, 1, 1], "texture": "#1"},
				"south": {"uv": [14, 5, 15, 6], "texture": "#1"},
				"west": {"uv": [0, 0, 1, 1], "texture": "#1"},
				"up": {"uv": [0, 0, 1, 1], "texture": "#1"},
				"down": {"uv": [0, 0, 1, 1], "texture": "#1"}
			}
		},
		{
			"from": [8.925, 7.925, 8.6],
			"to": [10.125, 8.925, 7.4],
			"light_emission": 15,
			"rotation": {"angle": 0, "axis": "y", "origin": [11.025, 8.025, 3.3]},
			"faces": {
				"north": {"uv": [14, 5, 15, 6], "texture": "#1"},
				"east": {"uv": [0, 0, 1, 1], "texture": "#1"},
				"south": {"uv": [14, 5, 15, 6], "texture": "#1"},
				"west": {"uv": [0, 0, 1, 1], "texture": "#1"},
				"up": {"uv": [0, 0, 1, 1], "texture": "#1"},
				"down": {"uv": [0, 0, 1, 1], "texture": "#1"}
			}
		},
		{
			"from": [8.925, 8.925, 8.6],
			"to": [9.925, 9.125, 7.4],
			"light_emission": 15,
			"rotation": {"angle": 0, "axis": "y", "origin": [11.025, 8.225, 3.3]},
			"faces": {
				"north": {"uv": [14, 5, 15, 6], "texture": "#1"},
				"east": {"uv": [0, 0, 1, 1], "texture": "#1"},
				"south": {"uv": [14, 5, 15, 6], "texture": "#1"},
				"west": {"uv": [0, 0, 1, 1], "texture": "#1"},
				"up": {"uv": [0, 0, 1, 1], "texture": "#1"},
				"down": {"uv": [0, 0, 1, 1], "texture": "#1"}
			}
		},
		{
			"from": [7.925, 7.925, 8.6],
			"to": [8.925, 8.125, 7.4],
			"light_emission": 15,
			"rotation": {"angle": 0, "axis": "y", "origin": [10.025, 7.225, 3.3]},
			"faces": {
				"north": {"uv": [14, 5, 15, 6], "texture": "#1"},
				"east": {"uv": [0, 0, 1, 1], "texture": "#1"},
				"south": {"uv": [14, 5, 15, 6], "texture": "#1"},
				"west": {"uv": [0, 0, 1, 1], "texture": "#1"},
				"up": {"uv": [0, 0, 1, 1], "texture": "#1"},
				"down": {"uv": [0, 0, 1, 1], "texture": "#1"}
			}
		},
		{
			"from": [7.925, 6.925, 8.6],
			"to": [9.125, 7.925, 7.4],
			"light_emission": 15,
			"rotation": {"angle": 0, "axis": "y", "origin": [10.025, 7.025, 3.3]},
			"faces": {
				"north": {"uv": [14, 5, 15, 6], "texture": "#1"},
				"east": {"uv": [0, 0, 1, 1], "texture": "#1"},
				"south": {"uv": [14, 5, 15, 6], "texture": "#1"},
				"west": {"uv": [0, 0, 1, 1], "texture": "#1"},
				"up": {"uv": [0, 0, 1, 1], "texture": "#1"},
				"down": {"uv": [0, 0, 1, 1], "texture": "#1"}
			}
		},
		{
			"from": [5.925, 5.925, 8.6],
			"to": [6.925, 6.125, 7.4],
			"light_emission": 15,
			"rotation": {"angle": 0, "axis": "y", "origin": [8.025, 5.225, 3.3]},
			"faces": {
				"north": {"uv": [14, 5, 15, 6], "texture": "#1"},
				"east": {"uv": [0, 0, 1, 1], "texture": "#1"},
				"south": {"uv": [14, 5, 15, 6], "texture": "#1"},
				"west": {"uv": [0, 0, 1, 1], "texture": "#1"},
				"up": {"uv": [0, 0, 1, 1], "texture": "#1"},
				"down": {"uv": [0, 0, 1, 1], "texture": "#1"}
			}
		},
		{
			"from": [5.925, 4.925, 8.6],
			"to": [7.125, 5.925, 7.4],
			"light_emission": 15,
			"rotation": {"angle": 0, "axis": "y", "origin": [8.025, 5.025, 3.3]},
			"faces": {
				"north": {"uv": [14, 5, 15, 6], "texture": "#1"},
				"east": {"uv": [0, 0, 1, 1], "texture": "#1"},
				"south": {"uv": [14, 5, 15, 6], "texture": "#1"},
				"west": {"uv": [0, 0, 1, 1], "texture": "#1"},
				"up": {"uv": [0, 0, 1, 1], "texture": "#1"},
				"down": {"uv": [0, 0, 1, 1], "texture": "#1"}
			}
		},
		{
			"from": [6.925, 5.925, 8.6],
			"to": [8.125, 6.925, 7.4],
			"light_emission": 15,
			"rotation": {"angle": 0, "axis": "y", "origin": [9.025, 6.025, 3.3]},
			"faces": {
				"north": {"uv": [14, 5, 15, 6], "texture": "#1"},
				"east": {"uv": [0, 0, 1, 1], "texture": "#1"},
				"south": {"uv": [14, 5, 15, 6], "texture": "#1"},
				"west": {"uv": [0, 0, 1, 1], "texture": "#1"},
				"up": {"uv": [0, 0, 1, 1], "texture": "#1"},
				"down": {"uv": [0, 0, 1, 1], "texture": "#1"}
			}
		},
		{
			"from": [6.925, 6.925, 8.6],
			"to": [7.925, 7.125, 7.4],
			"light_emission": 15,
			"rotation": {"angle": 0, "axis": "y", "origin": [9.025, 6.225, 3.3]},
			"faces": {
				"north": {"uv": [14, 5, 15, 6], "texture": "#1"},
				"east": {"uv": [0, 0, 1, 1], "texture": "#1"},
				"south": {"uv": [14, 5, 15, 6], "texture": "#1"},
				"west": {"uv": [0, 0, 1, 1], "texture": "#1"},
				"up": {"uv": [0, 0, 1, 1], "texture": "#1"},
				"down": {"uv": [0, 0, 1, 1], "texture": "#1"}
			}
		},
		{
			"from": [2.925, 2.925, 8.6],
			"to": [3.925, 3.125, 7.4],
			"light_emission": 15,
			"rotation": {"angle": 0, "axis": "y", "origin": [5.025, 2.225, 3.3]},
			"faces": {
				"north": {"uv": [14, 5, 15, 6], "texture": "#1"},
				"east": {"uv": [0, 0, 1, 1], "texture": "#1"},
				"south": {"uv": [14, 5, 15, 6], "texture": "#1"},
				"west": {"uv": [0, 0, 1, 1], "texture": "#1"},
				"up": {"uv": [0, 0, 1, 1], "texture": "#1"},
				"down": {"uv": [0, 0, 1, 1], "texture": "#1"}
			}
		},
		{
			"from": [2.925, 1.925, 8.6],
			"to": [4.125, 2.925, 7.4],
			"light_emission": 15,
			"rotation": {"angle": 0, "axis": "y", "origin": [5.025, 2.025, 3.3]},
			"faces": {
				"north": {"uv": [14, 5, 15, 6], "texture": "#1"},
				"east": {"uv": [0, 0, 1, 1], "texture": "#1"},
				"south": {"uv": [14, 5, 15, 6], "texture": "#1"},
				"west": {"uv": [0, 0, 1, 1], "texture": "#1"},
				"up": {"uv": [0, 0, 1, 1], "texture": "#1"},
				"down": {"uv": [0, 0, 1, 1], "texture": "#1"}
			}
		},
		{
			"from": [3.925, 2.925, 8.6],
			"to": [5.125, 3.925, 7.4],
			"light_emission": 15,
			"rotation": {"angle": 0, "axis": "y", "origin": [6.025, 3.025, 3.3]},
			"faces": {
				"north": {"uv": [14, 5, 15, 6], "texture": "#1"},
				"east": {"uv": [0, 0, 1, 1], "texture": "#1"},
				"south": {"uv": [14, 5, 15, 6], "texture": "#1"},
				"west": {"uv": [0, 0, 1, 1], "texture": "#1"},
				"up": {"uv": [0, 0, 1, 1], "texture": "#1"},
				"down": {"uv": [0, 0, 1, 1], "texture": "#1"}
			}
		},
		{
			"from": [3.925, 3.925, 8.6],
			"to": [4.925, 4.125, 7.4],
			"light_emission": 15,
			"rotation": {"angle": 0, "axis": "y", "origin": [6.025, 3.225, 3.3]},
			"faces": {
				"north": {"uv": [14, 5, 15, 6], "texture": "#1"},
				"east": {"uv": [0, 0, 1, 1], "texture": "#1"},
				"south": {"uv": [14, 5, 15, 6], "texture": "#1"},
				"west": {"uv": [0, 0, 1, 1], "texture": "#1"},
				"up": {"uv": [0, 0, 1, 1], "texture": "#1"},
				"down": {"uv": [0, 0, 1, 1], "texture": "#1"}
			}
		},
		{
			"from": [4.925, 3.925, 8.6],
			"to": [6.125, 4.925, 7.4],
			"light_emission": 15,
			"rotation": {"angle": 0, "axis": "y", "origin": [7.025, 4.025, 3.3]},
			"faces": {
				"north": {"uv": [14, 5, 15, 6], "texture": "#1"},
				"east": {"uv": [0, 0, 1, 1], "texture": "#1"},
				"south": {"uv": [14, 5, 15, 6], "texture": "#1"},
				"west": {"uv": [0, 0, 1, 1], "texture": "#1"},
				"up": {"uv": [0, 0, 1, 1], "texture": "#1"},
				"down": {"uv": [0, 0, 1, 1], "texture": "#1"}
			}
		},
		{
			"from": [4.925, 4.925, 8.6],
			"to": [5.925, 5.125, 7.4],
			"light_emission": 15,
			"rotation": {"angle": 0, "axis": "y", "origin": [7.025, 4.225, 3.3]},
			"faces": {
				"north": {"uv": [14, 5, 15, 6], "texture": "#1"},
				"east": {"uv": [0, 0, 1, 1], "texture": "#1"},
				"south": {"uv": [14, 5, 15, 6], "texture": "#1"},
				"west": {"uv": [0, 0, 1, 1], "texture": "#1"},
				"up": {"uv": [0, 0, 1, 1], "texture": "#1"},
				"down": {"uv": [0, 0, 1, 1], "texture": "#1"}
			}
		},
		{
			"from": [9.925, 9.925, 8.6],
			"to": [10.925, 12.125, 7.4],
			"light_emission": 15,
			"rotation": {"angle": 0, "axis": "y", "origin": [12.025, 10.025, 3.3]},
			"faces": {
				"north": {"uv": [14, 5, 15, 6], "texture": "#1"},
				"east": {"uv": [0, 0, 1, 1], "texture": "#1"},
				"south": {"uv": [14, 5, 15, 6], "texture": "#1"},
				"west": {"uv": [0, 0, 1, 1], "texture": "#1"},
				"up": {"uv": [0, 0, 1, 1], "texture": "#1"},
				"down": {"uv": [0, 0, 1, 1], "texture": "#1"}
			}
		},
		{
			"from": [8.925, 9.925, 8.6],
			"to": [9.925, 11.125, 7.4],
			"light_emission": 15,
			"rotation": {"angle": 0, "axis": "y", "origin": [11.025, 10.025, 3.3]},
			"faces": {
				"north": {"uv": [14, 5, 15, 6], "texture": "#1"},
				"east": {"uv": [0, 0, 1, 1], "texture": "#1"},
				"south": {"uv": [14, 5, 15, 6], "texture": "#1"},
				"west": {"uv": [0, 0, 1, 1], "texture": "#1"},
				"up": {"uv": [0, 0, 1, 1], "texture": "#1"},
				"down": {"uv": [0, 0, 1, 1], "texture": "#1"}
			}
		},
		{
			"from": [10.925, 8.925, 8.6],
			"to": [13.125, 9.925, 7.4],
			"light_emission": 15,
			"rotation": {"angle": 0, "axis": "y", "origin": [13.025, 9.025, 3.3]},
			"faces": {
				"north": {"uv": [14, 5, 15, 6], "texture": "#1"},
				"east": {"uv": [0, 0, 1, 1], "texture": "#1"},
				"south": {"uv": [14, 5, 15, 6], "texture": "#1"},
				"west": {"uv": [0, 0, 1, 1], "texture": "#1"},
				"up": {"uv": [0, 0, 1, 1], "texture": "#1"},
				"down": {"uv": [0, 0, 1, 1], "texture": "#1"}
			}
		},
		{
			"from": [10.925, 7.925, 8.6],
			"to": [12.125, 8.925, 7.4],
			"light_emission": 15,
			"rotation": {"angle": 0, "axis": "y", "origin": [13.025, 8.025, 3.3]},
			"faces": {
				"north": {"uv": [14, 5, 15, 6], "texture": "#1"},
				"east": {"uv": [0, 0, 1, 1], "texture": "#1"},
				"south": {"uv": [14, 5, 15, 6], "texture": "#1"},
				"west": {"uv": [0, 0, 1, 1], "texture": "#1"},
				"up": {"uv": [0, 0, 1, 1], "texture": "#1"},
				"down": {"uv": [0, 0, 1, 1], "texture": "#1"}
			}
		},
		{
			"from": [8.925, 11.125, 8.6],
			"to": [9.925, 12.125, 7.4],
			"light_emission": 15,
			"rotation": {"angle": 0, "axis": "y", "origin": [9.025, 11.025, 3.3]},
			"faces": {
				"north": {"uv": [9, 4, 10, 5], "texture": "#1"},
				"east": {"uv": [0, 0, 1, 1], "texture": "#1"},
				"south": {"uv": [9, 4, 10, 5], "texture": "#1"},
				"west": {"uv": [9, 4, 10, 5], "texture": "#1"},
				"up": {"uv": [9, 4, 10, 5], "texture": "#1"},
				"down": {"uv": [0, 0, 1, 1], "texture": "#1"}
			}
		},
		{
			"from": [9.925, 12.125, 8.6],
			"to": [10.925, 13.125, 7.4],
			"light_emission": 15,
			"rotation": {"angle": 0, "axis": "y", "origin": [10.025, 12.025, 3.3]},
			"faces": {
				"north": {"uv": [10, 3, 11, 4], "texture": "#1"},
				"east": {"uv": [0, 0, 1, 1], "texture": "#1"},
				"south": {"uv": [10, 3, 11, 4], "texture": "#1"},
				"west": {"uv": [10, 3, 11, 4], "texture": "#1"},
				"up": {"uv": [10, 3, 11, 4], "texture": "#1"},
				"down": {"uv": [0, 0, 1, 1], "texture": "#1"}
			}
		},
		{
			"from": [10.925, 13.125, 8.6],
			"to": [14.125, 14.125, 7.4],
			"light_emission": 15,
			"rotation": {"angle": 0, "axis": "y", "origin": [11.025, 13.025, 3.3]},
			"faces": {
				"north": {"uv": [11, 2, 12, 3], "texture": "#1"},
				"east": {"uv": [11, 2, 12, 3], "texture": "#1"},
				"south": {"uv": [11, 2, 12, 3], "texture": "#1"},
				"west": {"uv": [11, 2, 12, 3], "texture": "#1"},
				"up": {"uv": [11, 2, 12, 3], "texture": "#1"},
				"down": {"uv": [0, 0, 1, 1], "texture": "#1"}
			}
		}
	],
	"gui_light": "front",
	"groups": [
		{
			"name": "shovel",
			"origin": [8, 8, 8],
			"color": 0,
			"children": [0, 1, 2, 3, 4, 5, 6, 7, 8, 9, 10, 11, 12, 13, 14]
		},
		{
			"name": "emissive_1",
			"origin": [12, 15, 0],
			"color": 0,
			"children": [15, 16, 17, 18, 19, 20, 21, 22, 23, 24, 25, 26, 27, 28, 29, 30, 31, 32, 33, 34, 35, 36, 37, 38, 39, 40, 41, 42, 43, 44, 45, 46, 47, 48, 49, 50, 51, 52, 53, 54, 55, 56, 57, 58]
		}
	]
}