{
	"parent": "minecraft:item/handheld",
	"credit": "Made with Blockbench",
	"elements": [
		{
			"from": [1.9, 0.9, 8.6],
			"to": [4.1, 3.1, 7.4],
			"light_emission": 15,
			"rotation": {"angle": 0, "axis": "y", "origin": [2, 1, 5.7]},
			"faces": {
				"north": {"uv": [2, 14, 3, 15], "texture": "#glow"},
				"east": {"uv": [0, 0, 1, 2], "texture": "#glow"},
				"south": {"uv": [2, 14, 3, 15], "texture": "#glow"},
				"west": {"uv": [2, 14, 3, 15], "texture": "#glow"},
				"up": {"uv": [0, 1, 2, 2], "texture": "#glow"},
				"down": {"uv": [2, 14, 3, 15], "texture": "#glow"}
			}
		},
		{
			"from": [4.1, 1.9, 8.6],
			"to": [5.1, 2.9, 7.4],
			"light_emission": 15,
			"rotation": {"angle": 0, "axis": "y", "origin": [4, 2, 3.3]},
			"faces": {
				"north": {"uv": [4, 13, 5, 14], "texture": "#glow"},
				"east": {"uv": [4, 13, 5, 14], "texture": "#glow"},
				"south": {"uv": [4, 13, 5, 14], "texture": "#glow"},
				"west": {"uv": [0, 0, 1, 1], "texture": "#glow"},
				"up": {"uv": [0, 0, 1, 1], "texture": "#glow"},
				"down": {"uv": [4, 13, 5, 14], "texture": "#glow"}
			}
		},
		{
			"from": [2.9, 3.1, 8.6],
			"to": [3.9, 4.1, 7.4],
			"light_emission": 15,
			"rotation": {"angle": 0, "axis": "y", "origin": [3, 3, 5.7]},
			"faces": {
				"north": {"uv": [3, 12, 4, 13], "texture": "#glow"},
				"east": {"uv": [0, 0, 1, 1], "texture": "#glow"},
				"south": {"uv": [3, 12, 4, 13], "texture": "#glow"},
				"west": {"uv": [3, 12, 4, 13], "texture": "#glow"},
				"up": {"uv": [3, 12, 4, 13], "texture": "#glow"},
				"down": {"uv": [0, 0, 1, 1], "texture": "#glow"}
			}
		},
		{
			"from": [5.1, 2.9, 8.6],
			"to": [6.1, 3.9, 7.4],
			"light_emission": 15,
			"rotation": {"angle": 0, "axis": "y", "origin": [5, 3, 3.3]},
			"faces": {
				"north": {"uv": [5, 12, 6, 13], "texture": "#glow"},
				"east": {"uv": [5, 12, 6, 13], "texture": "#glow"},
				"south": {"uv": [5, 12, 6, 13], "texture": "#glow"},
				"west": {"uv": [0, 0, 1, 1], "texture": "#glow"},
				"up": {"uv": [0, 0, 1, 1], "texture": "#glow"},
				"down": {"uv": [5, 12, 6, 13], "texture": "#glow"}
			}
		},
		{
			"from": [3.9, 4.1, 8.6],
			"to": [4.9, 5.1, 7.4],
			"light_emission": 15,
			"rotation": {"angle": 0, "axis": "y", "origin": [4, 4, 5.7]},
			"faces": {
				"north": {"uv": [4, 11, 5, 12], "texture": "#glow"},
				"east": {"uv": [0, 0, 1, 1], "texture": "#glow"},
				"south": {"uv": [4, 11, 5, 12], "texture": "#glow"},
				"west": {"uv": [4, 11, 5, 12], "texture": "#glow"},
				"up": {"uv": [4, 11, 5, 12], "texture": "#glow"},
				"down": {"uv": [0, 0, 1, 1], "texture": "#glow"}
			}
		},
		{
			"from": [6.1, 3.9, 8.6],
			"to": [7.1, 4.9, 7.4],
			"light_emission": 15,
			"rotation": {"angle": 0, "axis": "y", "origin": [6, 4, 3.3]},
			"faces": {
				"north": {"uv": [6, 11, 7, 12], "texture": "#glow"},
				"east": {"uv": [6, 11, 7, 12], "texture": "#glow"},
				"south": {"uv": [6, 11, 7, 12], "texture": "#glow"},
				"west": {"uv": [0, 0, 1, 1], "texture": "#glow"},
				"up": {"uv": [0, 0, 1, 1], "texture": "#glow"},
				"down": {"uv": [6, 11, 7, 12], "texture": "#glow"}
			}
		},
		{
			"from": [4.9, 5.1, 8.6],
			"to": [5.9, 6.1, 7.4],
			"light_emission": 15,
			"rotation": {"angle": 0, "axis": "y", "origin": [5, 5, 5.7]},
			"faces": {
				"north": {"uv": [5, 10, 6, 11], "texture": "#glow"},
				"east": {"uv": [0, 0, 1, 1], "texture": "#glow"},
				"south": {"uv": [5, 10, 6, 11], "texture": "#glow"},
				"west": {"uv": [5, 10, 6, 11], "texture": "#glow"},
				"up": {"uv": [5, 10, 6, 11], "texture": "#glow"},
				"down": {"uv": [0, 0, 1, 1], "texture": "#glow"}
			}
		},
		{
			"from": [7.1, 4.9, 8.6],
			"to": [8.1, 5.9, 7.4],
			"light_emission": 15,
			"rotation": {"angle": 0, "axis": "y", "origin": [7, 5, 3.3]},
			"faces": {
				"north": {"uv": [7, 10, 8, 11], "texture": "#glow"},
				"east": {"uv": [7, 10, 8, 11], "texture": "#glow"},
				"south": {"uv": [7, 10, 8, 11], "texture": "#glow"},
				"west": {"uv": [0, 0, 1, 1], "texture": "#glow"},
				"up": {"uv": [0, 0, 1, 1], "texture": "#glow"},
				"down": {"uv": [7, 10, 8, 11], "texture": "#glow"}
			}
		},
		{
			"from": [5.9, 6.1, 8.6],
			"to": [6.9, 7.1, 7.4],
			"light_emission": 15,
			"rotation": {"angle": 0, "axis": "y", "origin": [6, 6, 5.7]},
			"faces": {
				"north": {"uv": [6, 9, 7, 10], "texture": "#glow"},
				"east": {"uv": [0, 0, 1, 1], "texture": "#glow"},
				"south": {"uv": [6, 9, 7, 10], "texture": "#glow"},
				"west": {"uv": [6, 9, 7, 10], "texture": "#glow"},
				"up": {"uv": [6, 9, 7, 10], "texture": "#glow"},
				"down": {"uv": [0, 0, 1, 1], "texture": "#glow"}
			}
		},
		{
			"from": [8.1, 5.9, 8.6],
			"to": [9.1, 6.9, 7.4],
			"light_emission": 15,
			"rotation": {"angle": 0, "axis": "y", "origin": [8, 6, 3.3]},
			"faces": {
				"north": {"uv": [8, 9, 9, 10], "texture": "#glow"},
				"east": {"uv": [8, 9, 9, 10], "texture": "#glow"},
				"south": {"uv": [8, 9, 9, 10], "texture": "#glow"},
				"west": {"uv": [0, 0, 1, 1], "texture": "#glow"},
				"up": {"uv": [0, 0, 1, 1], "texture": "#glow"},
				"down": {"uv": [8, 9, 9, 10], "texture": "#glow"}
			}
		},
		{
			"from": [6.9, 7.1, 8.6],
			"to": [7.9, 8.1, 7.4],
			"light_emission": 15,
			"rotation": {"angle": 0, "axis": "y", "origin": [7, 7, 5.7]},
			"faces": {
				"north": {"uv": [7, 8, 8, 9], "texture": "#glow"},
				"east": {"uv": [0, 0, 1, 1], "texture": "#glow"},
				"south": {"uv": [7, 8, 8, 9], "texture": "#glow"},
				"west": {"uv": [7, 8, 8, 9], "texture": "#glow"},
				"up": {"uv": [7, 8, 8, 9], "texture": "#glow"},
				"down": {"uv": [0, 0, 1, 1], "texture": "#glow"}
			}
		},
		{
			"from": [9.1, 6.9, 8.6],
			"to": [10.1, 7.9, 7.4],
			"light_emission": 15,
			"rotation": {"angle": 0, "axis": "y", "origin": [9, 7, 3.3]},
			"faces": {
				"north": {"uv": [9, 8, 10, 9], "texture": "#glow"},
				"east": {"uv": [9, 8, 10, 9], "texture": "#glow"},
				"south": {"uv": [9, 8, 10, 9], "texture": "#glow"},
				"west": {"uv": [0, 0, 1, 1], "texture": "#glow"},
				"up": {"uv": [0, 0, 1, 1], "texture": "#glow"},
				"down": {"uv": [9, 8, 10, 9], "texture": "#glow"}
			}
		},
		{
			"from": [10.9, 6.9, 8.6],
			"to": [13.1, 7.9, 7.4],
			"light_emission": 15,
			"rotation": {"angle": 0, "axis": "y", "origin": [11, 7, 5.7]},
			"faces": {
				"north": {"uv": [11, 8, 12, 9], "texture": "#glow"},
				"east": {"uv": [11, 8, 12, 9], "texture": "#glow"},
				"south": {"uv": [11, 8, 12, 9], "texture": "#glow"},
				"west": {"uv": [11, 8, 12, 9], "texture": "#glow"},
				"up": {"uv": [0, 0, 1, 1], "texture": "#glow"},
				"down": {"uv": [11, 8, 12, 9], "texture": "#glow"}
			}
		},
		{
			"from": [7.9, 8.1, 8.6],
			"to": [8.9, 8.9, 7.4],
			"light_emission": 15,
			"rotation": {"angle": 0, "axis": "y", "origin": [8, 8, 5.7]},
			"faces": {
				"north": {"uv": [8, 7, 9, 8], "texture": "#glow"},
				"east": {"uv": [0, 0, 1, 1], "texture": "#glow"},
				"south": {"uv": [8, 7, 9, 8], "texture": "#glow"},
				"west": {"uv": [8, 7, 9, 8], "texture": "#glow"},
				"up": {"uv": [0, 0, 1, 1], "texture": "#glow"},
				"down": {"uv": [0, 0, 1, 1], "texture": "#glow"}
			}
		},
		{
			"from": [10.1, 7.9, 8.6],
			"to": [10.9, 8.9, 7.4],
			"light_emission": 15,
			"rotation": {"angle": 0, "axis": "y", "origin": [10, 8, 3.3]},
			"faces": {
				"north": {"uv": [10, 7, 11, 8], "texture": "#glow"},
				"east": {"uv": [0, 0, 1, 1], "texture": "#glow"},
				"south": {"uv": [10, 7, 11, 8], "texture": "#glow"},
				"west": {"uv": [0, 0, 1, 1], "texture": "#glow"},
				"up": {"uv": [0, 0, 1, 1], "texture": "#glow"},
				"down": {"uv": [10, 7, 11, 8], "texture": "#glow"}
			}
		},
		{
			"from": [13.1, 7.9, 8.6],
			"to": [14.1, 10.1, 7.4],
			"light_emission": 15,
			"rotation": {"angle": 0, "axis": "y", "origin": [13, 8, 3.3]},
			"faces": {
				"north": {"uv": [13, 7, 14, 8], "texture": "#glow"},
				"east": {"uv": [13, 7, 14, 8], "texture": "#glow"},
				"south": {"uv": [13, 7, 14, 8], "texture": "#glow"},
				"west": {"uv": [0, 0, 1, 1], "texture": "#glow"},
				"up": {"uv": [13, 7, 14, 8], "texture": "#glow"},
				"down": {"uv": [13, 7, 14, 8], "texture": "#glow"}
			}
		},
		{
			"from": [10.9, 7.9, 8.6],
			"to": [13.1, 10.1, 7.4],
			"light_emission": 15,
			"rotation": {"angle": 0, "axis": "y", "origin": [11, 8, 3.3]},
			"faces": {
				"north": {"uv": [13, 7, 14, 8], "texture": "#glow"},
				"east": {"uv": [0, 0, 1, 1], "texture": "#glow"},
				"south": {"uv": [13, 7, 14, 8], "texture": "#glow"},
				"west": {"uv": [0, 0, 1, 1], "texture": "#glow"},
				"up": {"uv": [0, 0, 1, 1], "texture": "#glow"},
				"down": {"uv": [0, 0, 1, 1], "texture": "#glow"}
			}
		},
		{
			"from": [11.1, 10.1, 8.6],
			"to": [12.1, 12.1, 7.4],
			"light_emission": 15,
			"rotation": {"angle": 0, "axis": "y", "origin": [11, 10, 3.3]},
			"faces": {
				"north": {"uv": [13, 7, 14, 8], "texture": "#glow"},
				"east": {"uv": [0, 0, 1, 1], "texture": "#glow"},
				"south": {"uv": [13, 7, 14, 8], "texture": "#glow"},
				"west": {"uv": [0, 0, 1, 1], "texture": "#glow"},
				"up": {"uv": [0, 0, 1, 1], "texture": "#glow"},
				"down": {"uv": [0, 0, 1, 1], "texture": "#glow"}
			}
		},
		{
			"from": [7.9, 10.1, 8.6],
			"to": [8.9, 13.1, 7.4],
			"light_emission": 15,
			"rotation": {"angle": 0, "axis": "y", "origin": [8, 10, 3.3]},
			"faces": {
				"north": {"uv": [13, 7, 14, 8], "texture": "#glow"},
				"east": {"uv": [0, 0, 1, 1], "texture": "#glow"},
				"south": {"uv": [13, 7, 14, 8], "texture": "#glow"},
				"west": {"uv": [0, 0, 1, 1], "texture": "#glow"},
				"up": {"uv": [0, 0, 1, 1], "texture": "#glow"},
				"down": {"uv": [0, 0, 1, 1], "texture": "#glow"}
			}
		},
		{
			"from": [6.9, 9.9, 8.6],
			"to": [7.9, 12.1, 7.4],
			"light_emission": 15,
			"rotation": {"angle": 0, "axis": "y", "origin": [7, 10, 3.3]},
			"faces": {
				"north": {"uv": [13, 7, 14, 8], "texture": "#glow"},
				"east": {"uv": [0, 0, 1, 1], "texture": "#glow"},
				"south": {"uv": [13, 7, 14, 8], "texture": "#glow"},
				"west": {"uv": [0, 0, 1, 1], "texture": "#glow"},
				"up": {"uv": [0, 0, 1, 1], "texture": "#glow"},
				"down": {"uv": [0, 0, 1, 1], "texture": "#glow"}
			}
		},
		{
			"from": [9.1, 7.9, 8.6],
			"to": [10.1, 8.9, 7.4],
			"light_emission": 15,
			"rotation": {"angle": 0, "axis": "y", "origin": [9, 8, 3.3]},
			"faces": {
				"north": {"uv": [13, 7, 14, 8], "texture": "#glow"},
				"east": {"uv": [0, 0, 1, 1], "texture": "#glow"},
				"south": {"uv": [13, 7, 14, 8], "texture": "#glow"},
				"west": {"uv": [0, 0, 1, 1], "texture": "#glow"},
				"up": {"uv": [0, 0, 1, 1], "texture": "#glow"},
				"down": {"uv": [0, 0, 1, 1], "texture": "#glow"}
			}
		},
		{
			"from": [8.9, 8.1, 8.6],
			"to": [9.1, 8.9, 7.4],
			"light_emission": 15,
			"rotation": {"angle": 0, "axis": "y", "origin": [8.8, 8, 3.3]},
			"faces": {
				"north": {"uv": [13, 7, 14, 8], "texture": "#glow"},
				"east": {"uv": [0, 0, 1, 1], "texture": "#glow"},
				"south": {"uv": [13, 7, 14, 8], "texture": "#glow"},
				"west": {"uv": [0, 0, 1, 1], "texture": "#glow"},
				"up": {"uv": [0, 0, 1, 1], "texture": "#glow"},
				"down": {"uv": [0, 0, 1, 1], "texture": "#glow"}
			}
		},
		{
			"from": [7.9, 7.1, 8.6],
			"to": [8.1, 8.1, 7.4],
			"light_emission": 15,
			"rotation": {"angle": 0, "axis": "y", "origin": [7.8, 7, 3.3]},
			"faces": {
				"north": {"uv": [13, 7, 14, 8], "texture": "#glow"},
				"east": {"uv": [0, 0, 1, 1], "texture": "#glow"},
				"south": {"uv": [13, 7, 14, 8], "texture": "#glow"},
				"west": {"uv": [0, 0, 1, 1], "texture": "#glow"},
				"up": {"uv": [0, 0, 1, 1], "texture": "#glow"},
				"down": {"uv": [0, 0, 1, 1], "texture": "#glow"}
			}
		},
		{
			"from": [8.1, 6.9, 8.6],
			"to": [9.1, 8.1, 7.4],
			"light_emission": 15,
			"rotation": {"angle": 0, "axis": "y", "origin": [8, 7, 3.3]},
			"faces": {
				"north": {"uv": [13, 7, 14, 8], "texture": "#glow"},
				"east": {"uv": [0, 0, 1, 1], "texture": "#glow"},
				"south": {"uv": [13, 7, 14, 8], "texture": "#glow"},
				"west": {"uv": [0, 0, 1, 1], "texture": "#glow"},
				"up": {"uv": [0, 0, 1, 1], "texture": "#glow"},
				"down": {"uv": [0, 0, 1, 1], "texture": "#glow"}
			}
		},
		{
			"from": [6.9, 6.1, 8.6],
			"to": [7.1, 7.1, 7.4],
			"light_emission": 15,
			"rotation": {"angle": 0, "axis": "y", "origin": [6.8, 6, 3.3]},
			"faces": {
				"north": {"uv": [13, 7, 14, 8], "texture": "#glow"},
				"east": {"uv": [0, 0, 1, 1], "texture": "#glow"},
				"south": {"uv": [13, 7, 14, 8], "texture": "#glow"},
				"west": {"uv": [0, 0, 1, 1], "texture": "#glow"},
				"up": {"uv": [0, 0, 1, 1], "texture": "#glow"},
				"down": {"uv": [0, 0, 1, 1], "texture": "#glow"}
			}
		},
		{
			"from": [7.1, 5.9, 8.6],
			"to": [8.1, 7.1, 7.4],
			"light_emission": 15,
			"rotation": {"angle": 0, "axis": "y", "origin": [7, 6, 3.3]},
			"faces": {
				"north": {"uv": [13, 7, 14, 8], "texture": "#glow"},
				"east": {"uv": [0, 0, 1, 1], "texture": "#glow"},
				"south": {"uv": [13, 7, 14, 8], "texture": "#glow"},
				"west": {"uv": [0, 0, 1, 1], "texture": "#glow"},
				"up": {"uv": [0, 0, 1, 1], "texture": "#glow"},
				"down": {"uv": [0, 0, 1, 1], "texture": "#glow"}
			}
		},
		{
			"from": [4.9, 4.1, 8.6],
			"to": [5.1, 5.1, 7.4],
			"light_emission": 15,
			"rotation": {"angle": 0, "axis": "y", "origin": [4.8, 4, 3.3]},
			"faces": {
				"north": {"uv": [13, 7, 14, 8], "texture": "#glow"},
				"east": {"uv": [0, 0, 1, 1], "texture": "#glow"},
				"south": {"uv": [13, 7, 14, 8], "texture": "#glow"},
				"west": {"uv": [0, 0, 1, 1], "texture": "#glow"},
				"up": {"uv": [0, 0, 1, 1], "texture": "#glow"},
				"down": {"uv": [0, 0, 1, 1], "texture": "#glow"}
			}
		},
		{
			"from": [5.1, 3.9, 8.6],
			"to": [6.1, 5.1, 7.4],
			"light_emission": 15,
			"rotation": {"angle": 0, "axis": "y", "origin": [5, 4, 3.3]},
			"faces": {
				"north": {"uv": [13, 7, 14, 8], "texture": "#glow"},
				"east": {"uv": [0, 0, 1, 1], "texture": "#glow"},
				"south": {"uv": [13, 7, 14, 8], "texture": "#glow"},
				"west": {"uv": [0, 0, 1, 1], "texture": "#glow"},
				"up": {"uv": [0, 0, 1, 1], "texture": "#glow"},
				"down": {"uv": [0, 0, 1, 1], "texture": "#glow"}
			}
		},
		{
			"from": [4.1, 2.9, 8.6],
			"to": [5.1, 4.1, 7.4],
			"light_emission": 15,
			"rotation": {"angle": 0, "axis": "y", "origin": [4, 3, 3.3]},
			"faces": {
				"north": {"uv": [13, 7, 14, 8], "texture": "#glow"},
				"east": {"uv": [0, 0, 1, 1], "texture": "#glow"},
				"south": {"uv": [13, 7, 14, 8], "texture": "#glow"},
				"west": {"uv": [0, 0, 1, 1], "texture": "#glow"},
				"up": {"uv": [0, 0, 1, 1], "texture": "#glow"},
				"down": {"uv": [0, 0, 1, 1], "texture": "#glow"}
			}
		},
		{
			"from": [3.9, 3.1, 8.6],
			"to": [4.1, 4.1, 7.4],
			"light_emission": 15,
			"rotation": {"angle": 0, "axis": "y", "origin": [3.8, 3, 3.3]},
			"faces": {
				"north": {"uv": [13, 7, 14, 8], "texture": "#glow"},
				"east": {"uv": [0, 0, 1, 1], "texture": "#glow"},
				"south": {"uv": [13, 7, 14, 8], "texture": "#glow"},
				"west": {"uv": [0, 0, 1, 1], "texture": "#glow"},
				"up": {"uv": [0, 0, 1, 1], "texture": "#glow"},
				"down": {"uv": [0, 0, 1, 1], "texture": "#glow"}
			}
		},
		{
			"from": [6.1, 4.9, 8.6],
			"to": [7.1, 6.1, 7.4],
			"light_emission": 15,
			"rotation": {"angle": 0, "axis": "y", "origin": [6, 5, 3.3]},
			"faces": {
				"north": {"uv": [13, 7, 14, 8], "texture": "#glow"},
				"east": {"uv": [0, 0, 1, 1], "texture": "#glow"},
				"south": {"uv": [13, 7, 14, 8], "texture": "#glow"},
				"west": {"uv": [0, 0, 1, 1], "texture": "#glow"},
				"up": {"uv": [0, 0, 1, 1], "texture": "#glow"},
				"down": {"uv": [0, 0, 1, 1], "texture": "#glow"}
			}
		},
		{
			"from": [5.9, 5.1, 8.6],
			"to": [6.1, 6.1, 7.4],
			"light_emission": 15,
			"rotation": {"angle": 0, "axis": "y", "origin": [5.8, 5, 3.3]},
			"faces": {
				"north": {"uv": [13, 7, 14, 8], "texture": "#glow"},
				"east": {"uv": [0, 0, 1, 1], "texture": "#glow"},
				"south": {"uv": [13, 7, 14, 8], "texture": "#glow"},
				"west": {"uv": [0, 0, 1, 1], "texture": "#glow"},
				"up": {"uv": [0, 0, 1, 1], "texture": "#glow"},
				"down": {"uv": [0, 0, 1, 1], "texture": "#glow"}
			}
		},
		{
			"from": [6.9, 8.9, 8.6],
			"to": [7.9, 9.9, 7.4],
			"light_emission": 15,
			"rotation": {"angle": 0, "axis": "y", "origin": [7, 9, 5.7]},
			"faces": {
				"north": {"uv": [7, 6, 8, 7], "texture": "#glow"},
				"east": {"uv": [0, 0, 1, 1], "texture": "#glow"},
				"south": {"uv": [7, 6, 8, 7], "texture": "#glow"},
				"west": {"uv": [7, 6, 8, 7], "texture": "#glow"},
				"up": {"uv": [0, 0, 1, 1], "texture": "#glow"},
				"down": {"uv": [7, 6, 8, 7], "texture": "#glow"}
			}
		},
		{
			"from": [7.9, 8.9, 8.6],
			"to": [10.9, 10.1, 7.4],
			"light_emission": 15,
			"rotation": {"angle": 0, "axis": "y", "origin": [8, 9, 5.7]},
			"faces": {
				"north": {"uv": [7, 6, 8, 7], "texture": "#glow"},
				"east": {"uv": [0, 0, 1, 1], "texture": "#glow"},
				"south": {"uv": [7, 6, 8, 7], "texture": "#glow"},
				"west": {"uv": [0, 0, 1, 1], "texture": "#glow"},
				"up": {"uv": [0, 0, 1, 1], "texture": "#glow"},
				"down": {"uv": [0, 0, 1, 1], "texture": "#glow"}
			}
		},
		{
			"from": [5.9, 9.9, 8.6],
			"to": [6.9, 12.1, 7.4],
			"light_emission": 15,
			"rotation": {"angle": 0, "axis": "y", "origin": [6, 10, 5.7]},
			"faces": {
				"north": {"uv": [6, 5, 7, 6], "texture": "#glow"},
				"east": {"uv": [0, 0, 1, 1], "texture": "#glow"},
				"south": {"uv": [6, 5, 7, 6], "texture": "#glow"},
				"west": {"uv": [6, 5, 7, 6], "texture": "#glow"},
				"up": {"uv": [6, 5, 7, 6], "texture": "#glow"},
				"down": {"uv": [6, 5, 7, 6], "texture": "#glow"}
			}
		},
		{
			"from": [12.1, 10.1, 8.6],
			"to": [13.1, 12.1, 7.4],
			"light_emission": 15,
			"rotation": {"angle": 0, "axis": "y", "origin": [12, 10, 3.3]},
			"faces": {
				"north": {"uv": [12, 5, 13, 6], "texture": "#glow"},
				"east": {"uv": [12, 5, 13, 6], "texture": "#glow"},
				"south": {"uv": [12, 5, 13, 6], "texture": "#glow"},
				"west": {"uv": [0, 0, 1, 1], "texture": "#glow"},
				"up": {"uv": [12, 5, 13, 6], "texture": "#glow"},
				"down": {"uv": [0, 0, 1, 1], "texture": "#glow"}
			}
		},
		{
			"from": [6.9, 12.1, 8.6],
			"to": [7.9, 13.1, 7.4],
			"light_emission": 15,
			"rotation": {"angle": 0, "axis": "y", "origin": [7, 12, 5.7]},
			"faces": {
				"north": {"uv": [7, 3, 8, 4], "texture": "#glow"},
				"east": {"uv": [0, 0, 1, 1], "texture": "#glow"},
				"south": {"uv": [7, 3, 8, 4], "texture": "#glow"},
				"west": {"uv": [7, 3, 8, 4], "texture": "#glow"},
				"up": {"uv": [7, 3, 8, 4], "texture": "#glow"},
				"down": {"uv": [0, 0, 1, 1], "texture": "#glow"}
			}
		},
		{
			"from": [11.1, 12.1, 8.6],
			"to": [12.1, 14.1, 7.4],
			"light_emission": 15,
			"rotation": {"angle": 0, "axis": "y", "origin": [11, 12, 3.3]},
			"faces": {
				"north": {"uv": [11, 3, 12, 4], "texture": "#glow"},
				"east": {"uv": [11, 3, 12, 4], "texture": "#glow"},
				"south": {"uv": [11, 3, 12, 4], "texture": "#glow"},
				"west": {"uv": [0, 0, 1, 1], "texture": "#glow"},
				"up": {"uv": [11, 3, 12, 4], "texture": "#glow"},
				"down": {"uv": [0, 0, 1, 1], "texture": "#glow"}
			}
		},
		{
			"from": [7.9, 13.1, 8.6],
			"to": [8.9, 14.1, 7.4],
			"light_emission": 15,
			"rotation": {"angle": 0, "axis": "y", "origin": [8, 13, 5.7]},
			"faces": {
				"north": {"uv": [8, 2, 9, 3], "texture": "#glow"},
				"east": {"uv": [0, 0, 1, 1], "texture": "#glow"},
				"south": {"uv": [8, 2, 9, 3], "texture": "#glow"},
				"west": {"uv": [8, 2, 9, 3], "texture": "#glow"},
				"up": {"uv": [8, 2, 9, 3], "texture": "#glow"},
				"down": {"uv": [0, 0, 1, 1], "texture": "#glow"}
			}
		},
		{
			"from": [8.9, 14.1, 8.6],
			"to": [11.1, 15.1, 7.4],
			"light_emission": 15,
			"rotation": {"angle": 0, "axis": "y", "origin": [9, 14, 5.7]},
			"faces": {
				"north": {"uv": [9, 1, 10, 2], "texture": "#glow"},
				"east": {"uv": [9, 1, 10, 2], "texture": "#glow"},
				"south": {"uv": [9, 1, 10, 2], "texture": "#glow"},
				"west": {"uv": [9, 1, 10, 2], "texture": "#glow"},
				"up": {"uv": [9, 1, 10, 2], "texture": "#glow"},
				"down": {"uv": [0, 0, 1, 1], "texture": "#glow"}
			}
		},
		{
			"from": [8.9, 10.1, 8.6],
			"to": [11.1, 14.1, 7.4],
			"light_emission": 15,
			"rotation": {"angle": 0, "axis": "y", "origin": [9, 13, 5.7]},
			"faces": {
				"north": {"uv": [9, 1, 10, 2], "texture": "#glow"},
				"east": {"uv": [0, 0, 1, 1], "texture": "#glow"},
				"south": {"uv": [9, 1, 10, 2], "texture": "#glow"},
				"west": {"uv": [0, 0, 1, 1], "texture": "#glow"},
				"up": {"uv": [0, 0, 1, 1], "texture": "#glow"},
				"down": {"uv": [0, 0, 1, 1], "texture": "#glow"}
			}
		}
	],
	"gui_light": "front",
	"display": {
		"gui": {
			"scale": [1.05, 1.05, 1]
		}
	},
	"groups": [
		{
			"name": "emissive_1",
			"origin": [12, 15, 0],
			"color": 0,
			"children": [0, 1, 2, 3, 4, 5, 6, 7, 8, 9, 10, 11, 12, 13, 14, 15, 16, 17, 18, 19, 20, 21, 22, 23, 24, 25, 26, 27, 28, 29, 30, 31, 32, 33, 34, 35, 36, 37, 38, 39, 40]
		}
	]
}