{
	"parent": "minecraft:item/handheld_mace",
	"credit": "Made with Blockbench",
	"textures": {
		"glow": "item/enchanted_tool_overlays/mace_enchantment_outline"
	},
	"elements": [
		{
			"from": [-0.1, -0.1, 8.6],
			"to": [1.9, 1.9, 7.4],
			"light_emission": 15,
			"rotation": {"angle": 0, "axis": "y", "origin": [0.025, 0.025, 1.1]},
			"faces": {
				"north": {"uv": [0, 15, 1, 16], "texture": "#glow"},
				"east": {"uv": [0, 0, 1, 1], "texture": "#glow"},
				"south": {"uv": [0, 15, 1, 16], "texture": "#glow"},
				"west": {"uv": [0, 15, 1, 16], "texture": "#glow"},
				"up": {"uv": [0, 0, 1, 1], "texture": "#glow"},
				"down": {"uv": [0, 15, 1, 16], "texture": "#glow"}
			}
		},
		{
			"from": [-0.1, 1.9, 8.6],
			"to": [1.9, 3.1, 7.4],
			"light_emission": 15,
			"rotation": {"angle": 0, "axis": "y", "origin": [0.025, 1.025, 1.1]},
			"faces": {
				"north": {"uv": [0, 15, 1, 16], "texture": "#glow"},
				"east": {"uv": [0, 0, 1, 1], "texture": "#glow"},
				"south": {"uv": [0, 15, 1, 16], "texture": "#glow"},
				"west": {"uv": [0, 15, 1, 16], "texture": "#glow"},
				"up": {"uv": [0, 15, 1, 16], "texture": "#glow"},
				"down": {"uv": [0, 0, 1, 1], "texture": "#glow"}
			}
		},
		{
			"from": [1.9, -0.1, 8.6],
			"to": [3.1, 1.9, 7.4],
			"light_emission": 15,
			"rotation": {"angle": 0, "axis": "y", "origin": [2, 0.025, 1.1]},
			"faces": {
				"north": {"uv": [2, 15, 3, 16], "texture": "#glow"},
				"east": {"uv": [2, 15, 3, 16], "texture": "#glow"},
				"south": {"uv": [2, 15, 3, 16], "texture": "#glow"},
				"west": {"uv": [0, 0, 1, 1], "texture": "#glow"},
				"up": {"uv": [0, 0, 1, 1], "texture": "#glow"},
				"down": {"uv": [2, 15, 3, 16], "texture": "#glow"}
			}
		},
		{
			"from": [3.1, 1.9, 8.6],
			"to": [4.1, 2.9, 7.4],
			"light_emission": 15,
			"rotation": {"angle": 0, "axis": "y", "origin": [3, 2.025, 1.1]},
			"faces": {
				"north": {"uv": [3, 13, 4, 14], "texture": "#glow"},
				"east": {"uv": [3, 13, 4, 14], "texture": "#glow"},
				"south": {"uv": [3, 13, 4, 14], "texture": "#glow"},
				"west": {"uv": [0, 0, 1, 1], "texture": "#glow"},
				"up": {"uv": [0, 0, 1, 1], "texture": "#glow"},
				"down": {"uv": [3, 13, 4, 14], "texture": "#glow"}
			}
		},
		{
			"from": [1.9, 3.1, 8.6],
			"to": [2.9, 4.1, 7.4],
			"light_emission": 15,
			"rotation": {"angle": 0, "axis": "y", "origin": [2, 3.025, 1.1]},
			"faces": {
				"north": {"uv": [2, 12, 3, 13], "texture": "#glow"},
				"east": {"uv": [0, 0, 1, 1], "texture": "#glow"},
				"south": {"uv": [2, 12, 3, 13], "texture": "#glow"},
				"west": {"uv": [2, 12, 3, 13], "texture": "#glow"},
				"up": {"uv": [2, 12, 3, 13], "texture": "#glow"},
				"down": {"uv": [0, 0, 1, 1], "texture": "#glow"}
			}
		},
		{
			"from": [4.1, 2.9, 8.6],
			"to": [5.1, 3.9, 7.4],
			"light_emission": 15,
			"rotation": {"angle": 0, "axis": "y", "origin": [4, 3.025, 1.1]},
			"faces": {
				"north": {"uv": [4, 12, 5, 13], "texture": "#glow"},
				"east": {"uv": [4, 12, 5, 13], "texture": "#glow"},
				"south": {"uv": [4, 12, 5, 13], "texture": "#glow"},
				"west": {"uv": [0, 0, 1, 1], "texture": "#glow"},
				"up": {"uv": [0, 0, 1, 1], "texture": "#glow"},
				"down": {"uv": [4, 12, 5, 13], "texture": "#glow"}
			}
		},
		{
			"from": [2.9, 4.1, 8.6],
			"to": [3.9, 5.1, 7.4],
			"light_emission": 15,
			"rotation": {"angle": 0, "axis": "y", "origin": [3, 4.025, 1.1]},
			"faces": {
				"north": {"uv": [3, 11, 4, 12], "texture": "#glow"},
				"east": {"uv": [0, 0, 1, 1], "texture": "#glow"},
				"south": {"uv": [3, 11, 4, 12], "texture": "#glow"},
				"west": {"uv": [3, 11, 4, 12], "texture": "#glow"},
				"up": {"uv": [3, 11, 4, 12], "texture": "#glow"},
				"down": {"uv": [0, 0, 1, 1], "texture": "#glow"}
			}
		},
		{
			"from": [5.1, 3.9, 8.6],
			"to": [6.1, 4.9, 7.4],
			"light_emission": 15,
			"rotation": {"angle": 0, "axis": "y", "origin": [5, 4.025, 1.1]},
			"faces": {
				"north": {"uv": [5, 11, 6, 12], "texture": "#glow"},
				"east": {"uv": [5, 11, 6, 12], "texture": "#glow"},
				"south": {"uv": [5, 11, 6, 12], "texture": "#glow"},
				"west": {"uv": [0, 0, 1, 1], "texture": "#glow"},
				"up": {"uv": [0, 0, 1, 1], "texture": "#glow"},
				"down": {"uv": [5, 11, 6, 12], "texture": "#glow"}
			}
		},
		{
			"from": [3.9, 5.1, 8.6],
			"to": [4.9, 6.1, 7.4],
			"light_emission": 15,
			"rotation": {"angle": 0, "axis": "y", "origin": [4, 5.025, 1.1]},
			"faces": {
				"north": {"uv": [4, 10, 5, 11], "texture": "#glow"},
				"east": {"uv": [0, 0, 1, 1], "texture": "#glow"},
				"south": {"uv": [4, 10, 5, 11], "texture": "#glow"},
				"west": {"uv": [4, 10, 5, 11], "texture": "#glow"},
				"up": {"uv": [4, 10, 5, 11], "texture": "#glow"},
				"down": {"uv": [0, 0, 1, 1], "texture": "#glow"}
			}
		},
		{
			"from": [6.1, 4.9, 8.6],
			"to": [7.1, 5.9, 7.4],
			"light_emission": 15,
			"rotation": {"angle": 0, "axis": "y", "origin": [6, 5.025, 1.1]},
			"faces": {
				"north": {"uv": [6, 10, 7, 11], "texture": "#glow"},
				"east": {"uv": [6, 10, 7, 11], "texture": "#glow"},
				"south": {"uv": [6, 10, 7, 11], "texture": "#glow"},
				"west": {"uv": [0, 0, 1, 1], "texture": "#glow"},
				"up": {"uv": [0, 0, 1, 1], "texture": "#glow"},
				"down": {"uv": [6, 10, 7, 11], "texture": "#glow"}
			}
		},
		{
			"from": [9.9, 4.9, 8.6],
			"to": [12.1, 5.9, 7.4],
			"light_emission": 15,
			"rotation": {"angle": 0, "axis": "y", "origin": [10, 5.025, 1.1]},
			"faces": {
				"north": {"uv": [10, 10, 11, 11], "texture": "#glow"},
				"east": {"uv": [10, 10, 11, 11], "texture": "#glow"},
				"south": {"uv": [10, 10, 11, 11], "texture": "#glow"},
				"west": {"uv": [10, 10, 11, 11], "texture": "#glow"},
				"up": {"uv": [0, 0, 1, 1], "texture": "#glow"},
				"down": {"uv": [10, 10, 11, 11], "texture": "#glow"}
			}
		},
		{
			"from": [4.9, 6.1, 8.6],
			"to": [5.9, 7.1, 7.4],
			"light_emission": 15,
			"rotation": {"angle": 0, "axis": "y", "origin": [5, 6.025, 1.1]},
			"faces": {
				"north": {"uv": [5, 9, 6, 10], "texture": "#glow"},
				"east": {"uv": [0, 0, 1, 1], "texture": "#glow"},
				"south": {"uv": [5, 9, 6, 10], "texture": "#glow"},
				"west": {"uv": [5, 9, 6, 10], "texture": "#glow"},
				"up": {"uv": [5, 9, 6, 10], "texture": "#glow"},
				"down": {"uv": [0, 0, 1, 1], "texture": "#glow"}
			}
		},
		{
			"from": [7.1, 5.9, 8.6],
			"to": [8.1, 6.9, 7.4],
			"light_emission": 15,
			"rotation": {"angle": 0, "axis": "y", "origin": [7, 6.025, 1.1]},
			"faces": {
				"north": {"uv": [7, 9, 8, 10], "texture": "#glow"},
				"east": {"uv": [7, 9, 8, 10], "texture": "#glow"},
				"south": {"uv": [7, 9, 8, 10], "texture": "#glow"},
				"west": {"uv": [0, 0, 1, 1], "texture": "#glow"},
				"up": {"uv": [0, 0, 1, 1], "texture": "#glow"},
				"down": {"uv": [7, 9, 8, 10], "texture": "#glow"}
			}
		},
		{
			"from": [8.9, 5.9, 8.6],
			"to": [9.9, 6.9, 7.4],
			"light_emission": 15,
			"rotation": {"angle": 0, "axis": "y", "origin": [9, 6.025, 1.1]},
			"faces": {
				"north": {"uv": [9, 9, 10, 10], "texture": "#glow"},
				"east": {"uv": [0, 0, 1, 1], "texture": "#glow"},
				"south": {"uv": [9, 9, 10, 10], "texture": "#glow"},
				"west": {"uv": [9, 9, 10, 10], "texture": "#glow"},
				"up": {"uv": [0, 0, 1, 1], "texture": "#glow"},
				"down": {"uv": [9, 9, 10, 10], "texture": "#glow"}
			}
		},
		{
			"from": [12.1, 5.9, 8.6],
			"to": [13.1, 6.9, 7.4],
			"light_emission": 15,
			"rotation": {"angle": 0, "axis": "y", "origin": [12, 6.025, 1.1]},
			"faces": {
				"north": {"uv": [12, 9, 13, 10], "texture": "#glow"},
				"east": {"uv": [12, 9, 13, 10], "texture": "#glow"},
				"south": {"uv": [12, 9, 13, 10], "texture": "#glow"},
				"west": {"uv": [0, 0, 1, 1], "texture": "#glow"},
				"up": {"uv": [0, 0, 1, 1], "texture": "#glow"},
				"down": {"uv": [12, 9, 13, 10], "texture": "#glow"}
			}
		},
		{
			"from": [5.9, 7.1, 8.6],
			"to": [6.9, 8.1, 7.4],
			"light_emission": 15,
			"rotation": {"angle": 0, "axis": "y", "origin": [6, 7.025, 1.1]},
			"faces": {
				"north": {"uv": [6, 8, 7, 9], "texture": "#glow"},
				"east": {"uv": [0, 0, 1, 1], "texture": "#glow"},
				"south": {"uv": [6, 8, 7, 9], "texture": "#glow"},
				"west": {"uv": [6, 8, 7, 9], "texture": "#glow"},
				"up": {"uv": [6, 8, 7, 9], "texture": "#glow"},
				"down": {"uv": [0, 0, 1, 1], "texture": "#glow"}
			}
		},
		{
			"from": [8.1, 6.9, 8.6],
			"to": [8.9, 7.9, 7.4],
			"light_emission": 15,
			"rotation": {"angle": 0, "axis": "y", "origin": [8, 7.025, 1.1]},
			"faces": {
				"north": {"uv": [8, 8, 9, 9], "texture": "#glow"},
				"east": {"uv": [0, 0, 1, 1], "texture": "#glow"},
				"south": {"uv": [8, 8, 9, 9], "texture": "#glow"},
				"west": {"uv": [0, 0, 1, 1], "texture": "#glow"},
				"up": {"uv": [0, 0, 1, 1], "texture": "#glow"},
				"down": {"uv": [8, 8, 9, 9], "texture": "#glow"}
			}
		},
		{
			"from": [13.1, 6.9, 8.6],
			"to": [14.1, 7.9, 7.4],
			"light_emission": 15,
			"rotation": {"angle": 0, "axis": "y", "origin": [13, 7.025, 1.1]},
			"faces": {
				"north": {"uv": [13, 8, 14, 9], "texture": "#glow"},
				"east": {"uv": [13, 8, 14, 9], "texture": "#glow"},
				"south": {"uv": [13, 8, 14, 9], "texture": "#glow"},
				"west": {"uv": [0, 0, 1, 1], "texture": "#glow"},
				"up": {"uv": [0, 0, 1, 1], "texture": "#glow"},
				"down": {"uv": [13, 8, 14, 9], "texture": "#glow"}
			}
		},
		{
			"from": [6.9, 8.1, 8.6],
			"to": [7.9, 8.9, 7.4],
			"light_emission": 15,
			"rotation": {"angle": 0, "axis": "y", "origin": [7, 8.025, 1.1]},
			"faces": {
				"north": {"uv": [7, 7, 8, 8], "texture": "#glow"},
				"east": {"uv": [0, 0, 1, 1], "texture": "#glow"},
				"south": {"uv": [7, 7, 8, 8], "texture": "#glow"},
				"west": {"uv": [7, 7, 8, 8], "texture": "#glow"},
				"up": {"uv": [0, 0, 1, 1], "texture": "#glow"},
				"down": {"uv": [0, 0, 1, 1], "texture": "#glow"}
			}
		},
		{
			"from": [14.1, 7.9, 8.6],
			"to": [15.1, 8.9, 7.4],
			"light_emission": 15,
			"rotation": {"angle": 0, "axis": "y", "origin": [14, 8.025, 1.1]},
			"faces": {
				"north": {"uv": [14, 7, 15, 8], "texture": "#glow"},
				"east": {"uv": [14, 7, 15, 8], "texture": "#glow"},
				"south": {"uv": [14, 7, 15, 8], "texture": "#glow"},
				"west": {"uv": [0, 0, 1, 1], "texture": "#glow"},
				"up": {"uv": [0, 0, 1, 1], "texture": "#glow"},
				"down": {"uv": [14, 7, 15, 8], "texture": "#glow"}
			}
		},
		{
			"from": [5.9, 8.9, 8.6],
			"to": [6.9, 9.9, 7.4],
			"light_emission": 15,
			"rotation": {"angle": 0, "axis": "y", "origin": [6, 9.025, 1.1]},
			"faces": {
				"north": {"uv": [6, 6, 7, 7], "texture": "#glow"},
				"east": {"uv": [0, 0, 1, 1], "texture": "#glow"},
				"south": {"uv": [6, 6, 7, 7], "texture": "#glow"},
				"west": {"uv": [6, 6, 7, 7], "texture": "#glow"},
				"up": {"uv": [0, 0, 1, 1], "texture": "#glow"},
				"down": {"uv": [6, 6, 7, 7], "texture": "#glow"}
			}
		},
		{
			"from": [15.1, 8.9, 8.6],
			"to": [16.1, 11.1, 7.4],
			"light_emission": 15,
			"rotation": {"angle": 0, "axis": "y", "origin": [15, 9.025, 1.1]},
			"faces": {
				"north": {"uv": [15, 6, 16, 7], "texture": "#glow"},
				"east": {"uv": [15, 6, 16, 7], "texture": "#glow"},
				"south": {"uv": [15, 6, 16, 7], "texture": "#glow"},
				"west": {"uv": [0, 0, 1, 1], "texture": "#glow"},
				"up": {"uv": [15, 6, 16, 7], "texture": "#glow"},
				"down": {"uv": [15, 6, 16, 7], "texture": "#glow"}
			}
		},
		{
			"from": [4.9, 9.9, 8.6],
			"to": [5.9, 12.1, 7.4],
			"light_emission": 15,
			"rotation": {"angle": 0, "axis": "y", "origin": [5, 10.025, 1.1]},
			"faces": {
				"north": {"uv": [5, 5, 6, 6], "texture": "#glow"},
				"east": {"uv": [0, 0, 1, 1], "texture": "#glow"},
				"south": {"uv": [5, 5, 6, 6], "texture": "#glow"},
				"west": {"uv": [5, 5, 6, 6], "texture": "#glow"},
				"up": {"uv": [5, 5, 6, 6], "texture": "#glow"},
				"down": {"uv": [5, 5, 6, 6], "texture": "#glow"}
			}
		},
		{
			"from": [14.1, 11.1, 8.6],
			"to": [15.1, 12.1, 7.4],
			"light_emission": 15,
			"rotation": {"angle": 0, "axis": "y", "origin": [14, 11.025, 1.1]},
			"faces": {
				"north": {"uv": [14, 4, 15, 5], "texture": "#glow"},
				"east": {"uv": [14, 4, 15, 5], "texture": "#glow"},
				"south": {"uv": [14, 4, 15, 5], "texture": "#glow"},
				"west": {"uv": [0, 0, 1, 1], "texture": "#glow"},
				"up": {"uv": [14, 4, 15, 5], "texture": "#glow"},
				"down": {"uv": [0, 0, 1, 1], "texture": "#glow"}
			}
		},
		{
			"from": [5.9, 12.1, 8.6],
			"to": [6.9, 13.1, 7.4],
			"light_emission": 15,
			"rotation": {"angle": 0, "axis": "y", "origin": [6, 12.025, 1.1]},
			"faces": {
				"north": {"uv": [6, 3, 7, 4], "texture": "#glow"},
				"east": {"uv": [0, 0, 1, 1], "texture": "#glow"},
				"south": {"uv": [6, 3, 7, 4], "texture": "#glow"},
				"west": {"uv": [6, 3, 7, 4], "texture": "#glow"},
				"up": {"uv": [6, 3, 7, 4], "texture": "#glow"},
				"down": {"uv": [0, 0, 1, 1], "texture": "#glow"}
			}
		},
		{
			"from": [13.1, 12.1, 8.6],
			"to": [14.1, 12.9, 7.4],
			"light_emission": 15,
			"rotation": {"angle": 0, "axis": "y", "origin": [13, 12.025, 1.1]},
			"faces": {
				"north": {"uv": [13, 3, 14, 4], "texture": "#glow"},
				"east": {"uv": [13, 3, 14, 4], "texture": "#glow"},
				"south": {"uv": [13, 3, 14, 4], "texture": "#glow"},
				"west": {"uv": [0, 0, 1, 1], "texture": "#glow"},
				"up": {"uv": [0, 0, 1, 1], "texture": "#glow"},
				"down": {"uv": [0, 0, 1, 1], "texture": "#glow"}
			}
		},
		{
			"from": [6.9, 13.1, 8.6],
			"to": [7.9, 14.1, 7.4],
			"light_emission": 15,
			"rotation": {"angle": 0, "axis": "y", "origin": [7, 13.025, 1.1]},
			"faces": {
				"north": {"uv": [7, 2, 8, 3], "texture": "#glow"},
				"east": {"uv": [0, 0, 1, 1], "texture": "#glow"},
				"south": {"uv": [7, 2, 8, 3], "texture": "#glow"},
				"west": {"uv": [7, 2, 8, 3], "texture": "#glow"},
				"up": {"uv": [7, 2, 8, 3], "texture": "#glow"},
				"down": {"uv": [0, 0, 1, 1], "texture": "#glow"}
			}
		},
		{
			"from": [14.1, 14.1, 8.6],
			"to": [15.1, 15.1, 7.4],
			"light_emission": 15,
			"rotation": {"angle": 0, "axis": "y", "origin": [14, 13.025, 1.1]},
			"faces": {
				"north": {"uv": [14, 2, 15, 3], "texture": "#glow"},
				"east": {"uv": [14, 2, 15, 3], "texture": "#glow"},
				"south": {"uv": [14, 2, 15, 3], "texture": "#glow"},
				"west": {"uv": [0, 0, 1, 1], "texture": "#glow"},
				"up": {"uv": [14, 2, 15, 3], "texture": "#glow"},
				"down": {"uv": [0, 0, 1, 1], "texture": "#glow"}
			}
		},
		{
			"from": [14.1, 12.9, 8.6],
			"to": [15.1, 14.1, 7.4],
			"light_emission": 15,
			"rotation": {"angle": 0, "axis": "y", "origin": [14, 12.025, 1.1]},
			"faces": {
				"north": {"uv": [14, 2, 15, 3], "texture": "#glow"},
				"east": {"uv": [14, 2, 15, 3], "texture": "#glow"},
				"south": {"uv": [14, 2, 15, 3], "texture": "#glow"},
				"west": {"uv": [0, 0, 1, 1], "texture": "#glow"},
				"up": {"uv": [0, 0, 1, 1], "texture": "#glow"},
				"down": {"uv": [14, 2, 15, 3], "texture": "#glow"}
			}
		},
		{
			"from": [12.1, 13.1, 8.6],
			"to": [12.9, 14.1, 7.4],
			"light_emission": 15,
			"rotation": {"angle": 0, "axis": "y", "origin": [12, 13.025, 1.1]},
			"faces": {
				"north": {"uv": [12, 2, 13, 3], "texture": "#glow"},
				"east": {"uv": [0, 0, 1, 1], "texture": "#glow"},
				"south": {"uv": [12, 2, 13, 3], "texture": "#glow"},
				"west": {"uv": [0, 0, 1, 1], "texture": "#glow"},
				"up": {"uv": [12, 2, 13, 3], "texture": "#glow"},
				"down": {"uv": [0, 0, 1, 1], "texture": "#glow"}
			}
		},
		{
			"from": [7.9, 14.1, 8.6],
			"to": [8.9, 15.1, 7.4],
			"light_emission": 15,
			"rotation": {"angle": 0, "axis": "y", "origin": [8, 14.025, 1.1]},
			"faces": {
				"north": {"uv": [8, 1, 9, 2], "texture": "#glow"},
				"east": {"uv": [0, 0, 1, 1], "texture": "#glow"},
				"south": {"uv": [8, 1, 9, 2], "texture": "#glow"},
				"west": {"uv": [8, 1, 9, 2], "texture": "#glow"},
				"up": {"uv": [8, 1, 9, 2], "texture": "#glow"},
				"down": {"uv": [0, 0, 1, 1], "texture": "#glow"}
			}
		},
		{
			"from": [11.1, 14.1, 8.6],
			"to": [12.1, 15.1, 7.4],
			"light_emission": 15,
			"rotation": {"angle": 0, "axis": "y", "origin": [11, 14.025, 1.1]},
			"faces": {
				"north": {"uv": [11, 1, 12, 2], "texture": "#glow"},
				"east": {"uv": [11, 1, 12, 2], "texture": "#glow"},
				"south": {"uv": [11, 1, 12, 2], "texture": "#glow"},
				"west": {"uv": [0, 0, 1, 1], "texture": "#glow"},
				"up": {"uv": [11, 1, 12, 2], "texture": "#glow"},
				"down": {"uv": [0, 0, 1, 1], "texture": "#glow"}
			}
		},
		{
			"from": [12.9, 14.1, 8.6],
			"to": [14.1, 15.1, 7.4],
			"light_emission": 15,
			"rotation": {"angle": 0, "axis": "y", "origin": [13, 14.025, 1.1]},
			"faces": {
				"north": {"uv": [13, 1, 14, 2], "texture": "#glow"},
				"east": {"uv": [0, 0, 1, 1], "texture": "#glow"},
				"south": {"uv": [13, 1, 14, 2], "texture": "#glow"},
				"west": {"uv": [13, 1, 14, 2], "texture": "#glow"},
				"up": {"uv": [13, 1, 14, 2], "texture": "#glow"},
				"down": {"uv": [0, 0, 1, 1], "texture": "#glow"}
			}
		},
		{
			"from": [12.9, 13.1, 8.6],
			"to": [14.1, 14.1, 7.4],
			"light_emission": 15,
			"rotation": {"angle": 0, "axis": "y", "origin": [13, 13.025, 1.1]},
			"faces": {
				"north": {"uv": [13, 1, 14, 2], "texture": "#glow"},
				"east": {"uv": [0, 0, 1, 1], "texture": "#glow"},
				"south": {"uv": [13, 1, 14, 2], "texture": "#glow"},
				"west": {"uv": [0, 0, 1, 1], "texture": "#glow"},
				"up": {"uv": [0, 0, 1, 1], "texture": "#glow"},
				"down": {"uv": [0, 0, 1, 1], "texture": "#glow"}
			}
		},
		{
			"from": [13.1, 12.9, 8.6],
			"to": [14.1, 13.1, 7.4],
			"light_emission": 15,
			"rotation": {"angle": 0, "axis": "y", "origin": [13, 13.025, 1.1]},
			"faces": {
				"north": {"uv": [13, 1, 14, 2], "texture": "#glow"},
				"east": {"uv": [0, 0, 1, 1], "texture": "#glow"},
				"south": {"uv": [13, 1, 14, 2], "texture": "#glow"},
				"west": {"uv": [0, 0, 1, 1], "texture": "#glow"},
				"up": {"uv": [0, 0, 1, 1], "texture": "#glow"},
				"down": {"uv": [0, 0, 1, 1], "texture": "#glow"}
			}
		},
		{
			"from": [7.9, 7.9, 8.6],
			"to": [13.1, 13.1, 7.4],
			"light_emission": 15,
			"rotation": {"angle": 0, "axis": "y", "origin": [8.1, 8.125, 1.1]},
			"faces": {
				"north": {"uv": [13, 1, 14, 2], "texture": "#glow"},
				"east": {"uv": [0, 0, 1, 1], "texture": "#glow"},
				"south": {"uv": [13, 1, 14, 2], "texture": "#glow"},
				"west": {"uv": [0, 0, 1, 1], "texture": "#glow"},
				"up": {"uv": [0, 0, 1, 1], "texture": "#glow"},
				"down": {"uv": [0, 0, 1, 1], "texture": "#glow"}
			}
		},
		{
			"from": [8.9, 13.1, 8.6],
			"to": [11.1, 15.1, 7.4],
			"light_emission": 15,
			"rotation": {"angle": 0, "axis": "y", "origin": [8.1, 10.125, 1.1]},
			"faces": {
				"north": {"uv": [13, 1, 14, 2], "texture": "#glow"},
				"east": {"uv": [0, 0, 1, 1], "texture": "#glow"},
				"south": {"uv": [13, 1, 14, 2], "texture": "#glow"},
				"west": {"uv": [0, 0, 1, 1], "texture": "#glow"},
				"up": {"uv": [0, 0, 1, 1], "texture": "#glow"},
				"down": {"uv": [0, 0, 1, 1], "texture": "#glow"}
			}
		},
		{
			"from": [9.9, 5.9, 8.6],
			"to": [12.1, 7.9, 7.4],
			"light_emission": 15,
			"rotation": {"angle": 0, "axis": "y", "origin": [9.1, 2.925, 1.1]},
			"faces": {
				"north": {"uv": [13, 1, 14, 2], "texture": "#glow"},
				"east": {"uv": [0, 0, 1, 1], "texture": "#glow"},
				"south": {"uv": [13, 1, 14, 2], "texture": "#glow"},
				"west": {"uv": [0, 0, 1, 1], "texture": "#glow"},
				"up": {"uv": [0, 0, 1, 1], "texture": "#glow"},
				"down": {"uv": [0, 0, 1, 1], "texture": "#glow"}
			}
		},
		{
			"from": [13.1, 8.9, 8.6],
			"to": [15.1, 11.1, 7.4],
			"light_emission": 15,
			"rotation": {"angle": 0, "axis": "y", "origin": [12.1, 5.925, 1.1]},
			"faces": {
				"north": {"uv": [13, 1, 14, 2], "texture": "#glow"},
				"east": {"uv": [0, 0, 1, 1], "texture": "#glow"},
				"south": {"uv": [13, 1, 14, 2], "texture": "#glow"},
				"west": {"uv": [0, 0, 1, 1], "texture": "#glow"},
				"up": {"uv": [0, 0, 1, 1], "texture": "#glow"},
				"down": {"uv": [0, 0, 1, 1], "texture": "#glow"}
			}
		},
		{
			"from": [5.9, 9.9, 8.6],
			"to": [7.9, 12.1, 7.4],
			"light_emission": 15,
			"rotation": {"angle": 0, "axis": "y", "origin": [4.9, 6.925, 1.1]},
			"faces": {
				"north": {"uv": [13, 1, 14, 2], "texture": "#glow"},
				"east": {"uv": [0, 0, 1, 1], "texture": "#glow"},
				"south": {"uv": [13, 1, 14, 2], "texture": "#glow"},
				"west": {"uv": [0, 0, 1, 1], "texture": "#glow"},
				"up": {"uv": [0, 0, 1, 1], "texture": "#glow"},
				"down": {"uv": [0, 0, 1, 1], "texture": "#glow"}
			}
		},
		{
			"from": [6.9, 7.9, 8.6],
			"to": [7.9, 8.1, 7.4],
			"light_emission": 15,
			"rotation": {"angle": 0, "axis": "y", "origin": [5.1, 4.125, 1.1]},
			"faces": {
				"north": {"uv": [13, 1, 14, 2], "texture": "#glow"},
				"east": {"uv": [0, 0, 1, 1], "texture": "#glow"},
				"south": {"uv": [13, 1, 14, 2], "texture": "#glow"},
				"west": {"uv": [0, 0, 1, 1], "texture": "#glow"},
				"up": {"uv": [0, 0, 1, 1], "texture": "#glow"},
				"down": {"uv": [0, 0, 1, 1], "texture": "#glow"}
			}
		},
		{
			"from": [6.9, 6.9, 8.6],
			"to": [8.1, 7.9, 7.4],
			"light_emission": 15,
			"rotation": {"angle": 0, "axis": "y", "origin": [5.1, 3.925, 1.1]},
			"faces": {
				"north": {"uv": [13, 1, 14, 2], "texture": "#glow"},
				"east": {"uv": [0, 0, 1, 1], "texture": "#glow"},
				"south": {"uv": [13, 1, 14, 2], "texture": "#glow"},
				"west": {"uv": [0, 0, 1, 1], "texture": "#glow"},
				"up": {"uv": [0, 0, 1, 1], "texture": "#glow"},
				"down": {"uv": [0, 0, 1, 1], "texture": "#glow"}
			}
		},
		{
			"from": [6.9, 8.9, 8.6],
			"to": [7.9, 9.9, 7.4],
			"light_emission": 15,
			"rotation": {"angle": 0, "axis": "y", "origin": [5.1, 5.925, 1.1]},
			"faces": {
				"north": {"uv": [13, 1, 14, 2], "texture": "#glow"},
				"east": {"uv": [0, 0, 1, 1], "texture": "#glow"},
				"south": {"uv": [13, 1, 14, 2], "texture": "#glow"},
				"west": {"uv": [0, 0, 1, 1], "texture": "#glow"},
				"up": {"uv": [0, 0, 1, 1], "texture": "#glow"},
				"down": {"uv": [0, 0, 1, 1], "texture": "#glow"}
			}
		},
		{
			"from": [6.9, 12.1, 8.6],
			"to": [7.9, 13.1, 7.4],
			"light_emission": 15,
			"rotation": {"angle": 0, "axis": "y", "origin": [5.1, 9.125, 1.1]},
			"faces": {
				"north": {"uv": [13, 1, 14, 2], "texture": "#glow"},
				"east": {"uv": [0, 0, 1, 1], "texture": "#glow"},
				"south": {"uv": [13, 1, 14, 2], "texture": "#glow"},
				"west": {"uv": [0, 0, 1, 1], "texture": "#glow"},
				"up": {"uv": [0, 0, 1, 1], "texture": "#glow"},
				"down": {"uv": [0, 0, 1, 1], "texture": "#glow"}
			}
		},
		{
			"from": [13.1, 11.1, 8.6],
			"to": [14.1, 12.1, 7.4],
			"light_emission": 15,
			"rotation": {"angle": 0, "axis": "y", "origin": [11.3, 8.125, 1.1]},
			"faces": {
				"north": {"uv": [13, 1, 14, 2], "texture": "#glow"},
				"east": {"uv": [0, 0, 1, 1], "texture": "#glow"},
				"south": {"uv": [13, 1, 14, 2], "texture": "#glow"},
				"west": {"uv": [0, 0, 1, 1], "texture": "#glow"},
				"up": {"uv": [0, 0, 1, 1], "texture": "#glow"},
				"down": {"uv": [0, 0, 1, 1], "texture": "#glow"}
			}
		},
		{
			"from": [11.1, 13.1, 8.6],
			"to": [12.1, 14.1, 7.4],
			"light_emission": 15,
			"rotation": {"angle": 0, "axis": "y", "origin": [9.3, 10.125, 1.1]},
			"faces": {
				"north": {"uv": [13, 1, 14, 2], "texture": "#glow"},
				"east": {"uv": [0, 0, 1, 1], "texture": "#glow"},
				"south": {"uv": [13, 1, 14, 2], "texture": "#glow"},
				"west": {"uv": [0, 0, 1, 1], "texture": "#glow"},
				"up": {"uv": [0, 0, 1, 1], "texture": "#glow"},
				"down": {"uv": [0, 0, 1, 1], "texture": "#glow"}
			}
		},
		{
			"from": [7.9, 13.1, 8.6],
			"to": [8.9, 14.1, 7.4],
			"light_emission": 15,
			"rotation": {"angle": 0, "axis": "y", "origin": [6.1, 10.125, 1.1]},
			"faces": {
				"north": {"uv": [13, 1, 14, 2], "texture": "#glow"},
				"east": {"uv": [0, 0, 1, 1], "texture": "#glow"},
				"south": {"uv": [13, 1, 14, 2], "texture": "#glow"},
				"west": {"uv": [0, 0, 1, 1], "texture": "#glow"},
				"up": {"uv": [0, 0, 1, 1], "texture": "#glow"},
				"down": {"uv": [0, 0, 1, 1], "texture": "#glow"}
			}
		},
		{
			"from": [8.9, 6.9, 8.6],
			"to": [9.9, 7.9, 7.4],
			"light_emission": 15,
			"rotation": {"angle": 0, "axis": "y", "origin": [7.1, 3.925, 1.1]},
			"faces": {
				"north": {"uv": [13, 1, 14, 2], "texture": "#glow"},
				"east": {"uv": [0, 0, 1, 1], "texture": "#glow"},
				"south": {"uv": [13, 1, 14, 2], "texture": "#glow"},
				"west": {"uv": [0, 0, 1, 1], "texture": "#glow"},
				"up": {"uv": [0, 0, 1, 1], "texture": "#glow"},
				"down": {"uv": [0, 0, 1, 1], "texture": "#glow"}
			}
		},
		{
			"from": [12.1, 6.9, 8.6],
			"to": [13.1, 7.9, 7.4],
			"light_emission": 15,
			"rotation": {"angle": 0, "axis": "y", "origin": [10.3, 3.925, 1.1]},
			"faces": {
				"north": {"uv": [13, 1, 14, 2], "texture": "#glow"},
				"east": {"uv": [0, 0, 1, 1], "texture": "#glow"},
				"south": {"uv": [13, 1, 14, 2], "texture": "#glow"},
				"west": {"uv": [0, 0, 1, 1], "texture": "#glow"},
				"up": {"uv": [0, 0, 1, 1], "texture": "#glow"},
				"down": {"uv": [0, 0, 1, 1], "texture": "#glow"}
			}
		},
		{
			"from": [13.1, 7.9, 8.6],
			"to": [14.1, 8.9, 7.4],
			"light_emission": 15,
			"rotation": {"angle": 0, "axis": "y", "origin": [11.3, 4.925, 1.1]},
			"faces": {
				"north": {"uv": [13, 1, 14, 2], "texture": "#glow"},
				"east": {"uv": [0, 0, 1, 1], "texture": "#glow"},
				"south": {"uv": [13, 1, 14, 2], "texture": "#glow"},
				"west": {"uv": [0, 0, 1, 1], "texture": "#glow"},
				"up": {"uv": [0, 0, 1, 1], "texture": "#glow"},
				"down": {"uv": [0, 0, 1, 1], "texture": "#glow"}
			}
		},
		{
			"from": [5.9, 6.9, 8.6],
			"to": [6.9, 7.1, 7.4],
			"light_emission": 15,
			"rotation": {"angle": 0, "axis": "y", "origin": [4.1, 3.125, 1.1]},
			"faces": {
				"north": {"uv": [13, 1, 14, 2], "texture": "#glow"},
				"east": {"uv": [0, 0, 1, 1], "texture": "#glow"},
				"south": {"uv": [13, 1, 14, 2], "texture": "#glow"},
				"west": {"uv": [0, 0, 1, 1], "texture": "#glow"},
				"up": {"uv": [0, 0, 1, 1], "texture": "#glow"},
				"down": {"uv": [0, 0, 1, 1], "texture": "#glow"}
			}
		},
		{
			"from": [5.9, 5.9, 8.6],
			"to": [7.1, 6.9, 7.4],
			"light_emission": 15,
			"rotation": {"angle": 0, "axis": "y", "origin": [4.1, 2.925, 1.1]},
			"faces": {
				"north": {"uv": [13, 1, 14, 2], "texture": "#glow"},
				"east": {"uv": [0, 0, 1, 1], "texture": "#glow"},
				"south": {"uv": [13, 1, 14, 2], "texture": "#glow"},
				"west": {"uv": [0, 0, 1, 1], "texture": "#glow"},
				"up": {"uv": [0, 0, 1, 1], "texture": "#glow"},
				"down": {"uv": [0, 0, 1, 1], "texture": "#glow"}
			}
		},
		{
			"from": [3.9, 4.9, 8.6],
			"to": [4.9, 5.1, 7.4],
			"light_emission": 15,
			"rotation": {"angle": 0, "axis": "y", "origin": [2.1, 1.125, 1.1]},
			"faces": {
				"north": {"uv": [13, 1, 14, 2], "texture": "#glow"},
				"east": {"uv": [0, 0, 1, 1], "texture": "#glow"},
				"south": {"uv": [13, 1, 14, 2], "texture": "#glow"},
				"west": {"uv": [0, 0, 1, 1], "texture": "#glow"},
				"up": {"uv": [0, 0, 1, 1], "texture": "#glow"},
				"down": {"uv": [0, 0, 1, 1], "texture": "#glow"}
			}
		},
		{
			"from": [3.9, 3.9, 8.6],
			"to": [5.1, 4.9, 7.4],
			"light_emission": 15,
			"rotation": {"angle": 0, "axis": "y", "origin": [2.1, 0.925, 1.1]},
			"faces": {
				"north": {"uv": [13, 1, 14, 2], "texture": "#glow"},
				"east": {"uv": [0, 0, 1, 1], "texture": "#glow"},
				"south": {"uv": [13, 1, 14, 2], "texture": "#glow"},
				"west": {"uv": [0, 0, 1, 1], "texture": "#glow"},
				"up": {"uv": [0, 0, 1, 1], "texture": "#glow"},
				"down": {"uv": [0, 0, 1, 1], "texture": "#glow"}
			}
		},
		{
			"from": [4.9, 4.9, 8.6],
			"to": [6.1, 5.9, 7.4],
			"light_emission": 15,
			"rotation": {"angle": 0, "axis": "y", "origin": [3.1, 1.925, 1.1]},
			"faces": {
				"north": {"uv": [13, 1, 14, 2], "texture": "#glow"},
				"east": {"uv": [0, 0, 1, 1], "texture": "#glow"},
				"south": {"uv": [13, 1, 14, 2], "texture": "#glow"},
				"west": {"uv": [0, 0, 1, 1], "texture": "#glow"},
				"up": {"uv": [0, 0, 1, 1], "texture": "#glow"},
				"down": {"uv": [0, 0, 1, 1], "texture": "#glow"}
			}
		},
		{
			"from": [4.9, 5.9, 8.6],
			"to": [5.9, 6.1, 7.4],
			"light_emission": 15,
			"rotation": {"angle": 0, "axis": "y", "origin": [3.1, 2.125, 1.1]},
			"faces": {
				"north": {"uv": [13, 1, 14, 2], "texture": "#glow"},
				"east": {"uv": [0, 0, 1, 1], "texture": "#glow"},
				"south": {"uv": [13, 1, 14, 2], "texture": "#glow"},
				"west": {"uv": [0, 0, 1, 1], "texture": "#glow"},
				"up": {"uv": [0, 0, 1, 1], "texture": "#glow"},
				"down": {"uv": [0, 0, 1, 1], "texture": "#glow"}
			}
		},
		{
			"from": [1.9, 2.9, 8.6],
			"to": [2.9, 3.1, 7.4],
			"light_emission": 15,
			"rotation": {"angle": 0, "axis": "y", "origin": [0.1, -0.875, 1.1]},
			"faces": {
				"north": {"uv": [13, 1, 14, 2], "texture": "#glow"},
				"east": {"uv": [0, 0, 1, 1], "texture": "#glow"},
				"south": {"uv": [13, 1, 14, 2], "texture": "#glow"},
				"west": {"uv": [0, 0, 1, 1], "texture": "#glow"},
				"up": {"uv": [0, 0, 1, 1], "texture": "#glow"},
				"down": {"uv": [0, 0, 1, 1], "texture": "#glow"}
			}
		},
		{
			"from": [1.9, 1.9, 8.6],
			"to": [3.1, 2.9, 7.4],
			"light_emission": 15,
			"rotation": {"angle": 0, "axis": "y", "origin": [0.1, -1.075, 1.1]},
			"faces": {
				"north": {"uv": [13, 1, 14, 2], "texture": "#glow"},
				"east": {"uv": [0, 0, 1, 1], "texture": "#glow"},
				"south": {"uv": [13, 1, 14, 2], "texture": "#glow"},
				"west": {"uv": [0, 0, 1, 1], "texture": "#glow"},
				"up": {"uv": [0, 0, 1, 1], "texture": "#glow"},
				"down": {"uv": [0, 0, 1, 1], "texture": "#glow"}
			}
		},
		{
			"from": [2.9, 2.9, 8.6],
			"to": [4.1, 3.9, 7.4],
			"light_emission": 15,
			"rotation": {"angle": 0, "axis": "y", "origin": [1.1, -0.075, 1.1]},
			"faces": {
				"north": {"uv": [13, 1, 14, 2], "texture": "#glow"},
				"east": {"uv": [0, 0, 1, 1], "texture": "#glow"},
				"south": {"uv": [13, 1, 14, 2], "texture": "#glow"},
				"west": {"uv": [0, 0, 1, 1], "texture": "#glow"},
				"up": {"uv": [0, 0, 1, 1], "texture": "#glow"},
				"down": {"uv": [0, 0, 1, 1], "texture": "#glow"}
			}
		},
		{
			"from": [2.9, 3.9, 8.6],
			"to": [3.9, 4.1, 7.4],
			"light_emission": 15,
			"rotation": {"angle": 0, "axis": "y", "origin": [1.1, 0.125, 1.1]},
			"faces": {
				"north": {"uv": [13, 1, 14, 2], "texture": "#glow"},
				"east": {"uv": [0, 0, 1, 1], "texture": "#glow"},
				"south": {"uv": [13, 1, 14, 2], "texture": "#glow"},
				"west": {"uv": [0, 0, 1, 1], "texture": "#glow"},
				"up": {"uv": [0, 0, 1, 1], "texture": "#glow"},
				"down": {"uv": [0, 0, 1, 1], "texture": "#glow"}
			}
		},
		{
			"from": [8.9, 15.1, 8.6],
			"to": [11.1, 16.1, 7.4],
			"light_emission": 15,
			"rotation": {"angle": 0, "axis": "y", "origin": [9, 15.025, 1.1]},
			"faces": {
				"north": {"uv": [9, 0, 10, 1], "texture": "#glow"},
				"east": {"uv": [9, 0, 10, 1], "texture": "#glow"},
				"south": {"uv": [9, 0, 10, 1], "texture": "#glow"},
				"west": {"uv": [9, 0, 10, 1], "texture": "#glow"},
				"up": {"uv": [9, 0, 10, 1], "texture": "#glow"},
				"down": {"uv": [0, 0, 1, 1], "texture": "#glow"}
			}
		}
	],
	"gui_light": "front",
	"display": {
		"gui": {
			"scale": [1.05, 1, 1.05]
		}
	},
	"groups": [
		{
			"name": "emissive_1",
			"origin": [12, 15, 0],
			"color": 0,
			"children": [
				0,
				1,
				2,
				3,
				4,
				5,
				6,
				7,
				8,
				9,
				10,
				11,
				12,
				13,
				14,
				15,
				16,
				17,
				18,
				19,
				20,
				21,
				22,
				23,
				24,
				25,
				26,
				27,
				28,
				29,
				30,
				31,
				32,
				33,
				34,
				35,
				36,
				37,
				38,
				39,
				40,
				41,
				42,
				43,
				44,
				45,
				46,
				47,
				48,
				49,
				50,
				51,
				52,
				53,
				54,
				55,
				56,
				57,
				58,
				59,
				60
			]
		}
	]
}