{
	"credit": "Made with Blockbench",
	"texture_size": [64, 64],
	"textures": {
		"0": "item/enchanted_tool_overlays/shield_enchantment_outline",
		"particle": "item/enchanted_tool_overlays/shield_enchantment_outline"
	},
	"elements": [
		{
			"name": "Cube",
			"from": [1.9, -0.65, 9.1],
			"to": [14.1, 21.45, 7.9],
			"light_emission": 15,
			"rotation": {"angle": 0, "axis": "y", "origin": [0, -0.55, -1.9]},
			"faces": {
				"north": {"uv": [3.5, 0.25, 6.5, 5.75], "texture": "#0"},
				"east": {"uv": [3.25, 0.5, 3.5, 5.75], "texture": "#0"},
				"south": {"uv": [0.25, 0.25, 3.25, 5.75], "texture": "#0"},
				"west": {"uv": [0, 0.25, 0.25, 5.75], "texture": "#0"},
				"up": {"uv": [0.25, 0, 3, 0.25], "texture": "#0"},
				"down": {"uv": [3.25, 0, 6.25, 0.25], "texture": "#0"}
			}
		},
		{
			"name": "Cube",
			"from": [9.1, 7.35, 1.9],
			"to": [6.9, 13.55, 8.1],
			"light_emission": 15,
			"rotation": {"angle": 0, "axis": "y", "origin": [2.1, -0.55, -3]},
			"faces": {
				"north": {"uv": [10, 1.5, 10.5, 3], "texture": "#0"},
				"east": {"uv": [8.5, 1.5, 10, 3], "texture": "#0"},
				"south": {"uv": [8, 1.5, 8.5, 3], "texture": "#0"},
				"west": {"uv": [6.5, 1.5, 8, 3], "texture": "#0"},
				"up": {"uv": [8, 0, 8.5, 1.5], "texture": "#0"},
				"down": {"uv": [8.5, 0, 9, 1.5], "texture": "#0"}
			}
		}
	],
	"gui_light": "front",
	"display": {
		"thirdperson_righthand": {
			"rotation": [45, 135, 0],
			"translation": [4.26, -3.75, -1.75]
		},
		"firstperson_righthand": {
			"rotation": [0, 180, -5],
			"translation": [-3.9, -10.7, -2],
			"scale": [1.25, 1.25, 1.25]
		},
		"firstperson_lefthand": {
			"rotation": [0, 180, -5],
			"translation": [-3.9, -10.7, -2],
			"scale": [1.25, 1.25, 1.25]
		},
		"ground": {
			"translation": [0, 1.25, -0.5],
			"scale": [0.25, 0.25, 0.25]
		},
		"gui": {
			"rotation": [15, -25, -5],
			"translation": [-1.375, -1.52, -10],
			"scale": [0.7, 0.7, 0.7]
		},
		"fixed": {
			"rotation": [0, 180, 0],
			"scale": [0.5, 0.5, 0.5]
		}
	}
}