{
	"format_version": "1.21.6",
	"credit": "Made with Blockbench",
	"texture_size": [64, 64],
	"textures": {
		"0": "item/enchanted_tool_overlays/shield_enchantment_outline",
		"particle": "item/enchanted_tool_overlays/shield_enchantment_outline"
	},
	"elements": [
		{
			"name": "Cube",
			"from": [-6.1, -11.1, 2.1],
			"to": [6.1, 11.1, 0.9],
			"light_emission": 15,
			"rotation": {"angle": 0, "axis": "y", "origin": [-8, -11, -8.9]},
			"faces": {
				"north": {"uv": [3.5, 0.25, 6.5, 5.75], "texture": "#0"},
				"east": {"uv": [3.25, 0.5, 3.5, 5.75], "texture": "#0"},
				"south": {"uv": [0.25, 0.25, 3.25, 5.75], "texture": "#0"},
				"west": {"uv": [0, 0.25, 0.25, 5.75], "texture": "#0"},
				"up": {"uv": [0.25, 0, 3, 0.25], "texture": "#0"},
				"down": {"uv": [3.25, 0, 6.25, 0.25], "texture": "#0"}
			}
		},
		{
			"name": "Cube",
			"from": [1.1, -3.1, -5.1],
			"to": [-1.1, 3.1, 1.1],
			"light_emission": 15,
			"rotation": {"angle": 0, "axis": "y", "origin": [-5.9, -11, -10]},
			"faces": {
				"north": {"uv": [10, 1.5, 10.5, 3], "texture": "#0"},
				"east": {"uv": [8.5, 1.5, 10, 3], "texture": "#0"},
				"south": {"uv": [8, 1.5, 8.5, 3], "texture": "#0"},
				"west": {"uv": [6.5, 1.5, 8, 3], "texture": "#0"},
				"up": {"uv": [8, 0, 8.5, 1.5], "texture": "#0"},
				"down": {"uv": [8.5, 0, 9, 1.5], "texture": "#0"}
			}
		}
	],
	"gui_light": "front",
	"display": {
		"thirdperson_righthand": {
			"rotation": [0, 90, 0],
			"translation": [10, 6, -4]
		},
		"thirdperson_lefthand": {
			"rotation": [0, 90, 0],
			"translation": [10, 6, 12]
		},
		"firstperson_righthand": {
			"rotation": [0, -180, -5],
			"translation": [-15, 5, -11],
			"scale": [1.25, 1.25, 1.25]
		},
		"firstperson_lefthand": {
			"rotation": [0, -180, -5],
			"translation": [5, 5, -11],
			"scale": [1.25, 1.25, 1.25]
		},
		"ground": {
			"translation": [0, 4, 0],
			"scale": [0.25, 0.25, 0.25]
		},
		"gui": {
			"rotation": [15, -25, -5],
			"translation": [2.25, 3.5, 0],
			"scale": [0.7, 0.7, 0.7]
		},
		"fixed": {
			"rotation": [0, -180, 0],
			"scale": [0.5, 0.5, 0.5]
		}
	}
}