{
	"format_version": "1.21.6",
	"credit": "Made with Blockbench",
	"textures": {
		"layer0": "item/bow_pulling_0",
		"2": "item/enchanted_tool_overlays/enchantment_outline",
		"particle": "item/bow_pulling_0"
	},
	"elements": [
		{
			"name": "bow_pulling_0_0",
			"from": [1, 15, 7.5],
			"to": [2, 16, 8.5],
			"faces": {
				"north": {"uv": [1, 1, 2, 0], "rotation": 180, "texture": "#layer0"},
				"east": {"uv": [1, 0, 2, 1], "texture": "#layer0"},
				"south": {"uv": [1, 0, 2, 1], "texture": "#layer0"},
				"west": {"uv": [1, 0, 2, 1], "texture": "#layer0"},
				"up": {"uv": [2, 0, 1, 1], "rotation": 180, "texture": "#layer0"},
				"down": {"uv": [1, 0, 2, 1], "texture": "#layer0"}
			}
		},
		{
			"name": "bow_pulling_0_1",
			"from": [1, 14, 7.5],
			"to": [2, 15, 8.5],
			"faces": {
				"north": {"uv": [1, 2, 2, 1], "rotation": 180, "texture": "#layer0"},
				"east": {"uv": [1, 1, 2, 2], "texture": "#layer0"},
				"south": {"uv": [1, 1, 2, 2], "texture": "#layer0"},
				"west": {"uv": [1, 1, 2, 2], "texture": "#layer0"},
				"up": {"uv": [2, 1, 1, 2], "rotation": 180, "texture": "#layer0"},
				"down": {"uv": [1, 1, 2, 2], "texture": "#layer0"}
			}
		},
		{
			"name": "bow_pulling_0_2",
			"from": [2, 14, 7.5],
			"to": [3, 15, 8.5],
			"faces": {
				"north": {"uv": [2, 2, 3, 1], "rotation": 180, "texture": "#layer0"},
				"east": {"uv": [2, 1, 3, 2], "texture": "#layer0"},
				"south": {"uv": [2, 1, 3, 2], "texture": "#layer0"},
				"west": {"uv": [2, 1, 3, 2], "texture": "#layer0"},
				"up": {"uv": [3, 1, 2, 2], "rotation": 180, "texture": "#layer0"},
				"down": {"uv": [2, 1, 3, 2], "texture": "#layer0"}
			}
		},
		{
			"name": "bow_pulling_0_3",
			"from": [11, 14, 7.5],
			"to": [12, 15, 8.5],
			"faces": {
				"north": {"uv": [11, 2, 12, 1], "rotation": 180, "texture": "#layer0"},
				"east": {"uv": [11, 1, 12, 2], "texture": "#layer0"},
				"south": {"uv": [11, 1, 12, 2], "texture": "#layer0"},
				"west": {"uv": [11, 1, 12, 2], "texture": "#layer0"},
				"up": {"uv": [12, 1, 11, 2], "rotation": 180, "texture": "#layer0"},
				"down": {"uv": [11, 1, 12, 2], "texture": "#layer0"}
			}
		},
		{
			"name": "bow_pulling_0_4",
			"from": [12, 14, 7.5],
			"to": [13, 15, 8.5],
			"faces": {
				"north": {"uv": [12, 2, 13, 1], "rotation": 180, "texture": "#layer0"},
				"east": {"uv": [12, 1, 13, 2], "texture": "#layer0"},
				"south": {"uv": [12, 1, 13, 2], "texture": "#layer0"},
				"west": {"uv": [12, 1, 13, 2], "texture": "#layer0"},
				"up": {"uv": [13, 1, 12, 2], "rotation": 180, "texture": "#layer0"},
				"down": {"uv": [12, 1, 13, 2], "texture": "#layer0"}
			}
		},
		{
			"name": "bow_pulling_0_5",
			"from": [13, 14, 7.5],
			"to": [14, 15, 8.5],
			"faces": {
				"north": {"uv": [13, 2, 14, 1], "rotation": 180, "texture": "#layer0"},
				"east": {"uv": [13, 1, 14, 2], "texture": "#layer0"},
				"south": {"uv": [13, 1, 14, 2], "texture": "#layer0"},
				"west": {"uv": [13, 1, 14, 2], "texture": "#layer0"},
				"up": {"uv": [14, 1, 13, 2], "rotation": 180, "texture": "#layer0"},
				"down": {"uv": [13, 1, 14, 2], "texture": "#layer0"}
			}
		},
		{
			"name": "bow_pulling_0_6",
			"from": [14, 14, 7.5],
			"to": [15, 15, 8.5],
			"faces": {
				"north": {"uv": [14, 2, 15, 1], "rotation": 180, "texture": "#layer0"},
				"east": {"uv": [14, 1, 15, 2], "texture": "#layer0"},
				"south": {"uv": [14, 1, 15, 2], "texture": "#layer0"},
				"west": {"uv": [14, 1, 15, 2], "texture": "#layer0"},
				"up": {"uv": [15, 1, 14, 2], "rotation": 180, "texture": "#layer0"},
				"down": {"uv": [14, 1, 15, 2], "texture": "#layer0"}
			}
		},
		{
			"name": "bow_pulling_0_7",
			"from": [2, 13, 7.5],
			"to": [3, 14, 8.5],
			"faces": {
				"north": {"uv": [2, 3, 3, 2], "rotation": 180, "texture": "#layer0"},
				"east": {"uv": [2, 2, 3, 3], "texture": "#layer0"},
				"south": {"uv": [2, 2, 3, 3], "texture": "#layer0"},
				"west": {"uv": [2, 2, 3, 3], "texture": "#layer0"},
				"up": {"uv": [3, 2, 2, 3], "rotation": 180, "texture": "#layer0"},
				"down": {"uv": [2, 2, 3, 3], "texture": "#layer0"}
			}
		},
		{
			"name": "bow_pulling_0_8",
			"from": [3, 13, 7.5],
			"to": [4, 14, 8.5],
			"faces": {
				"north": {"uv": [3, 3, 4, 2], "rotation": 180, "texture": "#layer0"},
				"east": {"uv": [3, 2, 4, 3], "texture": "#layer0"},
				"south": {"uv": [3, 2, 4, 3], "texture": "#layer0"},
				"west": {"uv": [3, 2, 4, 3], "texture": "#layer0"},
				"up": {"uv": [4, 2, 3, 3], "rotation": 180, "texture": "#layer0"},
				"down": {"uv": [3, 2, 4, 3], "texture": "#layer0"}
			}
		},
		{
			"name": "bow_pulling_0_9",
			"from": [8, 13, 7.5],
			"to": [9, 14, 8.5],
			"faces": {
				"north": {"uv": [8, 3, 9, 2], "rotation": 180, "texture": "#layer0"},
				"east": {"uv": [8, 2, 9, 3], "texture": "#layer0"},
				"south": {"uv": [8, 2, 9, 3], "texture": "#layer0"},
				"west": {"uv": [8, 2, 9, 3], "texture": "#layer0"},
				"up": {"uv": [9, 2, 8, 3], "rotation": 180, "texture": "#layer0"},
				"down": {"uv": [8, 2, 9, 3], "texture": "#layer0"}
			}
		},
		{
			"name": "bow_pulling_0_10",
			"from": [9, 13, 7.5],
			"to": [10, 14, 8.5],
			"faces": {
				"north": {"uv": [9, 3, 10, 2], "rotation": 180, "texture": "#layer0"},
				"east": {"uv": [9, 2, 10, 3], "texture": "#layer0"},
				"south": {"uv": [9, 2, 10, 3], "texture": "#layer0"},
				"west": {"uv": [9, 2, 10, 3], "texture": "#layer0"},
				"up": {"uv": [10, 2, 9, 3], "rotation": 180, "texture": "#layer0"},
				"down": {"uv": [9, 2, 10, 3], "texture": "#layer0"}
			}
		},
		{
			"name": "bow_pulling_0_11",
			"from": [10, 13, 7.5],
			"to": [11, 14, 8.5],
			"faces": {
				"north": {"uv": [10, 3, 11, 2], "rotation": 180, "texture": "#layer0"},
				"east": {"uv": [10, 2, 11, 3], "texture": "#layer0"},
				"south": {"uv": [10, 2, 11, 3], "texture": "#layer0"},
				"west": {"uv": [10, 2, 11, 3], "texture": "#layer0"},
				"up": {"uv": [11, 2, 10, 3], "rotation": 180, "texture": "#layer0"},
				"down": {"uv": [10, 2, 11, 3], "texture": "#layer0"}
			}
		},
		{
			"name": "bow_pulling_0_12",
			"from": [11, 13, 7.5],
			"to": [12, 14, 8.5],
			"faces": {
				"north": {"uv": [11, 3, 12, 2], "rotation": 180, "texture": "#layer0"},
				"east": {"uv": [11, 2, 12, 3], "texture": "#layer0"},
				"south": {"uv": [11, 2, 12, 3], "texture": "#layer0"},
				"west": {"uv": [11, 2, 12, 3], "texture": "#layer0"},
				"up": {"uv": [12, 2, 11, 3], "rotation": 180, "texture": "#layer0"},
				"down": {"uv": [11, 2, 12, 3], "texture": "#layer0"}
			}
		},
		{
			"name": "bow_pulling_0_13",
			"from": [12, 13, 7.5],
			"to": [13, 14, 8.5],
			"faces": {
				"north": {"uv": [12, 3, 13, 2], "rotation": 180, "texture": "#layer0"},
				"east": {"uv": [12, 2, 13, 3], "texture": "#layer0"},
				"south": {"uv": [12, 2, 13, 3], "texture": "#layer0"},
				"west": {"uv": [12, 2, 13, 3], "texture": "#layer0"},
				"up": {"uv": [13, 2, 12, 3], "rotation": 180, "texture": "#layer0"},
				"down": {"uv": [12, 2, 13, 3], "texture": "#layer0"}
			}
		},
		{
			"name": "bow_pulling_0_14",
			"from": [13, 13, 7.5],
			"to": [14, 14, 8.5],
			"faces": {
				"north": {"uv": [13, 3, 14, 2], "rotation": 180, "texture": "#layer0"},
				"east": {"uv": [13, 2, 14, 3], "texture": "#layer0"},
				"south": {"uv": [13, 2, 14, 3], "texture": "#layer0"},
				"west": {"uv": [13, 2, 14, 3], "texture": "#layer0"},
				"up": {"uv": [14, 2, 13, 3], "rotation": 180, "texture": "#layer0"},
				"down": {"uv": [13, 2, 14, 3], "texture": "#layer0"}
			}
		},
		{
			"name": "bow_pulling_0_15",
			"from": [14, 13, 7.5],
			"to": [15, 14, 8.5],
			"faces": {
				"north": {"uv": [14, 3, 15, 2], "rotation": 180, "texture": "#layer0"},
				"east": {"uv": [14, 2, 15, 3], "texture": "#layer0"},
				"south": {"uv": [14, 2, 15, 3], "texture": "#layer0"},
				"west": {"uv": [14, 2, 15, 3], "texture": "#layer0"},
				"up": {"uv": [15, 2, 14, 3], "rotation": 180, "texture": "#layer0"},
				"down": {"uv": [14, 2, 15, 3], "texture": "#layer0"}
			}
		},
		{
			"name": "bow_pulling_0_16",
			"from": [15, 13, 7.5],
			"to": [16, 14, 8.5],
			"faces": {
				"north": {"uv": [15, 3, 16, 2], "rotation": 180, "texture": "#layer0"},
				"east": {"uv": [15, 2, 16, 3], "texture": "#layer0"},
				"south": {"uv": [15, 2, 16, 3], "texture": "#layer0"},
				"west": {"uv": [15, 2, 16, 3], "texture": "#layer0"},
				"up": {"uv": [16, 2, 15, 3], "rotation": 180, "texture": "#layer0"},
				"down": {"uv": [15, 2, 16, 3], "texture": "#layer0"}
			}
		},
		{
			"name": "bow_pulling_0_17",
			"from": [3, 12, 7.5],
			"to": [4, 13, 8.5],
			"faces": {
				"north": {"uv": [3, 4, 4, 3], "rotation": 180, "texture": "#layer0"},
				"east": {"uv": [3, 3, 4, 4], "texture": "#layer0"},
				"south": {"uv": [3, 3, 4, 4], "texture": "#layer0"},
				"west": {"uv": [3, 3, 4, 4], "texture": "#layer0"},
				"up": {"uv": [4, 3, 3, 4], "rotation": 180, "texture": "#layer0"},
				"down": {"uv": [3, 3, 4, 4], "texture": "#layer0"}
			}
		},
		{
			"name": "bow_pulling_0_18",
			"from": [4, 12, 7.5],
			"to": [5, 13, 8.5],
			"faces": {
				"north": {"uv": [4, 4, 5, 3], "rotation": 180, "texture": "#layer0"},
				"east": {"uv": [4, 3, 5, 4], "texture": "#layer0"},
				"south": {"uv": [4, 3, 5, 4], "texture": "#layer0"},
				"west": {"uv": [4, 3, 5, 4], "texture": "#layer0"},
				"up": {"uv": [5, 3, 4, 4], "rotation": 180, "texture": "#layer0"},
				"down": {"uv": [4, 3, 5, 4], "texture": "#layer0"}
			}
		},
		{
			"name": "bow_pulling_0_19",
			"from": [6, 12, 7.5],
			"to": [7, 13, 8.5],
			"faces": {
				"north": {"uv": [6, 4, 7, 3], "rotation": 180, "texture": "#layer0"},
				"east": {"uv": [6, 3, 7, 4], "texture": "#layer0"},
				"south": {"uv": [6, 3, 7, 4], "texture": "#layer0"},
				"west": {"uv": [6, 3, 7, 4], "texture": "#layer0"},
				"up": {"uv": [7, 3, 6, 4], "rotation": 180, "texture": "#layer0"},
				"down": {"uv": [6, 3, 7, 4], "texture": "#layer0"}
			}
		},
		{
			"name": "bow_pulling_0_20",
			"from": [7, 12, 7.5],
			"to": [8, 13, 8.5],
			"faces": {
				"north": {"uv": [7, 4, 8, 3], "rotation": 180, "texture": "#layer0"},
				"east": {"uv": [7, 3, 8, 4], "texture": "#layer0"},
				"south": {"uv": [7, 3, 8, 4], "texture": "#layer0"},
				"west": {"uv": [7, 3, 8, 4], "texture": "#layer0"},
				"up": {"uv": [8, 3, 7, 4], "rotation": 180, "texture": "#layer0"},
				"down": {"uv": [7, 3, 8, 4], "texture": "#layer0"}
			}
		},
		{
			"name": "bow_pulling_0_21",
			"from": [8, 12, 7.5],
			"to": [9, 13, 8.5],
			"faces": {
				"north": {"uv": [8, 4, 9, 3], "rotation": 180, "texture": "#layer0"},
				"east": {"uv": [8, 3, 9, 4], "texture": "#layer0"},
				"south": {"uv": [8, 3, 9, 4], "texture": "#layer0"},
				"west": {"uv": [8, 3, 9, 4], "texture": "#layer0"},
				"up": {"uv": [9, 3, 8, 4], "rotation": 180, "texture": "#layer0"},
				"down": {"uv": [8, 3, 9, 4], "texture": "#layer0"}
			}
		},
		{
			"name": "bow_pulling_0_22",
			"from": [9, 12, 7.5],
			"to": [10, 13, 8.5],
			"faces": {
				"north": {"uv": [9, 4, 10, 3], "rotation": 180, "texture": "#layer0"},
				"east": {"uv": [9, 3, 10, 4], "texture": "#layer0"},
				"south": {"uv": [9, 3, 10, 4], "texture": "#layer0"},
				"west": {"uv": [9, 3, 10, 4], "texture": "#layer0"},
				"up": {"uv": [10, 3, 9, 4], "rotation": 180, "texture": "#layer0"},
				"down": {"uv": [9, 3, 10, 4], "texture": "#layer0"}
			}
		},
		{
			"name": "bow_pulling_0_23",
			"from": [10, 12, 7.5],
			"to": [11, 13, 8.5],
			"faces": {
				"north": {"uv": [10, 4, 11, 3], "rotation": 180, "texture": "#layer0"},
				"east": {"uv": [10, 3, 11, 4], "texture": "#layer0"},
				"south": {"uv": [10, 3, 11, 4], "texture": "#layer0"},
				"west": {"uv": [10, 3, 11, 4], "texture": "#layer0"},
				"up": {"uv": [11, 3, 10, 4], "rotation": 180, "texture": "#layer0"},
				"down": {"uv": [10, 3, 11, 4], "texture": "#layer0"}
			}
		},
		{
			"name": "bow_pulling_0_24",
			"from": [11, 12, 7.5],
			"to": [12, 13, 8.5],
			"faces": {
				"north": {"uv": [11, 4, 12, 3], "rotation": 180, "texture": "#layer0"},
				"east": {"uv": [11, 3, 12, 4], "texture": "#layer0"},
				"south": {"uv": [11, 3, 12, 4], "texture": "#layer0"},
				"west": {"uv": [11, 3, 12, 4], "texture": "#layer0"},
				"up": {"uv": [12, 3, 11, 4], "rotation": 180, "texture": "#layer0"},
				"down": {"uv": [11, 3, 12, 4], "texture": "#layer0"}
			}
		},
		{
			"name": "bow_pulling_0_25",
			"from": [12, 12, 7.5],
			"to": [13, 13, 8.5],
			"faces": {
				"north": {"uv": [12, 4, 13, 3], "rotation": 180, "texture": "#layer0"},
				"east": {"uv": [12, 3, 13, 4], "texture": "#layer0"},
				"south": {"uv": [12, 3, 13, 4], "texture": "#layer0"},
				"west": {"uv": [12, 3, 13, 4], "texture": "#layer0"},
				"up": {"uv": [13, 3, 12, 4], "rotation": 180, "texture": "#layer0"},
				"down": {"uv": [12, 3, 13, 4], "texture": "#layer0"}
			}
		},
		{
			"name": "bow_pulling_0_26",
			"from": [13, 12, 7.5],
			"to": [14, 13, 8.5],
			"faces": {
				"north": {"uv": [13, 4, 14, 3], "rotation": 180, "texture": "#layer0"},
				"east": {"uv": [13, 3, 14, 4], "texture": "#layer0"},
				"south": {"uv": [13, 3, 14, 4], "texture": "#layer0"},
				"west": {"uv": [13, 3, 14, 4], "texture": "#layer0"},
				"up": {"uv": [14, 3, 13, 4], "rotation": 180, "texture": "#layer0"},
				"down": {"uv": [13, 3, 14, 4], "texture": "#layer0"}
			}
		},
		{
			"name": "bow_pulling_0_27",
			"from": [14, 12, 7.5],
			"to": [15, 13, 8.5],
			"faces": {
				"north": {"uv": [14, 4, 15, 3], "rotation": 180, "texture": "#layer0"},
				"east": {"uv": [14, 3, 15, 4], "texture": "#layer0"},
				"south": {"uv": [14, 3, 15, 4], "texture": "#layer0"},
				"west": {"uv": [14, 3, 15, 4], "texture": "#layer0"},
				"up": {"uv": [15, 3, 14, 4], "rotation": 180, "texture": "#layer0"},
				"down": {"uv": [14, 3, 15, 4], "texture": "#layer0"}
			}
		},
		{
			"name": "bow_pulling_0_28",
			"from": [4, 11, 7.5],
			"to": [5, 12, 8.5],
			"faces": {
				"north": {"uv": [4, 5, 5, 4], "rotation": 180, "texture": "#layer0"},
				"east": {"uv": [4, 4, 5, 5], "texture": "#layer0"},
				"south": {"uv": [4, 4, 5, 5], "texture": "#layer0"},
				"west": {"uv": [4, 4, 5, 5], "texture": "#layer0"},
				"up": {"uv": [5, 4, 4, 5], "rotation": 180, "texture": "#layer0"},
				"down": {"uv": [4, 4, 5, 5], "texture": "#layer0"}
			}
		},
		{
			"name": "bow_pulling_0_29",
			"from": [5, 11, 7.5],
			"to": [6, 12, 8.5],
			"faces": {
				"north": {"uv": [5, 5, 6, 4], "rotation": 180, "texture": "#layer0"},
				"east": {"uv": [5, 4, 6, 5], "texture": "#layer0"},
				"south": {"uv": [5, 4, 6, 5], "texture": "#layer0"},
				"west": {"uv": [5, 4, 6, 5], "texture": "#layer0"},
				"up": {"uv": [6, 4, 5, 5], "rotation": 180, "texture": "#layer0"},
				"down": {"uv": [5, 4, 6, 5], "texture": "#layer0"}
			}
		},
		{
			"name": "bow_pulling_0_30",
			"from": [6, 11, 7.5],
			"to": [7, 12, 8.5],
			"faces": {
				"north": {"uv": [6, 5, 7, 4], "rotation": 180, "texture": "#layer0"},
				"east": {"uv": [6, 4, 7, 5], "texture": "#layer0"},
				"south": {"uv": [6, 4, 7, 5], "texture": "#layer0"},
				"west": {"uv": [6, 4, 7, 5], "texture": "#layer0"},
				"up": {"uv": [7, 4, 6, 5], "rotation": 180, "texture": "#layer0"},
				"down": {"uv": [6, 4, 7, 5], "texture": "#layer0"}
			}
		},
		{
			"name": "bow_pulling_0_31",
			"from": [7, 11, 7.5],
			"to": [8, 12, 8.5],
			"faces": {
				"north": {"uv": [7, 5, 8, 4], "rotation": 180, "texture": "#layer0"},
				"east": {"uv": [7, 4, 8, 5], "texture": "#layer0"},
				"south": {"uv": [7, 4, 8, 5], "texture": "#layer0"},
				"west": {"uv": [7, 4, 8, 5], "texture": "#layer0"},
				"up": {"uv": [8, 4, 7, 5], "rotation": 180, "texture": "#layer0"},
				"down": {"uv": [7, 4, 8, 5], "texture": "#layer0"}
			}
		},
		{
			"name": "bow_pulling_0_32",
			"from": [8, 11, 7.5],
			"to": [9, 12, 8.5],
			"faces": {
				"north": {"uv": [8, 5, 9, 4], "rotation": 180, "texture": "#layer0"},
				"east": {"uv": [8, 4, 9, 5], "texture": "#layer0"},
				"south": {"uv": [8, 4, 9, 5], "texture": "#layer0"},
				"west": {"uv": [8, 4, 9, 5], "texture": "#layer0"},
				"up": {"uv": [9, 4, 8, 5], "rotation": 180, "texture": "#layer0"},
				"down": {"uv": [8, 4, 9, 5], "texture": "#layer0"}
			}
		},
		{
			"name": "bow_pulling_0_33",
			"from": [9, 11, 7.5],
			"to": [10, 12, 8.5],
			"faces": {
				"north": {"uv": [9, 5, 10, 4], "rotation": 180, "texture": "#layer0"},
				"east": {"uv": [9, 4, 10, 5], "texture": "#layer0"},
				"south": {"uv": [9, 4, 10, 5], "texture": "#layer0"},
				"west": {"uv": [9, 4, 10, 5], "texture": "#layer0"},
				"up": {"uv": [10, 4, 9, 5], "rotation": 180, "texture": "#layer0"},
				"down": {"uv": [9, 4, 10, 5], "texture": "#layer0"}
			}
		},
		{
			"name": "bow_pulling_0_34",
			"from": [10, 11, 7.5],
			"to": [11, 12, 8.5],
			"faces": {
				"north": {"uv": [10, 5, 11, 4], "rotation": 180, "texture": "#layer0"},
				"east": {"uv": [10, 4, 11, 5], "texture": "#layer0"},
				"south": {"uv": [10, 4, 11, 5], "texture": "#layer0"},
				"west": {"uv": [10, 4, 11, 5], "texture": "#layer0"},
				"up": {"uv": [11, 4, 10, 5], "rotation": 180, "texture": "#layer0"},
				"down": {"uv": [10, 4, 11, 5], "texture": "#layer0"}
			}
		},
		{
			"name": "bow_pulling_0_35",
			"from": [14, 11, 7.5],
			"to": [15, 12, 8.5],
			"faces": {
				"north": {"uv": [14, 5, 15, 4], "rotation": 180, "texture": "#layer0"},
				"east": {"uv": [14, 4, 15, 5], "texture": "#layer0"},
				"south": {"uv": [14, 4, 15, 5], "texture": "#layer0"},
				"west": {"uv": [14, 4, 15, 5], "texture": "#layer0"},
				"up": {"uv": [15, 4, 14, 5], "rotation": 180, "texture": "#layer0"},
				"down": {"uv": [14, 4, 15, 5], "texture": "#layer0"}
			}
		},
		{
			"name": "bow_pulling_0_36",
			"from": [4, 10, 7.5],
			"to": [5, 11, 8.5],
			"faces": {
				"north": {"uv": [4, 6, 5, 5], "rotation": 180, "texture": "#layer0"},
				"east": {"uv": [4, 5, 5, 6], "texture": "#layer0"},
				"south": {"uv": [4, 5, 5, 6], "texture": "#layer0"},
				"west": {"uv": [4, 5, 5, 6], "texture": "#layer0"},
				"up": {"uv": [5, 5, 4, 6], "rotation": 180, "texture": "#layer0"},
				"down": {"uv": [4, 5, 5, 6], "texture": "#layer0"}
			}
		},
		{
			"name": "bow_pulling_0_37",
			"from": [5, 10, 7.5],
			"to": [6, 11, 8.5],
			"faces": {
				"north": {"uv": [5, 6, 6, 5], "rotation": 180, "texture": "#layer0"},
				"east": {"uv": [5, 5, 6, 6], "texture": "#layer0"},
				"south": {"uv": [5, 5, 6, 6], "texture": "#layer0"},
				"west": {"uv": [5, 5, 6, 6], "texture": "#layer0"},
				"up": {"uv": [6, 5, 5, 6], "rotation": 180, "texture": "#layer0"},
				"down": {"uv": [5, 5, 6, 6], "texture": "#layer0"}
			}
		},
		{
			"name": "bow_pulling_0_38",
			"from": [6, 10, 7.5],
			"to": [7, 11, 8.5],
			"faces": {
				"north": {"uv": [6, 6, 7, 5], "rotation": 180, "texture": "#layer0"},
				"east": {"uv": [6, 5, 7, 6], "texture": "#layer0"},
				"south": {"uv": [6, 5, 7, 6], "texture": "#layer0"},
				"west": {"uv": [6, 5, 7, 6], "texture": "#layer0"},
				"up": {"uv": [7, 5, 6, 6], "rotation": 180, "texture": "#layer0"},
				"down": {"uv": [6, 5, 7, 6], "texture": "#layer0"}
			}
		},
		{
			"name": "bow_pulling_0_39",
			"from": [7, 10, 7.5],
			"to": [8, 11, 8.5],
			"faces": {
				"north": {"uv": [7, 6, 8, 5], "rotation": 180, "texture": "#layer0"},
				"east": {"uv": [7, 5, 8, 6], "texture": "#layer0"},
				"south": {"uv": [7, 5, 8, 6], "texture": "#layer0"},
				"west": {"uv": [7, 5, 8, 6], "texture": "#layer0"},
				"up": {"uv": [8, 5, 7, 6], "rotation": 180, "texture": "#layer0"},
				"down": {"uv": [7, 5, 8, 6], "texture": "#layer0"}
			}
		},
		{
			"name": "bow_pulling_0_40",
			"from": [13, 10, 7.5],
			"to": [14, 11, 8.5],
			"faces": {
				"north": {"uv": [13, 6, 14, 5], "rotation": 180, "texture": "#layer0"},
				"east": {"uv": [13, 5, 14, 6], "texture": "#layer0"},
				"south": {"uv": [13, 5, 14, 6], "texture": "#layer0"},
				"west": {"uv": [13, 5, 14, 6], "texture": "#layer0"},
				"up": {"uv": [14, 5, 13, 6], "rotation": 180, "texture": "#layer0"},
				"down": {"uv": [13, 5, 14, 6], "texture": "#layer0"}
			}
		},
		{
			"name": "bow_pulling_0_41",
			"from": [3, 9, 7.5],
			"to": [4, 10, 8.5],
			"faces": {
				"north": {"uv": [3, 7, 4, 6], "rotation": 180, "texture": "#layer0"},
				"east": {"uv": [3, 6, 4, 7], "texture": "#layer0"},
				"south": {"uv": [3, 6, 4, 7], "texture": "#layer0"},
				"west": {"uv": [3, 6, 4, 7], "texture": "#layer0"},
				"up": {"uv": [4, 6, 3, 7], "rotation": 180, "texture": "#layer0"},
				"down": {"uv": [3, 6, 4, 7], "texture": "#layer0"}
			}
		},
		{
			"name": "bow_pulling_0_42",
			"from": [4, 9, 7.5],
			"to": [5, 10, 8.5],
			"faces": {
				"north": {"uv": [4, 7, 5, 6], "rotation": 180, "texture": "#layer0"},
				"east": {"uv": [4, 6, 5, 7], "texture": "#layer0"},
				"south": {"uv": [4, 6, 5, 7], "texture": "#layer0"},
				"west": {"uv": [4, 6, 5, 7], "texture": "#layer0"},
				"up": {"uv": [5, 6, 4, 7], "rotation": 180, "texture": "#layer0"},
				"down": {"uv": [4, 6, 5, 7], "texture": "#layer0"}
			}
		},
		{
			"name": "bow_pulling_0_43",
			"from": [5, 9, 7.5],
			"to": [6, 10, 8.5],
			"faces": {
				"north": {"uv": [5, 7, 6, 6], "rotation": 180, "texture": "#layer0"},
				"east": {"uv": [5, 6, 6, 7], "texture": "#layer0"},
				"south": {"uv": [5, 6, 6, 7], "texture": "#layer0"},
				"west": {"uv": [5, 6, 6, 7], "texture": "#layer0"},
				"up": {"uv": [6, 6, 5, 7], "rotation": 180, "texture": "#layer0"},
				"down": {"uv": [5, 6, 6, 7], "texture": "#layer0"}
			}
		},
		{
			"name": "bow_pulling_0_44",
			"from": [6, 9, 7.5],
			"to": [7, 10, 8.5],
			"faces": {
				"north": {"uv": [6, 7, 7, 6], "rotation": 180, "texture": "#layer0"},
				"east": {"uv": [6, 6, 7, 7], "texture": "#layer0"},
				"south": {"uv": [6, 6, 7, 7], "texture": "#layer0"},
				"west": {"uv": [6, 6, 7, 7], "texture": "#layer0"},
				"up": {"uv": [7, 6, 6, 7], "rotation": 180, "texture": "#layer0"},
				"down": {"uv": [6, 6, 7, 7], "texture": "#layer0"}
			}
		},
		{
			"name": "bow_pulling_0_45",
			"from": [7, 9, 7.5],
			"to": [8, 10, 8.5],
			"faces": {
				"north": {"uv": [7, 7, 8, 6], "rotation": 180, "texture": "#layer0"},
				"east": {"uv": [7, 6, 8, 7], "texture": "#layer0"},
				"south": {"uv": [7, 6, 8, 7], "texture": "#layer0"},
				"west": {"uv": [7, 6, 8, 7], "texture": "#layer0"},
				"up": {"uv": [8, 6, 7, 7], "rotation": 180, "texture": "#layer0"},
				"down": {"uv": [7, 6, 8, 7], "texture": "#layer0"}
			}
		},
		{
			"name": "bow_pulling_0_46",
			"from": [13, 9, 7.5],
			"to": [14, 10, 8.5],
			"faces": {
				"north": {"uv": [13, 7, 14, 6], "rotation": 180, "texture": "#layer0"},
				"east": {"uv": [13, 6, 14, 7], "texture": "#layer0"},
				"south": {"uv": [13, 6, 14, 7], "texture": "#layer0"},
				"west": {"uv": [13, 6, 14, 7], "texture": "#layer0"},
				"up": {"uv": [14, 6, 13, 7], "rotation": 180, "texture": "#layer0"},
				"down": {"uv": [13, 6, 14, 7], "texture": "#layer0"}
			}
		},
		{
			"name": "bow_pulling_0_47",
			"from": [3, 8, 7.5],
			"to": [4, 9, 8.5],
			"faces": {
				"north": {"uv": [3, 8, 4, 7], "rotation": 180, "texture": "#layer0"},
				"east": {"uv": [3, 7, 4, 8], "texture": "#layer0"},
				"south": {"uv": [3, 7, 4, 8], "texture": "#layer0"},
				"west": {"uv": [3, 7, 4, 8], "texture": "#layer0"},
				"up": {"uv": [4, 7, 3, 8], "rotation": 180, "texture": "#layer0"},
				"down": {"uv": [3, 7, 4, 8], "texture": "#layer0"}
			}
		},
		{
			"name": "bow_pulling_0_48",
			"from": [4, 8, 7.5],
			"to": [5, 9, 8.5],
			"faces": {
				"north": {"uv": [4, 8, 5, 7], "rotation": 180, "texture": "#layer0"},
				"east": {"uv": [4, 7, 5, 8], "texture": "#layer0"},
				"south": {"uv": [4, 7, 5, 8], "texture": "#layer0"},
				"west": {"uv": [4, 7, 5, 8], "texture": "#layer0"},
				"up": {"uv": [5, 7, 4, 8], "rotation": 180, "texture": "#layer0"},
				"down": {"uv": [4, 7, 5, 8], "texture": "#layer0"}
			}
		},
		{
			"name": "bow_pulling_0_49",
			"from": [5, 8, 7.5],
			"to": [6, 9, 8.5],
			"faces": {
				"north": {"uv": [5, 8, 6, 7], "rotation": 180, "texture": "#layer0"},
				"east": {"uv": [5, 7, 6, 8], "texture": "#layer0"},
				"south": {"uv": [5, 7, 6, 8], "texture": "#layer0"},
				"west": {"uv": [5, 7, 6, 8], "texture": "#layer0"},
				"up": {"uv": [6, 7, 5, 8], "rotation": 180, "texture": "#layer0"},
				"down": {"uv": [5, 7, 6, 8], "texture": "#layer0"}
			}
		},
		{
			"name": "bow_pulling_0_50",
			"from": [7, 8, 7.5],
			"to": [8, 9, 8.5],
			"faces": {
				"north": {"uv": [7, 8, 8, 7], "rotation": 180, "texture": "#layer0"},
				"east": {"uv": [7, 7, 8, 8], "texture": "#layer0"},
				"south": {"uv": [7, 7, 8, 8], "texture": "#layer0"},
				"west": {"uv": [7, 7, 8, 8], "texture": "#layer0"},
				"up": {"uv": [8, 7, 7, 8], "rotation": 180, "texture": "#layer0"},
				"down": {"uv": [7, 7, 8, 8], "texture": "#layer0"}
			}
		},
		{
			"name": "bow_pulling_0_51",
			"from": [8, 8, 7.5],
			"to": [9, 9, 8.5],
			"faces": {
				"north": {"uv": [8, 8, 9, 7], "rotation": 180, "texture": "#layer0"},
				"east": {"uv": [8, 7, 9, 8], "texture": "#layer0"},
				"south": {"uv": [8, 7, 9, 8], "texture": "#layer0"},
				"west": {"uv": [8, 7, 9, 8], "texture": "#layer0"},
				"up": {"uv": [9, 7, 8, 8], "rotation": 180, "texture": "#layer0"},
				"down": {"uv": [8, 7, 9, 8], "texture": "#layer0"}
			}
		},
		{
			"name": "bow_pulling_0_52",
			"from": [12, 8, 7.5],
			"to": [13, 9, 8.5],
			"faces": {
				"north": {"uv": [12, 8, 13, 7], "rotation": 180, "texture": "#layer0"},
				"east": {"uv": [12, 7, 13, 8], "texture": "#layer0"},
				"south": {"uv": [12, 7, 13, 8], "texture": "#layer0"},
				"west": {"uv": [12, 7, 13, 8], "texture": "#layer0"},
				"up": {"uv": [13, 7, 12, 8], "rotation": 180, "texture": "#layer0"},
				"down": {"uv": [12, 7, 13, 8], "texture": "#layer0"}
			}
		},
		{
			"name": "bow_pulling_0_53",
			"from": [2, 7, 7.5],
			"to": [3, 8, 8.5],
			"faces": {
				"north": {"uv": [2, 9, 3, 8], "rotation": 180, "texture": "#layer0"},
				"east": {"uv": [2, 8, 3, 9], "texture": "#layer0"},
				"south": {"uv": [2, 8, 3, 9], "texture": "#layer0"},
				"west": {"uv": [2, 8, 3, 9], "texture": "#layer0"},
				"up": {"uv": [3, 8, 2, 9], "rotation": 180, "texture": "#layer0"},
				"down": {"uv": [2, 8, 3, 9], "texture": "#layer0"}
			}
		},
		{
			"name": "bow_pulling_0_54",
			"from": [3, 7, 7.5],
			"to": [4, 8, 8.5],
			"faces": {
				"north": {"uv": [3, 9, 4, 8], "rotation": 180, "texture": "#layer0"},
				"east": {"uv": [3, 8, 4, 9], "texture": "#layer0"},
				"south": {"uv": [3, 8, 4, 9], "texture": "#layer0"},
				"west": {"uv": [3, 8, 4, 9], "texture": "#layer0"},
				"up": {"uv": [4, 8, 3, 9], "rotation": 180, "texture": "#layer0"},
				"down": {"uv": [3, 8, 4, 9], "texture": "#layer0"}
			}
		},
		{
			"name": "bow_pulling_0_55",
			"from": [4, 7, 7.5],
			"to": [5, 8, 8.5],
			"faces": {
				"north": {"uv": [4, 9, 5, 8], "rotation": 180, "texture": "#layer0"},
				"east": {"uv": [4, 8, 5, 9], "texture": "#layer0"},
				"south": {"uv": [4, 8, 5, 9], "texture": "#layer0"},
				"west": {"uv": [4, 8, 5, 9], "texture": "#layer0"},
				"up": {"uv": [5, 8, 4, 9], "rotation": 180, "texture": "#layer0"},
				"down": {"uv": [4, 8, 5, 9], "texture": "#layer0"}
			}
		},
		{
			"name": "bow_pulling_0_56",
			"from": [8, 7, 7.5],
			"to": [9, 8, 8.5],
			"faces": {
				"north": {"uv": [8, 9, 9, 8], "rotation": 180, "texture": "#layer0"},
				"east": {"uv": [8, 8, 9, 9], "texture": "#layer0"},
				"south": {"uv": [8, 8, 9, 9], "texture": "#layer0"},
				"west": {"uv": [8, 8, 9, 9], "texture": "#layer0"},
				"up": {"uv": [9, 8, 8, 9], "rotation": 180, "texture": "#layer0"},
				"down": {"uv": [8, 8, 9, 9], "texture": "#layer0"}
			}
		},
		{
			"name": "bow_pulling_0_57",
			"from": [9, 7, 7.5],
			"to": [10, 8, 8.5],
			"faces": {
				"north": {"uv": [9, 9, 10, 8], "rotation": 180, "texture": "#layer0"},
				"east": {"uv": [9, 8, 10, 9], "texture": "#layer0"},
				"south": {"uv": [9, 8, 10, 9], "texture": "#layer0"},
				"west": {"uv": [9, 8, 10, 9], "texture": "#layer0"},
				"up": {"uv": [10, 8, 9, 9], "rotation": 180, "texture": "#layer0"},
				"down": {"uv": [9, 8, 10, 9], "texture": "#layer0"}
			}
		},
		{
			"name": "bow_pulling_0_58",
			"from": [11, 7, 7.5],
			"to": [12, 8, 8.5],
			"faces": {
				"north": {"uv": [11, 9, 12, 8], "rotation": 180, "texture": "#layer0"},
				"east": {"uv": [11, 8, 12, 9], "texture": "#layer0"},
				"south": {"uv": [11, 8, 12, 9], "texture": "#layer0"},
				"west": {"uv": [11, 8, 12, 9], "texture": "#layer0"},
				"up": {"uv": [12, 8, 11, 9], "rotation": 180, "texture": "#layer0"},
				"down": {"uv": [11, 8, 12, 9], "texture": "#layer0"}
			}
		},
		{
			"name": "bow_pulling_0_59",
			"from": [2, 6, 7.5],
			"to": [3, 7, 8.5],
			"faces": {
				"north": {"uv": [2, 10, 3, 9], "rotation": 180, "texture": "#layer0"},
				"east": {"uv": [2, 9, 3, 10], "texture": "#layer0"},
				"south": {"uv": [2, 9, 3, 10], "texture": "#layer0"},
				"west": {"uv": [2, 9, 3, 10], "texture": "#layer0"},
				"up": {"uv": [3, 9, 2, 10], "rotation": 180, "texture": "#layer0"},
				"down": {"uv": [2, 9, 3, 10], "texture": "#layer0"}
			}
		},
		{
			"name": "bow_pulling_0_60",
			"from": [3, 6, 7.5],
			"to": [4, 7, 8.5],
			"faces": {
				"north": {"uv": [3, 10, 4, 9], "rotation": 180, "texture": "#layer0"},
				"east": {"uv": [3, 9, 4, 10], "texture": "#layer0"},
				"south": {"uv": [3, 9, 4, 10], "texture": "#layer0"},
				"west": {"uv": [3, 9, 4, 10], "texture": "#layer0"},
				"up": {"uv": [4, 9, 3, 10], "rotation": 180, "texture": "#layer0"},
				"down": {"uv": [3, 9, 4, 10], "texture": "#layer0"}
			}
		},
		{
			"name": "bow_pulling_0_61",
			"from": [4, 6, 7.5],
			"to": [5, 7, 8.5],
			"faces": {
				"north": {"uv": [4, 10, 5, 9], "rotation": 180, "texture": "#layer0"},
				"east": {"uv": [4, 9, 5, 10], "texture": "#layer0"},
				"south": {"uv": [4, 9, 5, 10], "texture": "#layer0"},
				"west": {"uv": [4, 9, 5, 10], "texture": "#layer0"},
				"up": {"uv": [5, 9, 4, 10], "rotation": 180, "texture": "#layer0"},
				"down": {"uv": [4, 9, 5, 10], "texture": "#layer0"}
			}
		},
		{
			"name": "bow_pulling_0_62",
			"from": [9, 6, 7.5],
			"to": [10, 7, 8.5],
			"faces": {
				"north": {"uv": [9, 10, 10, 9], "rotation": 180, "texture": "#layer0"},
				"east": {"uv": [9, 9, 10, 10], "texture": "#layer0"},
				"south": {"uv": [9, 9, 10, 10], "texture": "#layer0"},
				"west": {"uv": [9, 9, 10, 10], "texture": "#layer0"},
				"up": {"uv": [10, 9, 9, 10], "rotation": 180, "texture": "#layer0"},
				"down": {"uv": [9, 9, 10, 10], "texture": "#layer0"}
			}
		},
		{
			"name": "bow_pulling_0_63",
			"from": [10, 6, 7.5],
			"to": [11, 7, 8.5],
			"faces": {
				"north": {"uv": [10, 10, 11, 9], "rotation": 180, "texture": "#layer0"},
				"east": {"uv": [10, 9, 11, 10], "texture": "#layer0"},
				"south": {"uv": [10, 9, 11, 10], "texture": "#layer0"},
				"west": {"uv": [10, 9, 11, 10], "texture": "#layer0"},
				"up": {"uv": [11, 9, 10, 10], "rotation": 180, "texture": "#layer0"},
				"down": {"uv": [10, 9, 11, 10], "texture": "#layer0"}
			}
		},
		{
			"name": "bow_pulling_0_64",
			"from": [11, 6, 7.5],
			"to": [12, 7, 8.5],
			"faces": {
				"north": {"uv": [11, 10, 12, 9], "rotation": 180, "texture": "#layer0"},
				"east": {"uv": [11, 9, 12, 10], "texture": "#layer0"},
				"south": {"uv": [11, 9, 12, 10], "texture": "#layer0"},
				"west": {"uv": [11, 9, 12, 10], "texture": "#layer0"},
				"up": {"uv": [12, 9, 11, 10], "rotation": 180, "texture": "#layer0"},
				"down": {"uv": [11, 9, 12, 10], "texture": "#layer0"}
			}
		},
		{
			"name": "bow_pulling_0_65",
			"from": [2, 5, 7.5],
			"to": [3, 6, 8.5],
			"faces": {
				"north": {"uv": [2, 11, 3, 10], "rotation": 180, "texture": "#layer0"},
				"east": {"uv": [2, 10, 3, 11], "texture": "#layer0"},
				"south": {"uv": [2, 10, 3, 11], "texture": "#layer0"},
				"west": {"uv": [2, 10, 3, 11], "texture": "#layer0"},
				"up": {"uv": [3, 10, 2, 11], "rotation": 180, "texture": "#layer0"},
				"down": {"uv": [2, 10, 3, 11], "texture": "#layer0"}
			}
		},
		{
			"name": "bow_pulling_0_66",
			"from": [3, 5, 7.5],
			"to": [4, 6, 8.5],
			"faces": {
				"north": {"uv": [3, 11, 4, 10], "rotation": 180, "texture": "#layer0"},
				"east": {"uv": [3, 10, 4, 11], "texture": "#layer0"},
				"south": {"uv": [3, 10, 4, 11], "texture": "#layer0"},
				"west": {"uv": [3, 10, 4, 11], "texture": "#layer0"},
				"up": {"uv": [4, 10, 3, 11], "rotation": 180, "texture": "#layer0"},
				"down": {"uv": [3, 10, 4, 11], "texture": "#layer0"}
			}
		},
		{
			"name": "bow_pulling_0_67",
			"from": [4, 5, 7.5],
			"to": [5, 6, 8.5],
			"faces": {
				"north": {"uv": [4, 11, 5, 10], "rotation": 180, "texture": "#layer0"},
				"east": {"uv": [4, 10, 5, 11], "texture": "#layer0"},
				"south": {"uv": [4, 10, 5, 11], "texture": "#layer0"},
				"west": {"uv": [4, 10, 5, 11], "texture": "#layer0"},
				"up": {"uv": [5, 10, 4, 11], "rotation": 180, "texture": "#layer0"},
				"down": {"uv": [4, 10, 5, 11], "texture": "#layer0"}
			}
		},
		{
			"name": "bow_pulling_0_68",
			"from": [10, 5, 7.5],
			"to": [11, 6, 8.5],
			"faces": {
				"north": {"uv": [10, 11, 11, 10], "rotation": 180, "texture": "#layer0"},
				"east": {"uv": [10, 10, 11, 11], "texture": "#layer0"},
				"south": {"uv": [10, 10, 11, 11], "texture": "#layer0"},
				"west": {"uv": [10, 10, 11, 11], "texture": "#layer0"},
				"up": {"uv": [11, 10, 10, 11], "rotation": 180, "texture": "#layer0"},
				"down": {"uv": [10, 10, 11, 11], "texture": "#layer0"}
			}
		},
		{
			"name": "bow_pulling_0_69",
			"from": [1, 4, 7.5],
			"to": [2, 5, 8.5],
			"faces": {
				"north": {"uv": [1, 12, 2, 11], "rotation": 180, "texture": "#layer0"},
				"east": {"uv": [1, 11, 2, 12], "texture": "#layer0"},
				"south": {"uv": [1, 11, 2, 12], "texture": "#layer0"},
				"west": {"uv": [1, 11, 2, 12], "texture": "#layer0"},
				"up": {"uv": [2, 11, 1, 12], "rotation": 180, "texture": "#layer0"},
				"down": {"uv": [1, 11, 2, 12], "texture": "#layer0"}
			}
		},
		{
			"name": "bow_pulling_0_70",
			"from": [2, 4, 7.5],
			"to": [3, 5, 8.5],
			"faces": {
				"north": {"uv": [2, 12, 3, 11], "rotation": 180, "texture": "#layer0"},
				"east": {"uv": [2, 11, 3, 12], "texture": "#layer0"},
				"south": {"uv": [2, 11, 3, 12], "texture": "#layer0"},
				"west": {"uv": [2, 11, 3, 12], "texture": "#layer0"},
				"up": {"uv": [3, 11, 2, 12], "rotation": 180, "texture": "#layer0"},
				"down": {"uv": [2, 11, 3, 12], "texture": "#layer0"}
			}
		},
		{
			"name": "bow_pulling_0_71",
			"from": [3, 4, 7.5],
			"to": [4, 5, 8.5],
			"faces": {
				"north": {"uv": [3, 12, 4, 11], "rotation": 180, "texture": "#layer0"},
				"east": {"uv": [3, 11, 4, 12], "texture": "#layer0"},
				"south": {"uv": [3, 11, 4, 12], "texture": "#layer0"},
				"west": {"uv": [3, 11, 4, 12], "texture": "#layer0"},
				"up": {"uv": [4, 11, 3, 12], "rotation": 180, "texture": "#layer0"},
				"down": {"uv": [3, 11, 4, 12], "texture": "#layer0"}
			}
		},
		{
			"name": "bow_pulling_0_72",
			"from": [8, 4, 7.5],
			"to": [9, 5, 8.5],
			"faces": {
				"north": {"uv": [8, 12, 9, 11], "rotation": 180, "texture": "#layer0"},
				"east": {"uv": [8, 11, 9, 12], "texture": "#layer0"},
				"south": {"uv": [8, 11, 9, 12], "texture": "#layer0"},
				"west": {"uv": [8, 11, 9, 12], "texture": "#layer0"},
				"up": {"uv": [9, 11, 8, 12], "rotation": 180, "texture": "#layer0"},
				"down": {"uv": [8, 11, 9, 12], "texture": "#layer0"}
			}
		},
		{
			"name": "bow_pulling_0_73",
			"from": [9, 4, 7.5],
			"to": [10, 5, 8.5],
			"faces": {
				"north": {"uv": [9, 12, 10, 11], "rotation": 180, "texture": "#layer0"},
				"east": {"uv": [9, 11, 10, 12], "texture": "#layer0"},
				"south": {"uv": [9, 11, 10, 12], "texture": "#layer0"},
				"west": {"uv": [9, 11, 10, 12], "texture": "#layer0"},
				"up": {"uv": [10, 11, 9, 12], "rotation": 180, "texture": "#layer0"},
				"down": {"uv": [9, 11, 10, 12], "texture": "#layer0"}
			}
		},
		{
			"name": "bow_pulling_0_74",
			"from": [1, 3, 7.5],
			"to": [2, 4, 8.5],
			"faces": {
				"north": {"uv": [1, 13, 2, 12], "rotation": 180, "texture": "#layer0"},
				"east": {"uv": [1, 12, 2, 13], "texture": "#layer0"},
				"south": {"uv": [1, 12, 2, 13], "texture": "#layer0"},
				"west": {"uv": [1, 12, 2, 13], "texture": "#layer0"},
				"up": {"uv": [2, 12, 1, 13], "rotation": 180, "texture": "#layer0"},
				"down": {"uv": [1, 12, 2, 13], "texture": "#layer0"}
			}
		},
		{
			"name": "bow_pulling_0_75",
			"from": [2, 3, 7.5],
			"to": [3, 4, 8.5],
			"faces": {
				"north": {"uv": [2, 13, 3, 12], "rotation": 180, "texture": "#layer0"},
				"east": {"uv": [2, 12, 3, 13], "texture": "#layer0"},
				"south": {"uv": [2, 12, 3, 13], "texture": "#layer0"},
				"west": {"uv": [2, 12, 3, 13], "texture": "#layer0"},
				"up": {"uv": [3, 12, 2, 13], "rotation": 180, "texture": "#layer0"},
				"down": {"uv": [2, 12, 3, 13], "texture": "#layer0"}
			}
		},
		{
			"name": "bow_pulling_0_76",
			"from": [3, 3, 7.5],
			"to": [4, 4, 8.5],
			"faces": {
				"north": {"uv": [3, 13, 4, 12], "rotation": 180, "texture": "#layer0"},
				"east": {"uv": [3, 12, 4, 13], "texture": "#layer0"},
				"south": {"uv": [3, 12, 4, 13], "texture": "#layer0"},
				"west": {"uv": [3, 12, 4, 13], "texture": "#layer0"},
				"up": {"uv": [4, 12, 3, 13], "rotation": 180, "texture": "#layer0"},
				"down": {"uv": [3, 12, 4, 13], "texture": "#layer0"}
			}
		},
		{
			"name": "bow_pulling_0_77",
			"from": [7, 3, 7.5],
			"to": [8, 4, 8.5],
			"faces": {
				"north": {"uv": [7, 13, 8, 12], "rotation": 180, "texture": "#layer0"},
				"east": {"uv": [7, 12, 8, 13], "texture": "#layer0"},
				"south": {"uv": [7, 12, 8, 13], "texture": "#layer0"},
				"west": {"uv": [7, 12, 8, 13], "texture": "#layer0"},
				"up": {"uv": [8, 12, 7, 13], "rotation": 180, "texture": "#layer0"},
				"down": {"uv": [7, 12, 8, 13], "texture": "#layer0"}
			}
		},
		{
			"name": "bow_pulling_0_78",
			"from": [1, 2, 7.5],
			"to": [2, 3, 8.5],
			"faces": {
				"north": {"uv": [1, 14, 2, 13], "rotation": 180, "texture": "#layer0"},
				"east": {"uv": [1, 13, 2, 14], "texture": "#layer0"},
				"south": {"uv": [1, 13, 2, 14], "texture": "#layer0"},
				"west": {"uv": [1, 13, 2, 14], "texture": "#layer0"},
				"up": {"uv": [2, 13, 1, 14], "rotation": 180, "texture": "#layer0"},
				"down": {"uv": [1, 13, 2, 14], "texture": "#layer0"}
			}
		},
		{
			"name": "bow_pulling_0_79",
			"from": [2, 2, 7.5],
			"to": [3, 3, 8.5],
			"faces": {
				"north": {"uv": [2, 14, 3, 13], "rotation": 180, "texture": "#layer0"},
				"east": {"uv": [2, 13, 3, 14], "texture": "#layer0"},
				"south": {"uv": [2, 13, 3, 14], "texture": "#layer0"},
				"west": {"uv": [2, 13, 3, 14], "texture": "#layer0"},
				"up": {"uv": [3, 13, 2, 14], "rotation": 180, "texture": "#layer0"},
				"down": {"uv": [2, 13, 3, 14], "texture": "#layer0"}
			}
		},
		{
			"name": "bow_pulling_0_80",
			"from": [3, 2, 7.5],
			"to": [4, 3, 8.5],
			"faces": {
				"north": {"uv": [3, 14, 4, 13], "rotation": 180, "texture": "#layer0"},
				"east": {"uv": [3, 13, 4, 14], "texture": "#layer0"},
				"south": {"uv": [3, 13, 4, 14], "texture": "#layer0"},
				"west": {"uv": [3, 13, 4, 14], "texture": "#layer0"},
				"up": {"uv": [4, 13, 3, 14], "rotation": 180, "texture": "#layer0"},
				"down": {"uv": [3, 13, 4, 14], "texture": "#layer0"}
			}
		},
		{
			"name": "bow_pulling_0_81",
			"from": [5, 2, 7.5],
			"to": [6, 3, 8.5],
			"faces": {
				"north": {"uv": [5, 14, 6, 13], "rotation": 180, "texture": "#layer0"},
				"east": {"uv": [5, 13, 6, 14], "texture": "#layer0"},
				"south": {"uv": [5, 13, 6, 14], "texture": "#layer0"},
				"west": {"uv": [5, 13, 6, 14], "texture": "#layer0"},
				"up": {"uv": [6, 13, 5, 14], "rotation": 180, "texture": "#layer0"},
				"down": {"uv": [5, 13, 6, 14], "texture": "#layer0"}
			}
		},
		{
			"name": "bow_pulling_0_82",
			"from": [6, 2, 7.5],
			"to": [7, 3, 8.5],
			"faces": {
				"north": {"uv": [6, 14, 7, 13], "rotation": 180, "texture": "#layer0"},
				"east": {"uv": [6, 13, 7, 14], "texture": "#layer0"},
				"south": {"uv": [6, 13, 7, 14], "texture": "#layer0"},
				"west": {"uv": [6, 13, 7, 14], "texture": "#layer0"},
				"up": {"uv": [7, 13, 6, 14], "rotation": 180, "texture": "#layer0"},
				"down": {"uv": [6, 13, 7, 14], "texture": "#layer0"}
			}
		},
		{
			"name": "bow_pulling_0_83",
			"from": [1, 1, 7.5],
			"to": [2, 2, 8.5],
			"faces": {
				"north": {"uv": [1, 15, 2, 14], "rotation": 180, "texture": "#layer0"},
				"east": {"uv": [1, 14, 2, 15], "texture": "#layer0"},
				"south": {"uv": [1, 14, 2, 15], "texture": "#layer0"},
				"west": {"uv": [1, 14, 2, 15], "texture": "#layer0"},
				"up": {"uv": [2, 14, 1, 15], "rotation": 180, "texture": "#layer0"},
				"down": {"uv": [1, 14, 2, 15], "texture": "#layer0"}
			}
		},
		{
			"name": "bow_pulling_0_84",
			"from": [2, 1, 7.5],
			"to": [3, 2, 8.5],
			"faces": {
				"north": {"uv": [2, 15, 3, 14], "rotation": 180, "texture": "#layer0"},
				"east": {"uv": [2, 14, 3, 15], "texture": "#layer0"},
				"south": {"uv": [2, 14, 3, 15], "texture": "#layer0"},
				"west": {"uv": [2, 14, 3, 15], "texture": "#layer0"},
				"up": {"uv": [3, 14, 2, 15], "rotation": 180, "texture": "#layer0"},
				"down": {"uv": [2, 14, 3, 15], "texture": "#layer0"}
			}
		},
		{
			"name": "bow_pulling_0_85",
			"from": [3, 1, 7.5],
			"to": [4, 2, 8.5],
			"faces": {
				"north": {"uv": [3, 15, 4, 14], "rotation": 180, "texture": "#layer0"},
				"east": {"uv": [3, 14, 4, 15], "texture": "#layer0"},
				"south": {"uv": [3, 14, 4, 15], "texture": "#layer0"},
				"west": {"uv": [3, 14, 4, 15], "texture": "#layer0"},
				"up": {"uv": [4, 14, 3, 15], "rotation": 180, "texture": "#layer0"},
				"down": {"uv": [3, 14, 4, 15], "texture": "#layer0"}
			}
		},
		{
			"name": "bow_pulling_0_86",
			"from": [4, 1, 7.5],
			"to": [5, 2, 8.5],
			"faces": {
				"north": {"uv": [4, 15, 5, 14], "rotation": 180, "texture": "#layer0"},
				"east": {"uv": [4, 14, 5, 15], "texture": "#layer0"},
				"south": {"uv": [4, 14, 5, 15], "texture": "#layer0"},
				"west": {"uv": [4, 14, 5, 15], "texture": "#layer0"},
				"up": {"uv": [5, 14, 4, 15], "rotation": 180, "texture": "#layer0"},
				"down": {"uv": [4, 14, 5, 15], "texture": "#layer0"}
			}
		},
		{
			"name": "bow_pulling_0_87",
			"from": [2, 0, 7.5],
			"to": [3, 1, 8.5],
			"faces": {
				"north": {"uv": [2, 16, 3, 15], "rotation": 180, "texture": "#layer0"},
				"east": {"uv": [2, 15, 3, 16], "texture": "#layer0"},
				"south": {"uv": [2, 15, 3, 16], "texture": "#layer0"},
				"west": {"uv": [2, 15, 3, 16], "texture": "#layer0"},
				"up": {"uv": [3, 15, 2, 16], "rotation": 180, "texture": "#layer0"},
				"down": {"uv": [2, 15, 3, 16], "texture": "#layer0"}
			}
		},
		{
			"from": [1.9, -0.1, 8.6],
			"to": [3.1, 0.9, 7.4],
			"light_emission": 15,
			"rotation": {"angle": 0, "axis": "y", "origin": [2, 0.025, 1.1]},
			"faces": {
				"north": {"uv": [0, 15, 1, 16], "texture": "#2"},
				"east": {"uv": [2, 15, 3, 16], "texture": "#2"},
				"south": {"uv": [2, 15, 3, 16], "texture": "#2"},
				"west": {"uv": [2, 15, 3, 16], "texture": "#2"},
				"up": {"uv": [0, 0, 1, 1], "texture": "#2"},
				"down": {"uv": [2, 15, 3, 16], "texture": "#2"}
			}
		},
		{
			"from": [0.9, 0.9, 8.6],
			"to": [1.9, 5.1, 7.4],
			"light_emission": 15,
			"rotation": {"angle": 0, "axis": "y", "origin": [1, 1.025, 1.1]},
			"faces": {
				"north": {"uv": [1, 14, 2, 15], "texture": "#2"},
				"east": {"uv": [0, 0, 1, 1], "texture": "#2"},
				"south": {"uv": [1, 14, 2, 15], "texture": "#2"},
				"west": {"uv": [1, 14, 2, 15], "texture": "#2"},
				"up": {"uv": [1, 14, 2, 15], "texture": "#2"},
				"down": {"uv": [1, 14, 2, 15], "texture": "#2"}
			}
		},
		{
			"from": [3.1, 0.9, 8.6],
			"to": [4.1, 2.1, 7.4],
			"light_emission": 15,
			"rotation": {"angle": 0, "axis": "y", "origin": [3, 1.025, 1.1]},
			"faces": {
				"north": {"uv": [0, 14, 1, 15], "texture": "#2"},
				"east": {"uv": [0, 0, 1, 1], "texture": "#2"},
				"south": {"uv": [3, 14, 4, 15], "texture": "#2"},
				"west": {"uv": [0, 0, 1, 1], "texture": "#2"},
				"up": {"uv": [0, 0, 1, 1], "texture": "#2"},
				"down": {"uv": [3, 14, 4, 15], "texture": "#2"}
			}
		},
		{
			"from": [4.1, 0.9, 8.6],
			"to": [5.1, 1.9, 7.4],
			"light_emission": 15,
			"rotation": {"angle": 0, "axis": "y", "origin": [4, 1.025, 1.1]},
			"faces": {
				"north": {"uv": [4, 13, 5, 14], "texture": "#2"},
				"east": {"uv": [4, 13, 5, 14], "texture": "#2"},
				"south": {"uv": [4, 13, 5, 14], "texture": "#2"},
				"west": {"uv": [0, 0, 1, 1], "texture": "#2"},
				"up": {"uv": [0, 0, 1, 1], "texture": "#2"},
				"down": {"uv": [4, 13, 5, 14], "texture": "#2"}
			}
		},
		{
			"from": [3.1, 3.1, 8.6],
			"to": [4.1, 4.9, 7.4],
			"light_emission": 15,
			"rotation": {"angle": 0, "axis": "y", "origin": [3, 3.025, 1.1]},
			"faces": {
				"north": {"uv": [0, 12, 1, 13], "texture": "#2"},
				"east": {"uv": [3, 12, 4, 13], "texture": "#2"},
				"south": {"uv": [3, 12, 4, 13], "texture": "#2"},
				"west": {"uv": [0, 0, 1, 1], "texture": "#2"},
				"up": {"uv": [0, 0, 1, 1], "texture": "#2"},
				"down": {"uv": [0, 0, 1, 1], "texture": "#2"}
			}
		},
		{
			"from": [4.9, 2.1, 8.6],
			"to": [7.1, 2.9, 7.4],
			"light_emission": 15,
			"rotation": {"angle": 0, "axis": "y", "origin": [5, 2.025, 1.1]},
			"faces": {
				"north": {"uv": [5, 12, 6, 13], "texture": "#2"},
				"east": {"uv": [5, 12, 6, 13], "texture": "#2"},
				"south": {"uv": [5, 12, 6, 13], "texture": "#2"},
				"west": {"uv": [5, 12, 6, 13], "texture": "#2"},
				"up": {"uv": [0, 0, 1, 1], "texture": "#2"},
				"down": {"uv": [0, 0, 1, 1], "texture": "#2"}
			}
		},
		{
			"from": [1.9, 5.1, 8.6],
			"to": [2.9, 8.1, 7.4],
			"light_emission": 15,
			"rotation": {"angle": 0, "axis": "y", "origin": [2, 5.025, 1.1]},
			"faces": {
				"north": {"uv": [2, 10, 3, 11], "texture": "#2"},
				"east": {"uv": [0, 0, 1, 1], "texture": "#2"},
				"south": {"uv": [2, 10, 3, 11], "texture": "#2"},
				"west": {"uv": [2, 10, 3, 11], "texture": "#2"},
				"up": {"uv": [2, 10, 3, 11], "texture": "#2"},
				"down": {"uv": [0, 0, 1, 1], "texture": "#2"}
			}
		},
		{
			"from": [4.1, 4.9, 8.6],
			"to": [5.1, 7.9, 7.4],
			"light_emission": 15,
			"rotation": {"angle": 0, "axis": "y", "origin": [4, 5.025, 1.1]},
			"faces": {
				"north": {"uv": [0, 10, 1, 11], "texture": "#2"},
				"east": {"uv": [4, 10, 5, 11], "texture": "#2"},
				"south": {"uv": [4, 10, 5, 11], "texture": "#2"},
				"west": {"uv": [0, 0, 1, 1], "texture": "#2"},
				"up": {"uv": [0, 0, 1, 1], "texture": "#2"},
				"down": {"uv": [4, 10, 5, 11], "texture": "#2"}
			}
		},
		{
			"from": [2.9, 8.1, 8.6],
			"to": [3.9, 10.1, 7.4],
			"light_emission": 15,
			"rotation": {"angle": 0, "axis": "y", "origin": [3, 8.025, 1.1]},
			"faces": {
				"north": {"uv": [3, 7, 4, 8], "texture": "#2"},
				"east": {"uv": [0, 0, 1, 1], "texture": "#2"},
				"south": {"uv": [3, 7, 4, 8], "texture": "#2"},
				"west": {"uv": [3, 7, 4, 8], "texture": "#2"},
				"up": {"uv": [3, 7, 4, 8], "texture": "#2"},
				"down": {"uv": [0, 0, 1, 1], "texture": "#2"}
			}
		},
		{
			"from": [5.1, 7.9, 8.6],
			"to": [6.1, 8.9, 7.4],
			"light_emission": 15,
			"rotation": {"angle": 0, "axis": "y", "origin": [5, 8.025, 1.1]},
			"faces": {
				"north": {"uv": [0, 7, 1, 8], "texture": "#2"},
				"east": {"uv": [5, 7, 6, 8], "texture": "#2"},
				"south": {"uv": [5, 7, 6, 8], "texture": "#2"},
				"west": {"uv": [0, 0, 1, 1], "texture": "#2"},
				"up": {"uv": [0, 0, 1, 1], "texture": "#2"},
				"down": {"uv": [5, 7, 6, 8], "texture": "#2"}
			}
		},
		{
			"from": [6.1, 8.9, 8.6],
			"to": [6.9, 9.9, 7.4],
			"light_emission": 15,
			"rotation": {"angle": 0, "axis": "y", "origin": [6, 9.025, 1.1]},
			"faces": {
				"north": {"uv": [0, 6, 1, 7], "texture": "#2"},
				"east": {"uv": [0, 0, 1, 1], "texture": "#2"},
				"south": {"uv": [6, 6, 7, 7], "texture": "#2"},
				"west": {"uv": [0, 0, 1, 1], "texture": "#2"},
				"up": {"uv": [0, 0, 1, 1], "texture": "#2"},
				"down": {"uv": [6, 6, 7, 7], "texture": "#2"}
			}
		},
		{
			"from": [6.9, 7.9, 8.6],
			"to": [7.9, 8.9, 7.4],
			"light_emission": 15,
			"rotation": {"angle": 0, "axis": "y", "origin": [6.8, 8.025, 1.1]},
			"faces": {
				"north": {"uv": [6, 6, 7, 7], "texture": "#2"},
				"east": {"uv": [0, 0, 1, 1], "texture": "#2"},
				"south": {"uv": [6, 6, 7, 7], "texture": "#2"},
				"west": {"uv": [6, 6, 7, 7], "texture": "#2"},
				"up": {"uv": [0, 0, 1, 1], "texture": "#2"},
				"down": {"uv": [6, 6, 7, 7], "texture": "#2"}
			}
		},
		{
			"from": [7.9, 6.9, 8.6],
			"to": [8.9, 7.9, 7.4],
			"light_emission": 15,
			"rotation": {"angle": 0, "axis": "y", "origin": [7.8, 7.025, 1.1]},
			"faces": {
				"north": {"uv": [6, 6, 7, 7], "texture": "#2"},
				"east": {"uv": [0, 0, 1, 1], "texture": "#2"},
				"south": {"uv": [6, 6, 7, 7], "texture": "#2"},
				"west": {"uv": [6, 6, 7, 7], "texture": "#2"},
				"up": {"uv": [0, 0, 1, 1], "texture": "#2"},
				"down": {"uv": [6, 6, 7, 7], "texture": "#2"}
			}
		},
		{
			"from": [8.9, 5.9, 8.6],
			"to": [9.9, 6.9, 7.4],
			"light_emission": 15,
			"rotation": {"angle": 0, "axis": "y", "origin": [8.8, 6.025, 1.1]},
			"faces": {
				"north": {"uv": [6, 6, 7, 7], "texture": "#2"},
				"east": {"uv": [0, 0, 1, 1], "texture": "#2"},
				"south": {"uv": [6, 6, 7, 7], "texture": "#2"},
				"west": {"uv": [6, 6, 7, 7], "texture": "#2"},
				"up": {"uv": [0, 0, 1, 1], "texture": "#2"},
				"down": {"uv": [6, 6, 7, 7], "texture": "#2"}
			}
		},
		{
			"from": [2.9, 11.9, 8.6],
			"to": [3.9, 12.9, 7.4],
			"light_emission": 15,
			"rotation": {"angle": 0, "axis": "y", "origin": [2.8, 12.025, 1.1]},
			"faces": {
				"north": {"uv": [6, 6, 7, 7], "texture": "#2"},
				"east": {"uv": [0, 0, 1, 1], "texture": "#2"},
				"south": {"uv": [6, 6, 7, 7], "texture": "#2"},
				"west": {"uv": [6, 6, 7, 7], "texture": "#2"},
				"up": {"uv": [0, 0, 1, 1], "texture": "#2"},
				"down": {"uv": [6, 6, 7, 7], "texture": "#2"}
			}
		},
		{
			"from": [1.9, 12.9, 8.6],
			"to": [2.9, 13.9, 7.4],
			"light_emission": 15,
			"rotation": {"angle": 0, "axis": "y", "origin": [1.8, 13.025, 1.1]},
			"faces": {
				"north": {"uv": [6, 6, 7, 7], "texture": "#2"},
				"east": {"uv": [0, 0, 1, 1], "texture": "#2"},
				"south": {"uv": [6, 6, 7, 7], "texture": "#2"},
				"west": {"uv": [6, 6, 7, 7], "texture": "#2"},
				"up": {"uv": [0, 0, 1, 1], "texture": "#2"},
				"down": {"uv": [6, 6, 7, 7], "texture": "#2"}
			}
		},
		{
			"from": [0.9, 13.9, 8.6],
			"to": [1.9, 15.1, 7.4],
			"light_emission": 15,
			"rotation": {"angle": 0, "axis": "y", "origin": [0.8, 14.025, 1.1]},
			"faces": {
				"north": {"uv": [6, 6, 7, 7], "texture": "#2"},
				"east": {"uv": [0, 0, 1, 1], "texture": "#2"},
				"south": {"uv": [6, 6, 7, 7], "texture": "#2"},
				"west": {"uv": [6, 6, 7, 7], "texture": "#2"},
				"up": {"uv": [0, 0, 1, 1], "texture": "#2"},
				"down": {"uv": [6, 6, 7, 7], "texture": "#2"}
			}
		},
		{
			"from": [9.1, 7.1, 8.6],
			"to": [10.1, 8.1, 7.4],
			"light_emission": 15,
			"rotation": {"angle": 0, "axis": "y", "origin": [9, 7.225, 1.1]},
			"faces": {
				"north": {"uv": [6, 6, 7, 7], "texture": "#2"},
				"east": {"uv": [6, 6, 7, 7], "texture": "#2"},
				"south": {"uv": [6, 6, 7, 7], "texture": "#2"},
				"west": {"uv": [0, 0, 1, 1], "texture": "#2"},
				"up": {"uv": [6, 6, 7, 7], "texture": "#2"},
				"down": {"uv": [0, 0, 1, 1], "texture": "#2"}
			}
		},
		{
			"from": [10.1, 6.1, 8.6],
			"to": [10.9, 7.1, 7.4],
			"light_emission": 15,
			"rotation": {"angle": 0, "axis": "y", "origin": [10, 6.225, 1.1]},
			"faces": {
				"north": {"uv": [6, 6, 7, 7], "texture": "#2"},
				"east": {"uv": [0, 0, 1, 1], "texture": "#2"},
				"south": {"uv": [6, 6, 7, 7], "texture": "#2"},
				"west": {"uv": [0, 0, 1, 1], "texture": "#2"},
				"up": {"uv": [6, 6, 7, 7], "texture": "#2"},
				"down": {"uv": [0, 0, 1, 1], "texture": "#2"}
			}
		},
		{
			"from": [8.1, 8.1, 8.6],
			"to": [9.1, 9.1, 7.4],
			"light_emission": 15,
			"rotation": {"angle": 0, "axis": "y", "origin": [8, 8.225, 1.1]},
			"faces": {
				"north": {"uv": [6, 6, 7, 7], "texture": "#2"},
				"east": {"uv": [6, 6, 7, 7], "texture": "#2"},
				"south": {"uv": [6, 6, 7, 7], "texture": "#2"},
				"west": {"uv": [0, 0, 1, 1], "texture": "#2"},
				"up": {"uv": [6, 6, 7, 7], "texture": "#2"},
				"down": {"uv": [0, 0, 1, 1], "texture": "#2"}
			}
		},
		{
			"from": [4.1, 12.1, 8.6],
			"to": [5.1, 13.1, 7.4],
			"light_emission": 15,
			"rotation": {"angle": 0, "axis": "y", "origin": [4, 12.225, 1.1]},
			"faces": {
				"north": {"uv": [6, 6, 7, 7], "texture": "#2"},
				"east": {"uv": [6, 6, 7, 7], "texture": "#2"},
				"south": {"uv": [6, 6, 7, 7], "texture": "#2"},
				"west": {"uv": [0, 0, 1, 1], "texture": "#2"},
				"up": {"uv": [6, 6, 7, 7], "texture": "#2"},
				"down": {"uv": [0, 0, 1, 1], "texture": "#2"}
			}
		},
		{
			"from": [3.1, 13.1, 8.6],
			"to": [4.1, 14.1, 7.4],
			"light_emission": 15,
			"rotation": {"angle": 0, "axis": "y", "origin": [3, 13.225, 1.1]},
			"faces": {
				"north": {"uv": [6, 6, 7, 7], "texture": "#2"},
				"east": {"uv": [6, 6, 7, 7], "texture": "#2"},
				"south": {"uv": [6, 6, 7, 7], "texture": "#2"},
				"west": {"uv": [0, 0, 1, 1], "texture": "#2"},
				"up": {"uv": [6, 6, 7, 7], "texture": "#2"},
				"down": {"uv": [0, 0, 1, 1], "texture": "#2"}
			}
		},
		{
			"from": [2.1, 14.1, 8.6],
			"to": [3.1, 15.1, 7.4],
			"light_emission": 15,
			"rotation": {"angle": 0, "axis": "y", "origin": [2, 14.225, 1.1]},
			"faces": {
				"north": {"uv": [6, 6, 7, 7], "texture": "#2"},
				"east": {"uv": [6, 6, 7, 7], "texture": "#2"},
				"south": {"uv": [6, 6, 7, 7], "texture": "#2"},
				"west": {"uv": [0, 0, 1, 1], "texture": "#2"},
				"up": {"uv": [6, 6, 7, 7], "texture": "#2"},
				"down": {"uv": [0, 0, 1, 1], "texture": "#2"}
			}
		},
		{
			"from": [0.9, 15.1, 8.6],
			"to": [2.1, 16.1, 7.4],
			"light_emission": 15,
			"rotation": {"angle": 0, "axis": "y", "origin": [1, 15.225, 1.1]},
			"faces": {
				"north": {"uv": [6, 6, 7, 7], "texture": "#2"},
				"east": {"uv": [6, 6, 7, 7], "texture": "#2"},
				"south": {"uv": [6, 6, 7, 7], "texture": "#2"},
				"west": {"uv": [6, 6, 7, 7], "texture": "#2"},
				"up": {"uv": [6, 6, 7, 7], "texture": "#2"},
				"down": {"uv": [0, 0, 1, 1], "texture": "#2"}
			}
		},
		{
			"from": [3.9, 10.1, 8.6],
			"to": [4.9, 12.1, 7.4],
			"light_emission": 15,
			"rotation": {"angle": 0, "axis": "y", "origin": [4, 10.025, 1.1]},
			"faces": {
				"north": {"uv": [4, 5, 5, 6], "texture": "#2"},
				"east": {"uv": [0, 0, 1, 1], "texture": "#2"},
				"south": {"uv": [4, 5, 5, 6], "texture": "#2"},
				"west": {"uv": [4, 5, 5, 6], "texture": "#2"},
				"up": {"uv": [0, 0, 1, 1], "texture": "#2"},
				"down": {"uv": [0, 0, 1, 1], "texture": "#2"}
			}
		},
		{
			"from": [7.1, 9.1, 8.6],
			"to": [8.1, 10.9, 7.4],
			"light_emission": 15,
			"rotation": {"angle": 0, "axis": "y", "origin": [7, 10.025, 1.1]},
			"faces": {
				"north": {"uv": [0, 5, 1, 6], "texture": "#2"},
				"east": {"uv": [7, 5, 8, 6], "texture": "#2"},
				"south": {"uv": [7, 5, 8, 6], "texture": "#2"},
				"west": {"uv": [0, 0, 1, 1], "texture": "#2"},
				"up": {"uv": [0, 0, 1, 1], "texture": "#2"},
				"down": {"uv": [0, 0, 1, 1], "texture": "#2"}
			}
		},
		{
			"from": [4.9, 11.1, 8.6],
			"to": [5.9, 12.1, 7.4],
			"light_emission": 15,
			"rotation": {"angle": 0, "axis": "y", "origin": [5, 11.025, 1.1]},
			"faces": {
				"north": {"uv": [5, 4, 6, 5], "texture": "#2"},
				"east": {"uv": [0, 0, 1, 1], "texture": "#2"},
				"south": {"uv": [5, 4, 6, 5], "texture": "#2"},
				"west": {"uv": [0, 0, 1, 1], "texture": "#2"},
				"up": {"uv": [5, 4, 6, 5], "texture": "#2"},
				"down": {"uv": [0, 0, 1, 1], "texture": "#2"}
			}
		},
		{
			"from": [8.1, 10.9, 8.6],
			"to": [11.1, 11.9, 7.4],
			"light_emission": 15,
			"rotation": {"angle": 0, "axis": "y", "origin": [10, 11.025, 1.1]},
			"faces": {
				"north": {"uv": [0, 4, 1, 5], "texture": "#2"},
				"east": {"uv": [10, 4, 11, 5], "texture": "#2"},
				"south": {"uv": [10, 4, 11, 5], "texture": "#2"},
				"west": {"uv": [0, 0, 1, 1], "texture": "#2"},
				"up": {"uv": [0, 0, 1, 1], "texture": "#2"},
				"down": {"uv": [10, 4, 11, 5], "texture": "#2"}
			}
		},
		{
			"from": [13.9, 11.1, 8.6],
			"to": [15.1, 11.9, 7.4],
			"light_emission": 15,
			"rotation": {"angle": 0, "axis": "y", "origin": [14, 11.025, 1.1]},
			"faces": {
				"north": {"uv": [13, 4, 14, 5], "texture": "#2"},
				"east": {"uv": [13, 4, 14, 5], "texture": "#2"},
				"south": {"uv": [13, 4, 14, 5], "texture": "#2"},
				"west": {"uv": [13, 4, 14, 5], "texture": "#2"},
				"up": {"uv": [0, 0, 1, 1], "texture": "#2"},
				"down": {"uv": [0, 0, 1, 1], "texture": "#2"}
			}
		},
		{
			"from": [4.9, 2.9, 8.6],
			"to": [6.9, 3.1, 7.4],
			"light_emission": 15,
			"rotation": {"angle": 0, "axis": "y", "origin": [5, 2.825, 1.1]},
			"faces": {
				"north": {"uv": [5, 12, 6, 13], "texture": "#2"},
				"east": {"uv": [0, 0, 1, 1], "texture": "#2"},
				"south": {"uv": [5, 12, 6, 13], "texture": "#2"},
				"west": {"uv": [5, 12, 6, 13], "texture": "#2"},
				"up": {"uv": [5, 12, 6, 13], "texture": "#2"},
				"down": {"uv": [0, 0, 1, 1], "texture": "#2"}
			}
		},
		{
			"from": [4.1, 1.9, 8.6],
			"to": [4.9, 2.1, 7.4],
			"light_emission": 15,
			"rotation": {"angle": 0, "axis": "y", "origin": [4, 1.85, 1.1]},
			"faces": {
				"north": {"uv": [4, 13, 5, 14], "texture": "#2"},
				"east": {"uv": [0, 0, 1, 1], "texture": "#2"},
				"south": {"uv": [4, 13, 5, 14], "texture": "#2"},
				"west": {"uv": [0, 0, 1, 1], "texture": "#2"},
				"up": {"uv": [4, 13, 5, 14], "texture": "#2"},
				"down": {"uv": [0, 0, 1, 1], "texture": "#2"}
			}
		},
		{
			"from": [14.1, 10.9, 8.6],
			"to": [15.1, 11.1, 7.4],
			"light_emission": 15,
			"rotation": {"angle": 0, "axis": "y", "origin": [14.2, 10.85, 1.1]},
			"faces": {
				"north": {"uv": [13, 4, 14, 5], "texture": "#2"},
				"east": {"uv": [13, 4, 14, 5], "texture": "#2"},
				"south": {"uv": [13, 4, 14, 5], "texture": "#2"},
				"west": {"uv": [0, 0, 1, 1], "texture": "#2"},
				"up": {"uv": [0, 0, 1, 1], "texture": "#2"},
				"down": {"uv": [13, 4, 14, 5], "texture": "#2"}
			}
		},
		{
			"from": [5.1, 1.9, 8.6],
			"to": [7.1, 2.1, 7.4],
			"light_emission": 15,
			"rotation": {"angle": 0, "axis": "y", "origin": [5.2, 1.85, 1.1]},
			"faces": {
				"north": {"uv": [5, 12, 6, 13], "texture": "#2"},
				"east": {"uv": [5, 12, 6, 13], "texture": "#2"},
				"south": {"uv": [5, 12, 6, 13], "texture": "#2"},
				"west": {"uv": [0, 0, 1, 1], "texture": "#2"},
				"up": {"uv": [0, 0, 1, 1], "texture": "#2"},
				"down": {"uv": [5, 12, 6, 13], "texture": "#2"}
			}
		},
		{
			"from": [5.9, 12.1, 8.6],
			"to": [7.9, 13.1, 7.4],
			"light_emission": 15,
			"rotation": {"angle": 0, "axis": "y", "origin": [7, 12.025, 1.1]},
			"faces": {
				"north": {"uv": [7, 3, 8, 4], "texture": "#2"},
				"east": {"uv": [0, 0, 1, 1], "texture": "#2"},
				"south": {"uv": [7, 3, 8, 4], "texture": "#2"},
				"west": {"uv": [7, 3, 8, 4], "texture": "#2"},
				"up": {"uv": [7, 3, 8, 4], "texture": "#2"},
				"down": {"uv": [0, 0, 1, 1], "texture": "#2"}
			}
		},
		{
			"from": [13.9, 11.9, 8.6],
			"to": [15.1, 12.9, 7.4],
			"light_emission": 15,
			"rotation": {"angle": 0, "axis": "y", "origin": [14, 12.025, 1.1]},
			"faces": {
				"north": {"uv": [14, 3, 15, 4], "texture": "#2"},
				"east": {"uv": [14, 3, 15, 4], "texture": "#2"},
				"south": {"uv": [14, 3, 15, 4], "texture": "#2"},
				"west": {"uv": [0, 0, 1, 1], "texture": "#2"},
				"up": {"uv": [0, 0, 1, 1], "texture": "#2"},
				"down": {"uv": [0, 0, 1, 1], "texture": "#2"}
			}
		},
		{
			"from": [11.1, 11.9, 8.6],
			"to": [12.9, 12.9, 7.4],
			"light_emission": 15,
			"rotation": {"angle": 0, "axis": "y", "origin": [12, 12.025, 1.1]},
			"faces": {
				"north": {"uv": [12, 3, 13, 4], "texture": "#2"},
				"east": {"uv": [0, 0, 1, 1], "texture": "#2"},
				"south": {"uv": [12, 3, 13, 4], "texture": "#2"},
				"west": {"uv": [0, 0, 1, 1], "texture": "#2"},
				"up": {"uv": [0, 0, 1, 1], "texture": "#2"},
				"down": {"uv": [12, 3, 13, 4], "texture": "#2"}
			}
		},
		{
			"from": [7.9, 13.1, 8.6],
			"to": [10.9, 14.1, 7.4],
			"light_emission": 15,
			"rotation": {"angle": 0, "axis": "y", "origin": [10, 13.025, 1.1]},
			"faces": {
				"north": {"uv": [10, 2, 11, 3], "texture": "#2"},
				"east": {"uv": [0, 0, 1, 1], "texture": "#2"},
				"south": {"uv": [10, 2, 11, 3], "texture": "#2"},
				"west": {"uv": [10, 2, 11, 3], "texture": "#2"},
				"up": {"uv": [10, 2, 11, 3], "texture": "#2"},
				"down": {"uv": [0, 0, 1, 1], "texture": "#2"}
			}
		},
		{
			"from": [15.1, 12.9, 8.6],
			"to": [16.1, 14.1, 7.4],
			"light_emission": 15,
			"rotation": {"angle": 0, "axis": "y", "origin": [15, 13.025, 1.1]},
			"faces": {
				"north": {"uv": [15, 2, 16, 3], "texture": "#2"},
				"east": {"uv": [15, 2, 16, 3], "texture": "#2"},
				"south": {"uv": [15, 2, 16, 3], "texture": "#2"},
				"west": {"uv": [0, 0, 1, 1], "texture": "#2"},
				"up": {"uv": [15, 2, 16, 3], "texture": "#2"},
				"down": {"uv": [15, 2, 16, 3], "texture": "#2"}
			}
		},
		{
			"from": [10.9, 13.1, 8.6],
			"to": [15.1, 14.1, 7.4],
			"light_emission": 15,
			"rotation": {"angle": 0, "axis": "y", "origin": [15, 13.025, 1.1]},
			"faces": {
				"north": {"uv": [15, 2, 16, 3], "texture": "#2"},
				"east": {"uv": [0, 0, 1, 1], "texture": "#2"},
				"south": {"uv": [15, 2, 16, 3], "texture": "#2"},
				"west": {"uv": [0, 0, 1, 1], "texture": "#2"},
				"up": {"uv": [0, 0, 1, 1], "texture": "#2"},
				"down": {"uv": [0, 0, 1, 1], "texture": "#2"}
			}
		},
		{
			"from": [11.1, 12.9, 8.6],
			"to": [15.1, 13.1, 7.4],
			"light_emission": 15,
			"rotation": {"angle": 0, "axis": "y", "origin": [15, 12.825, 1.1]},
			"faces": {
				"north": {"uv": [15, 2, 16, 3], "texture": "#2"},
				"east": {"uv": [0, 0, 1, 1], "texture": "#2"},
				"south": {"uv": [15, 2, 16, 3], "texture": "#2"},
				"west": {"uv": [0, 0, 1, 1], "texture": "#2"},
				"up": {"uv": [0, 0, 1, 1], "texture": "#2"},
				"down": {"uv": [0, 0, 1, 1], "texture": "#2"}
			}
		},
		{
			"from": [8.1, 11.9, 8.6],
			"to": [11.1, 12.1, 7.4],
			"light_emission": 15,
			"rotation": {"angle": 0, "axis": "y", "origin": [11, 11.825, 1.1]},
			"faces": {
				"north": {"uv": [15, 2, 16, 3], "texture": "#2"},
				"east": {"uv": [0, 0, 1, 1], "texture": "#2"},
				"south": {"uv": [15, 2, 16, 3], "texture": "#2"},
				"west": {"uv": [0, 0, 1, 1], "texture": "#2"},
				"up": {"uv": [0, 0, 1, 1], "texture": "#2"},
				"down": {"uv": [0, 0, 1, 1], "texture": "#2"}
			}
		},
		{
			"from": [7.1, 10.9, 8.6],
			"to": [8.1, 11.1, 7.4],
			"light_emission": 15,
			"rotation": {"angle": 0, "axis": "y", "origin": [8, 10.825, 1.1]},
			"faces": {
				"north": {"uv": [15, 2, 16, 3], "texture": "#2"},
				"east": {"uv": [0, 0, 1, 1], "texture": "#2"},
				"south": {"uv": [15, 2, 16, 3], "texture": "#2"},
				"west": {"uv": [0, 0, 1, 1], "texture": "#2"},
				"up": {"uv": [0, 0, 1, 1], "texture": "#2"},
				"down": {"uv": [0, 0, 1, 1], "texture": "#2"}
			}
		},
		{
			"from": [7.9, 12.1, 8.6],
			"to": [11.1, 13.1, 7.4],
			"light_emission": 15,
			"rotation": {"angle": 0, "axis": "y", "origin": [12, 12.025, 1.1]},
			"faces": {
				"north": {"uv": [15, 2, 16, 3], "texture": "#2"},
				"east": {"uv": [0, 0, 1, 1], "texture": "#2"},
				"south": {"uv": [15, 2, 16, 3], "texture": "#2"},
				"west": {"uv": [0, 0, 1, 1], "texture": "#2"},
				"up": {"uv": [0, 0, 1, 1], "texture": "#2"},
				"down": {"uv": [0, 0, 1, 1], "texture": "#2"}
			}
		},
		{
			"from": [5.9, 11.1, 8.6],
			"to": [8.1, 12.1, 7.4],
			"light_emission": 15,
			"rotation": {"angle": 0, "axis": "y", "origin": [10, 11.225, 1.1]},
			"faces": {
				"north": {"uv": [15, 2, 16, 3], "texture": "#2"},
				"east": {"uv": [0, 0, 1, 1], "texture": "#2"},
				"south": {"uv": [15, 2, 16, 3], "texture": "#2"},
				"west": {"uv": [0, 0, 1, 1], "texture": "#2"},
				"up": {"uv": [0, 0, 1, 1], "texture": "#2"},
				"down": {"uv": [0, 0, 1, 1], "texture": "#2"}
			}
		},
		{
			"from": [1.9, 0.9, 8.6],
			"to": [2.9, 5.1, 7.4],
			"light_emission": 15,
			"rotation": {"angle": 0, "axis": "y", "origin": [6, 0.825, 1.1]},
			"faces": {
				"north": {"uv": [15, 2, 16, 3], "texture": "#2"},
				"east": {"uv": [0, 0, 1, 1], "texture": "#2"},
				"south": {"uv": [15, 2, 16, 3], "texture": "#2"},
				"west": {"uv": [0, 0, 1, 1], "texture": "#2"},
				"up": {"uv": [0, 0, 1, 1], "texture": "#2"},
				"down": {"uv": [0, 0, 1, 1], "texture": "#2"}
			}
		},
		{
			"from": [2.9, 0.9, 8.6],
			"to": [3.1, 4.9, 7.4],
			"light_emission": 15,
			"rotation": {"angle": 0, "axis": "y", "origin": [6.2, 0.825, 1.1]},
			"faces": {
				"north": {"uv": [15, 2, 16, 3], "texture": "#2"},
				"east": {"uv": [0, 0, 1, 1], "texture": "#2"},
				"south": {"uv": [15, 2, 16, 3], "texture": "#2"},
				"west": {"uv": [0, 0, 1, 1], "texture": "#2"},
				"up": {"uv": [0, 0, 1, 1], "texture": "#2"},
				"down": {"uv": [0, 0, 1, 1], "texture": "#2"}
			}
		},
		{
			"from": [3.9, 4.9, 8.6],
			"to": [4.1, 7.9, 7.4],
			"light_emission": 15,
			"rotation": {"angle": 0, "axis": "y", "origin": [7.2, 3.825, 1.1]},
			"faces": {
				"north": {"uv": [15, 2, 16, 3], "texture": "#2"},
				"east": {"uv": [0, 0, 1, 1], "texture": "#2"},
				"south": {"uv": [15, 2, 16, 3], "texture": "#2"},
				"west": {"uv": [0, 0, 1, 1], "texture": "#2"},
				"up": {"uv": [0, 0, 1, 1], "texture": "#2"},
				"down": {"uv": [0, 0, 1, 1], "texture": "#2"}
			}
		},
		{
			"from": [4.9, 7.9, 8.6],
			"to": [5.1, 8.9, 7.4],
			"light_emission": 15,
			"rotation": {"angle": 0, "axis": "y", "origin": [8.2, 4.825, 1.1]},
			"faces": {
				"north": {"uv": [15, 2, 16, 3], "texture": "#2"},
				"east": {"uv": [0, 0, 1, 1], "texture": "#2"},
				"south": {"uv": [15, 2, 16, 3], "texture": "#2"},
				"west": {"uv": [0, 0, 1, 1], "texture": "#2"},
				"up": {"uv": [0, 0, 1, 1], "texture": "#2"},
				"down": {"uv": [0, 0, 1, 1], "texture": "#2"}
			}
		},
		{
			"from": [2.9, 4.9, 8.6],
			"to": [3.9, 8.1, 7.4],
			"light_emission": 15,
			"rotation": {"angle": 0, "axis": "y", "origin": [7, 3.825, 1.1]},
			"faces": {
				"north": {"uv": [15, 2, 16, 3], "texture": "#2"},
				"east": {"uv": [0, 0, 1, 1], "texture": "#2"},
				"south": {"uv": [15, 2, 16, 3], "texture": "#2"},
				"west": {"uv": [0, 0, 1, 1], "texture": "#2"},
				"up": {"uv": [0, 0, 1, 1], "texture": "#2"},
				"down": {"uv": [0, 0, 1, 1], "texture": "#2"}
			}
		},
		{
			"from": [3.9, 7.9, 8.6],
			"to": [4.9, 10.1, 7.4],
			"light_emission": 15,
			"rotation": {"angle": 0, "axis": "y", "origin": [8, 5.825, 1.1]},
			"faces": {
				"north": {"uv": [15, 2, 16, 3], "texture": "#2"},
				"east": {"uv": [0, 0, 1, 1], "texture": "#2"},
				"south": {"uv": [15, 2, 16, 3], "texture": "#2"},
				"west": {"uv": [0, 0, 1, 1], "texture": "#2"},
				"up": {"uv": [0, 0, 1, 1], "texture": "#2"},
				"down": {"uv": [0, 0, 1, 1], "texture": "#2"}
			}
		},
		{
			"from": [4.9, 8.9, 8.6],
			"to": [6.1, 11.1, 7.4],
			"light_emission": 15,
			"rotation": {"angle": 0, "axis": "y", "origin": [9, 6.825, 1.1]},
			"faces": {
				"north": {"uv": [15, 2, 16, 3], "texture": "#2"},
				"east": {"uv": [0, 0, 1, 1], "texture": "#2"},
				"south": {"uv": [15, 2, 16, 3], "texture": "#2"},
				"west": {"uv": [0, 0, 1, 1], "texture": "#2"},
				"up": {"uv": [0, 0, 1, 1], "texture": "#2"},
				"down": {"uv": [0, 0, 1, 1], "texture": "#2"}
			}
		},
		{
			"from": [6.1, 9.9, 8.6],
			"to": [7.1, 11.1, 7.4],
			"light_emission": 15,
			"rotation": {"angle": 0, "axis": "y", "origin": [10, 6.825, 1.1]},
			"faces": {
				"north": {"uv": [15, 2, 16, 3], "texture": "#2"},
				"east": {"uv": [0, 0, 1, 1], "texture": "#2"},
				"south": {"uv": [15, 2, 16, 3], "texture": "#2"},
				"west": {"uv": [0, 0, 1, 1], "texture": "#2"},
				"up": {"uv": [0, 0, 1, 1], "texture": "#2"},
				"down": {"uv": [0, 0, 1, 1], "texture": "#2"}
			}
		},
		{
			"from": [12.9, 11.9, 8.6],
			"to": [13.9, 12.9, 7.4],
			"light_emission": 15,
			"rotation": {"angle": 0, "axis": "y", "origin": [15, 12.825, 1.1]},
			"faces": {
				"north": {"uv": [15, 2, 16, 3], "texture": "#2"},
				"east": {"uv": [0, 0, 1, 1], "texture": "#2"},
				"south": {"uv": [15, 2, 16, 3], "texture": "#2"},
				"west": {"uv": [0, 0, 1, 1], "texture": "#2"},
				"up": {"uv": [0, 0, 1, 1], "texture": "#2"},
				"down": {"uv": [15, 2, 16, 3], "texture": "#2"}
			}
		},
		{
			"from": [6.9, 2.9, 8.6],
			"to": [7.1, 3.1, 7.4],
			"light_emission": 15,
			"rotation": {"angle": 0, "axis": "y", "origin": [8, 3.9, 1.1]},
			"faces": {
				"north": {"uv": [15, 2, 16, 3], "texture": "#2"},
				"east": {"uv": [0, 0, 1, 1], "texture": "#2"},
				"south": {"uv": [15, 2, 16, 3], "texture": "#2"},
				"west": {"uv": [0, 0, 1, 1], "texture": "#2"},
				"up": {"uv": [0, 0, 1, 1], "texture": "#2"},
				"down": {"uv": [0, 0, 1, 1], "texture": "#2"}
			}
		},
		{
			"from": [6.9, 3.1, 8.6],
			"to": [8.1, 3.9, 7.4],
			"light_emission": 15,
			"rotation": {"angle": 0, "axis": "y", "origin": [7, 3.025, 1.1]},
			"faces": {
				"north": {"uv": [5, 12, 6, 13], "texture": "#2"},
				"east": {"uv": [5, 12, 6, 13], "texture": "#2"},
				"south": {"uv": [5, 12, 6, 13], "texture": "#2"},
				"west": {"uv": [5, 12, 6, 13], "texture": "#2"},
				"up": {"uv": [0, 0, 1, 1], "texture": "#2"},
				"down": {"uv": [0, 0, 1, 1], "texture": "#2"}
			}
		},
		{
			"from": [6.9, 3.9, 8.6],
			"to": [7.9, 4.1, 7.4],
			"light_emission": 15,
			"rotation": {"angle": 0, "axis": "y", "origin": [7, 3.825, 1.1]},
			"faces": {
				"north": {"uv": [5, 12, 6, 13], "texture": "#2"},
				"east": {"uv": [0, 0, 1, 1], "texture": "#2"},
				"south": {"uv": [5, 12, 6, 13], "texture": "#2"},
				"west": {"uv": [5, 12, 6, 13], "texture": "#2"},
				"up": {"uv": [5, 12, 6, 13], "texture": "#2"},
				"down": {"uv": [0, 0, 1, 1], "texture": "#2"}
			}
		},
		{
			"from": [7.1, 2.9, 8.6],
			"to": [8.1, 3.1, 7.4],
			"light_emission": 15,
			"rotation": {"angle": 0, "axis": "y", "origin": [7.2, 2.85, 1.1]},
			"faces": {
				"north": {"uv": [5, 12, 6, 13], "texture": "#2"},
				"east": {"uv": [5, 12, 6, 13], "texture": "#2"},
				"south": {"uv": [5, 12, 6, 13], "texture": "#2"},
				"west": {"uv": [0, 0, 1, 1], "texture": "#2"},
				"up": {"uv": [0, 0, 1, 1], "texture": "#2"},
				"down": {"uv": [5, 12, 6, 13], "texture": "#2"}
			}
		},
		{
			"from": [7.9, 3.9, 8.6],
			"to": [8.1, 4.1, 7.4],
			"light_emission": 15,
			"rotation": {"angle": 0, "axis": "y", "origin": [9, 4.9, 1.1]},
			"faces": {
				"north": {"uv": [15, 2, 16, 3], "texture": "#2"},
				"east": {"uv": [0, 0, 1, 1], "texture": "#2"},
				"south": {"uv": [15, 2, 16, 3], "texture": "#2"},
				"west": {"uv": [0, 0, 1, 1], "texture": "#2"},
				"up": {"uv": [0, 0, 1, 1], "texture": "#2"},
				"down": {"uv": [0, 0, 1, 1], "texture": "#2"}
			}
		},
		{
			"from": [9.9, 5.1, 8.6],
			"to": [11.1, 5.9, 7.4],
			"light_emission": 15,
			"rotation": {"angle": 0, "axis": "y", "origin": [10, 5.025, 1.1]},
			"faces": {
				"north": {"uv": [5, 12, 6, 13], "texture": "#2"},
				"east": {"uv": [5, 12, 6, 13], "texture": "#2"},
				"south": {"uv": [5, 12, 6, 13], "texture": "#2"},
				"west": {"uv": [5, 12, 6, 13], "texture": "#2"},
				"up": {"uv": [0, 0, 1, 1], "texture": "#2"},
				"down": {"uv": [0, 0, 1, 1], "texture": "#2"}
			}
		},
		{
			"from": [10.1, 4.9, 8.6],
			"to": [11.1, 5.1, 7.4],
			"light_emission": 15,
			"rotation": {"angle": 0, "axis": "y", "origin": [10.2, 4.85, 1.1]},
			"faces": {
				"north": {"uv": [5, 12, 6, 13], "texture": "#2"},
				"east": {"uv": [5, 12, 6, 13], "texture": "#2"},
				"south": {"uv": [5, 12, 6, 13], "texture": "#2"},
				"west": {"uv": [0, 0, 1, 1], "texture": "#2"},
				"up": {"uv": [0, 0, 1, 1], "texture": "#2"},
				"down": {"uv": [5, 12, 6, 13], "texture": "#2"}
			}
		},
		{
			"from": [7.9, 4.9, 8.6],
			"to": [9.9, 5.1, 7.4],
			"light_emission": 15,
			"rotation": {"angle": 0, "axis": "y", "origin": [8, 4.825, 1.1]},
			"faces": {
				"north": {"uv": [5, 12, 6, 13], "texture": "#2"},
				"east": {"uv": [0, 0, 1, 1], "texture": "#2"},
				"south": {"uv": [5, 12, 6, 13], "texture": "#2"},
				"west": {"uv": [5, 12, 6, 13], "texture": "#2"},
				"up": {"uv": [5, 12, 6, 13], "texture": "#2"},
				"down": {"uv": [0, 0, 1, 1], "texture": "#2"}
			}
		},
		{
			"from": [9.9, 4.9, 8.6],
			"to": [10.1, 5.1, 7.4],
			"light_emission": 15,
			"rotation": {"angle": 0, "axis": "y", "origin": [11, 5.9, 1.1]},
			"faces": {
				"north": {"uv": [15, 2, 16, 3], "texture": "#2"},
				"east": {"uv": [0, 0, 1, 1], "texture": "#2"},
				"south": {"uv": [15, 2, 16, 3], "texture": "#2"},
				"west": {"uv": [0, 0, 1, 1], "texture": "#2"},
				"up": {"uv": [0, 0, 1, 1], "texture": "#2"},
				"down": {"uv": [0, 0, 1, 1], "texture": "#2"}
			}
		},
		{
			"from": [7.9, 4.1, 8.6],
			"to": [10.1, 4.9, 7.4],
			"light_emission": 15,
			"rotation": {"angle": 0, "axis": "y", "origin": [8, 4.025, 1.1]},
			"faces": {
				"north": {"uv": [5, 12, 6, 13], "texture": "#2"},
				"east": {"uv": [5, 12, 6, 13], "texture": "#2"},
				"south": {"uv": [5, 12, 6, 13], "texture": "#2"},
				"west": {"uv": [5, 12, 6, 13], "texture": "#2"},
				"up": {"uv": [0, 0, 1, 1], "texture": "#2"},
				"down": {"uv": [0, 0, 1, 1], "texture": "#2"}
			}
		},
		{
			"from": [8.1, 3.9, 8.6],
			"to": [10.1, 4.1, 7.4],
			"light_emission": 15,
			"rotation": {"angle": 0, "axis": "y", "origin": [8.2, 3.85, 1.1]},
			"faces": {
				"north": {"uv": [5, 12, 6, 13], "texture": "#2"},
				"east": {"uv": [5, 12, 6, 13], "texture": "#2"},
				"south": {"uv": [5, 12, 6, 13], "texture": "#2"},
				"west": {"uv": [0, 0, 1, 1], "texture": "#2"},
				"up": {"uv": [0, 0, 1, 1], "texture": "#2"},
				"down": {"uv": [5, 12, 6, 13], "texture": "#2"}
			}
		},
		{
			"from": [10.9, 7.1, 8.6],
			"to": [12.1, 7.9, 7.4],
			"light_emission": 15,
			"rotation": {"angle": 0, "axis": "y", "origin": [11, 7.025, 1.1]},
			"faces": {
				"north": {"uv": [5, 12, 6, 13], "texture": "#2"},
				"east": {"uv": [5, 12, 6, 13], "texture": "#2"},
				"south": {"uv": [5, 12, 6, 13], "texture": "#2"},
				"west": {"uv": [5, 12, 6, 13], "texture": "#2"},
				"up": {"uv": [0, 0, 1, 1], "texture": "#2"},
				"down": {"uv": [0, 0, 1, 1], "texture": "#2"}
			}
		},
		{
			"from": [10.9, 6.1, 8.6],
			"to": [12.1, 7.1, 7.4],
			"light_emission": 15,
			"rotation": {"angle": 0, "axis": "y", "origin": [11, 6.025, 1.1]},
			"faces": {
				"north": {"uv": [5, 12, 6, 13], "texture": "#2"},
				"east": {"uv": [5, 12, 6, 13], "texture": "#2"},
				"south": {"uv": [5, 12, 6, 13], "texture": "#2"},
				"west": {"uv": [0, 0, 1, 1], "texture": "#2"},
				"up": {"uv": [0, 0, 1, 1], "texture": "#2"},
				"down": {"uv": [0, 0, 1, 1], "texture": "#2"}
			}
		},
		{
			"from": [10.9, 7.9, 8.6],
			"to": [11.9, 8.1, 7.4],
			"light_emission": 15,
			"rotation": {"angle": 0, "axis": "y", "origin": [11, 7.825, 1.1]},
			"faces": {
				"north": {"uv": [5, 12, 6, 13], "texture": "#2"},
				"east": {"uv": [0, 0, 1, 1], "texture": "#2"},
				"south": {"uv": [5, 12, 6, 13], "texture": "#2"},
				"west": {"uv": [5, 12, 6, 13], "texture": "#2"},
				"up": {"uv": [5, 12, 6, 13], "texture": "#2"},
				"down": {"uv": [0, 0, 1, 1], "texture": "#2"}
			}
		},
		{
			"from": [11.1, 5.9, 8.6],
			"to": [12.1, 6.1, 7.4],
			"light_emission": 15,
			"rotation": {"angle": 0, "axis": "y", "origin": [11.2, 5.85, 1.1]},
			"faces": {
				"north": {"uv": [5, 12, 6, 13], "texture": "#2"},
				"east": {"uv": [5, 12, 6, 13], "texture": "#2"},
				"south": {"uv": [5, 12, 6, 13], "texture": "#2"},
				"west": {"uv": [0, 0, 1, 1], "texture": "#2"},
				"up": {"uv": [0, 0, 1, 1], "texture": "#2"},
				"down": {"uv": [5, 12, 6, 13], "texture": "#2"}
			}
		},
		{
			"from": [11.9, 7.9, 8.6],
			"to": [12.1, 8.1, 7.4],
			"light_emission": 15,
			"rotation": {"angle": 0, "axis": "y", "origin": [13, 8.9, 1.1]},
			"faces": {
				"north": {"uv": [15, 2, 16, 3], "texture": "#2"},
				"east": {"uv": [0, 0, 1, 1], "texture": "#2"},
				"south": {"uv": [15, 2, 16, 3], "texture": "#2"},
				"west": {"uv": [0, 0, 1, 1], "texture": "#2"},
				"up": {"uv": [0, 0, 1, 1], "texture": "#2"},
				"down": {"uv": [0, 0, 1, 1], "texture": "#2"}
			}
		},
		{
			"from": [8.9, 6.9, 8.6],
			"to": [10.1, 7.1, 7.4],
			"light_emission": 15,
			"rotation": {"angle": 0, "axis": "y", "origin": [11, 7.9, 1.1]},
			"faces": {
				"north": {"uv": [15, 2, 16, 3], "texture": "#2"},
				"east": {"uv": [0, 0, 1, 1], "texture": "#2"},
				"south": {"uv": [15, 2, 16, 3], "texture": "#2"},
				"west": {"uv": [0, 0, 1, 1], "texture": "#2"},
				"up": {"uv": [0, 0, 1, 1], "texture": "#2"},
				"down": {"uv": [0, 0, 1, 1], "texture": "#2"}
			}
		},
		{
			"from": [9.9, 5.9, 8.6],
			"to": [11.1, 6.1, 7.4],
			"light_emission": 15,
			"rotation": {"angle": 0, "axis": "y", "origin": [12, 6.9, 1.1]},
			"faces": {
				"north": {"uv": [15, 2, 16, 3], "texture": "#2"},
				"east": {"uv": [0, 0, 1, 1], "texture": "#2"},
				"south": {"uv": [15, 2, 16, 3], "texture": "#2"},
				"west": {"uv": [0, 0, 1, 1], "texture": "#2"},
				"up": {"uv": [0, 0, 1, 1], "texture": "#2"},
				"down": {"uv": [0, 0, 1, 1], "texture": "#2"}
			}
		},
		{
			"from": [6.9, 8.9, 8.6],
			"to": [8.1, 9.1, 7.4],
			"light_emission": 15,
			"rotation": {"angle": 0, "axis": "y", "origin": [9, 9.9, 1.1]},
			"faces": {
				"north": {"uv": [15, 2, 16, 3], "texture": "#2"},
				"east": {"uv": [0, 0, 1, 1], "texture": "#2"},
				"south": {"uv": [15, 2, 16, 3], "texture": "#2"},
				"west": {"uv": [0, 0, 1, 1], "texture": "#2"},
				"up": {"uv": [0, 0, 1, 1], "texture": "#2"},
				"down": {"uv": [0, 0, 1, 1], "texture": "#2"}
			}
		},
		{
			"from": [6.9, 9.1, 8.6],
			"to": [7.1, 9.9, 7.4],
			"light_emission": 15,
			"rotation": {"angle": 0, "axis": "y", "origin": [9, 10.1, 1.1]},
			"faces": {
				"north": {"uv": [15, 2, 16, 3], "texture": "#2"},
				"east": {"uv": [0, 0, 1, 1], "texture": "#2"},
				"south": {"uv": [15, 2, 16, 3], "texture": "#2"},
				"west": {"uv": [0, 0, 1, 1], "texture": "#2"},
				"up": {"uv": [0, 0, 1, 1], "texture": "#2"},
				"down": {"uv": [0, 0, 1, 1], "texture": "#2"}
			}
		},
		{
			"from": [7.9, 8.1, 8.6],
			"to": [8.1, 8.9, 7.4],
			"light_emission": 15,
			"rotation": {"angle": 0, "axis": "y", "origin": [10, 9.1, 1.1]},
			"faces": {
				"north": {"uv": [15, 2, 16, 3], "texture": "#2"},
				"east": {"uv": [0, 0, 1, 1], "texture": "#2"},
				"south": {"uv": [15, 2, 16, 3], "texture": "#2"},
				"west": {"uv": [0, 0, 1, 1], "texture": "#2"},
				"up": {"uv": [0, 0, 1, 1], "texture": "#2"},
				"down": {"uv": [0, 0, 1, 1], "texture": "#2"}
			}
		},
		{
			"from": [8.9, 7.1, 8.6],
			"to": [9.1, 7.9, 7.4],
			"light_emission": 15,
			"rotation": {"angle": 0, "axis": "y", "origin": [11, 8.1, 1.1]},
			"faces": {
				"north": {"uv": [15, 2, 16, 3], "texture": "#2"},
				"east": {"uv": [0, 0, 1, 1], "texture": "#2"},
				"south": {"uv": [15, 2, 16, 3], "texture": "#2"},
				"west": {"uv": [0, 0, 1, 1], "texture": "#2"},
				"up": {"uv": [0, 0, 1, 1], "texture": "#2"},
				"down": {"uv": [0, 0, 1, 1], "texture": "#2"}
			}
		},
		{
			"from": [9.9, 6.1, 8.6],
			"to": [10.1, 6.9, 7.4],
			"light_emission": 15,
			"rotation": {"angle": 0, "axis": "y", "origin": [12, 7.1, 1.1]},
			"faces": {
				"north": {"uv": [15, 2, 16, 3], "texture": "#2"},
				"east": {"uv": [0, 0, 1, 1], "texture": "#2"},
				"south": {"uv": [15, 2, 16, 3], "texture": "#2"},
				"west": {"uv": [0, 0, 1, 1], "texture": "#2"},
				"up": {"uv": [0, 0, 1, 1], "texture": "#2"},
				"down": {"uv": [0, 0, 1, 1], "texture": "#2"}
			}
		},
		{
			"from": [7.9, 7.9, 8.6],
			"to": [9.1, 8.1, 7.4],
			"light_emission": 15,
			"rotation": {"angle": 0, "axis": "y", "origin": [10, 8.9, 1.1]},
			"faces": {
				"north": {"uv": [15, 2, 16, 3], "texture": "#2"},
				"east": {"uv": [0, 0, 1, 1], "texture": "#2"},
				"south": {"uv": [15, 2, 16, 3], "texture": "#2"},
				"west": {"uv": [0, 0, 1, 1], "texture": "#2"},
				"up": {"uv": [0, 0, 1, 1], "texture": "#2"},
				"down": {"uv": [0, 0, 1, 1], "texture": "#2"}
			}
		},
		{
			"from": [3.9, 12.1, 8.6],
			"to": [4.1, 12.9, 7.4],
			"light_emission": 15,
			"rotation": {"angle": 0, "axis": "y", "origin": [6, 13.1, 1.1]},
			"faces": {
				"north": {"uv": [15, 2, 16, 3], "texture": "#2"},
				"east": {"uv": [0, 0, 1, 1], "texture": "#2"},
				"south": {"uv": [15, 2, 16, 3], "texture": "#2"},
				"west": {"uv": [0, 0, 1, 1], "texture": "#2"},
				"up": {"uv": [0, 0, 1, 1], "texture": "#2"},
				"down": {"uv": [0, 0, 1, 1], "texture": "#2"}
			}
		},
		{
			"from": [2.9, 12.9, 8.6],
			"to": [4.1, 13.1, 7.4],
			"light_emission": 15,
			"rotation": {"angle": 0, "axis": "y", "origin": [5, 13.9, 1.1]},
			"faces": {
				"north": {"uv": [15, 2, 16, 3], "texture": "#2"},
				"east": {"uv": [0, 0, 1, 1], "texture": "#2"},
				"south": {"uv": [15, 2, 16, 3], "texture": "#2"},
				"west": {"uv": [0, 0, 1, 1], "texture": "#2"},
				"up": {"uv": [0, 0, 1, 1], "texture": "#2"},
				"down": {"uv": [0, 0, 1, 1], "texture": "#2"}
			}
		},
		{
			"from": [2.9, 13.1, 8.6],
			"to": [3.1, 13.9, 7.4],
			"light_emission": 15,
			"rotation": {"angle": 0, "axis": "y", "origin": [5, 14.1, 1.1]},
			"faces": {
				"north": {"uv": [15, 2, 16, 3], "texture": "#2"},
				"east": {"uv": [0, 0, 1, 1], "texture": "#2"},
				"south": {"uv": [15, 2, 16, 3], "texture": "#2"},
				"west": {"uv": [0, 0, 1, 1], "texture": "#2"},
				"up": {"uv": [0, 0, 1, 1], "texture": "#2"},
				"down": {"uv": [0, 0, 1, 1], "texture": "#2"}
			}
		},
		{
			"from": [1.9, 13.9, 8.6],
			"to": [3.1, 14.1, 7.4],
			"light_emission": 15,
			"rotation": {"angle": 0, "axis": "y", "origin": [4, 14.9, 1.1]},
			"faces": {
				"north": {"uv": [15, 2, 16, 3], "texture": "#2"},
				"east": {"uv": [0, 0, 1, 1], "texture": "#2"},
				"south": {"uv": [15, 2, 16, 3], "texture": "#2"},
				"west": {"uv": [0, 0, 1, 1], "texture": "#2"},
				"up": {"uv": [0, 0, 1, 1], "texture": "#2"},
				"down": {"uv": [0, 0, 1, 1], "texture": "#2"}
			}
		},
		{
			"from": [1.9, 14.1, 8.6],
			"to": [2.1, 15.1, 7.4],
			"light_emission": 15,
			"rotation": {"angle": 0, "axis": "y", "origin": [4, 15.1, 1.1]},
			"faces": {
				"north": {"uv": [15, 2, 16, 3], "texture": "#2"},
				"east": {"uv": [0, 0, 1, 1], "texture": "#2"},
				"south": {"uv": [15, 2, 16, 3], "texture": "#2"},
				"west": {"uv": [0, 0, 1, 1], "texture": "#2"},
				"up": {"uv": [0, 0, 1, 1], "texture": "#2"},
				"down": {"uv": [0, 0, 1, 1], "texture": "#2"}
			}
		},
		{
			"from": [12.9, 9.1, 8.6],
			"to": [14.1, 10.9, 7.4],
			"light_emission": 15,
			"rotation": {"angle": 0, "axis": "y", "origin": [13, 10.025, 1.1]},
			"faces": {
				"north": {"uv": [5, 12, 6, 13], "texture": "#2"},
				"east": {"uv": [5, 12, 6, 13], "texture": "#2"},
				"south": {"uv": [5, 12, 6, 13], "texture": "#2"},
				"west": {"uv": [5, 12, 6, 13], "texture": "#2"},
				"up": {"uv": [0, 0, 1, 1], "texture": "#2"},
				"down": {"uv": [0, 0, 1, 1], "texture": "#2"}
			}
		},
		{
			"from": [12.9, 10.9, 8.6],
			"to": [13.9, 11.1, 7.4],
			"light_emission": 15,
			"rotation": {"angle": 0, "axis": "y", "origin": [13, 10.825, 1.1]},
			"faces": {
				"north": {"uv": [5, 12, 6, 13], "texture": "#2"},
				"east": {"uv": [0, 0, 1, 1], "texture": "#2"},
				"south": {"uv": [5, 12, 6, 13], "texture": "#2"},
				"west": {"uv": [5, 12, 6, 13], "texture": "#2"},
				"up": {"uv": [5, 12, 6, 13], "texture": "#2"},
				"down": {"uv": [0, 0, 1, 1], "texture": "#2"}
			}
		},
		{
			"from": [13.1, 8.9, 8.6],
			"to": [14.1, 9.1, 7.4],
			"light_emission": 15,
			"rotation": {"angle": 0, "axis": "y", "origin": [13.2, 8.85, 1.1]},
			"faces": {
				"north": {"uv": [5, 12, 6, 13], "texture": "#2"},
				"east": {"uv": [5, 12, 6, 13], "texture": "#2"},
				"south": {"uv": [5, 12, 6, 13], "texture": "#2"},
				"west": {"uv": [0, 0, 1, 1], "texture": "#2"},
				"up": {"uv": [0, 0, 1, 1], "texture": "#2"},
				"down": {"uv": [5, 12, 6, 13], "texture": "#2"}
			}
		},
		{
			"from": [13.9, 10.9, 8.6],
			"to": [14.1, 11.1, 7.4],
			"light_emission": 15,
			"rotation": {"angle": 0, "axis": "y", "origin": [15, 11.9, 1.1]},
			"faces": {
				"north": {"uv": [15, 2, 16, 3], "texture": "#2"},
				"east": {"uv": [0, 0, 1, 1], "texture": "#2"},
				"south": {"uv": [15, 2, 16, 3], "texture": "#2"},
				"west": {"uv": [0, 0, 1, 1], "texture": "#2"},
				"up": {"uv": [0, 0, 1, 1], "texture": "#2"},
				"down": {"uv": [0, 0, 1, 1], "texture": "#2"}
			}
		},
		{
			"from": [11.9, 8.9, 8.6],
			"to": [12.9, 9.1, 7.4],
			"light_emission": 15,
			"rotation": {"angle": 0, "axis": "y", "origin": [12, 8.825, 1.1]},
			"faces": {
				"north": {"uv": [5, 12, 6, 13], "texture": "#2"},
				"east": {"uv": [0, 0, 1, 1], "texture": "#2"},
				"south": {"uv": [5, 12, 6, 13], "texture": "#2"},
				"west": {"uv": [5, 12, 6, 13], "texture": "#2"},
				"up": {"uv": [5, 12, 6, 13], "texture": "#2"},
				"down": {"uv": [0, 0, 1, 1], "texture": "#2"}
			}
		},
		{
			"from": [12.9, 8.9, 8.6],
			"to": [13.1, 9.1, 7.4],
			"light_emission": 15,
			"rotation": {"angle": 0, "axis": "y", "origin": [14, 9.9, 1.1]},
			"faces": {
				"north": {"uv": [15, 2, 16, 3], "texture": "#2"},
				"east": {"uv": [0, 0, 1, 1], "texture": "#2"},
				"south": {"uv": [15, 2, 16, 3], "texture": "#2"},
				"west": {"uv": [0, 0, 1, 1], "texture": "#2"},
				"up": {"uv": [0, 0, 1, 1], "texture": "#2"},
				"down": {"uv": [0, 0, 1, 1], "texture": "#2"}
			}
		},
		{
			"from": [11.9, 8.1, 8.6],
			"to": [13.1, 8.9, 7.4],
			"light_emission": 15,
			"rotation": {"angle": 0, "axis": "y", "origin": [12, 8.025, 1.1]},
			"faces": {
				"north": {"uv": [5, 12, 6, 13], "texture": "#2"},
				"east": {"uv": [5, 12, 6, 13], "texture": "#2"},
				"south": {"uv": [5, 12, 6, 13], "texture": "#2"},
				"west": {"uv": [5, 12, 6, 13], "texture": "#2"},
				"up": {"uv": [0, 0, 1, 1], "texture": "#2"},
				"down": {"uv": [0, 0, 1, 1], "texture": "#2"}
			}
		},
		{
			"from": [12.1, 7.9, 8.6],
			"to": [13.1, 8.1, 7.4],
			"light_emission": 15,
			"rotation": {"angle": 0, "axis": "y", "origin": [12.2, 7.85, 1.1]},
			"faces": {
				"north": {"uv": [5, 12, 6, 13], "texture": "#2"},
				"east": {"uv": [5, 12, 6, 13], "texture": "#2"},
				"south": {"uv": [5, 12, 6, 13], "texture": "#2"},
				"west": {"uv": [0, 0, 1, 1], "texture": "#2"},
				"up": {"uv": [0, 0, 1, 1], "texture": "#2"},
				"down": {"uv": [5, 12, 6, 13], "texture": "#2"}
			}
		},
		{
			"from": [4.9, 2.9, 8.6],
			"to": [5.1, 3.1, 7.4],
			"light_emission": 15,
			"rotation": {"angle": 0, "axis": "y", "origin": [6, 3.9, 1.1]},
			"faces": {
				"north": {"uv": [15, 2, 16, 3], "texture": "#2"},
				"east": {"uv": [0, 0, 1, 1], "texture": "#2"},
				"south": {"uv": [15, 2, 16, 3], "texture": "#2"},
				"west": {"uv": [0, 0, 1, 1], "texture": "#2"},
				"up": {"uv": [0, 0, 1, 1], "texture": "#2"},
				"down": {"uv": [0, 0, 1, 1], "texture": "#2"}
			}
		},
		{
			"from": [3.1, 2.1, 8.6],
			"to": [4.1, 3.1, 7.4],
			"light_emission": 15,
			"rotation": {"angle": 0, "axis": "y", "origin": [6.2, 1.025, 1.1]},
			"faces": {
				"north": {"uv": [15, 2, 16, 3], "texture": "#2"},
				"east": {"uv": [15, 2, 16, 3], "texture": "#2"},
				"south": {"uv": [15, 2, 16, 3], "texture": "#2"},
				"west": {"uv": [0, 0, 1, 1], "texture": "#2"},
				"up": {"uv": [0, 0, 1, 1], "texture": "#2"},
				"down": {"uv": [0, 0, 1, 1], "texture": "#2"}
			}
		},
		{
			"from": [10.9, 14.1, 8.6],
			"to": [15.1, 15.1, 7.4],
			"light_emission": 15,
			"rotation": {"angle": 0, "axis": "y", "origin": [14, 14.025, 1.1]},
			"faces": {
				"north": {"uv": [14, 1, 15, 2], "texture": "#2"},
				"east": {"uv": [14, 1, 15, 2], "texture": "#2"},
				"south": {"uv": [14, 1, 15, 2], "texture": "#2"},
				"west": {"uv": [14, 1, 15, 2], "texture": "#2"},
				"up": {"uv": [14, 1, 15, 2], "texture": "#2"},
				"down": {"uv": [0, 0, 1, 1], "texture": "#2"}
			}
		}
	],
	"gui_light": "front",
	"display": {
		"thirdperson_righthand": {
			"rotation": [-80, -100, -40],
			"translation": [-1, -2, 2.5],
			"scale": [0.9, 0.9, 0.9]
		},
		"thirdperson_lefthand": {
			"rotation": [-80, 80, 40],
			"translation": [-1, -2, 2.5],
			"scale": [0.9, 0.9, 0.9]
		},
		"firstperson_righthand": {
			"rotation": [0, -90, 25],
			"translation": [1.13, 3.2, 1.13],
			"scale": [0.68, 0.68, 0.68]
		},
		"firstperson_lefthand": {
			"rotation": [0, 90, -25],
			"translation": [1.13, 3.2, 1.13],
			"scale": [0.68, 0.68, 0.68]
		}
	},
	"groups": [
		{
			"name": "bow_pulling_0",
			"origin": [8, 8, 8],
			"color": 0,
			"children": [
				0,
				1,
				2,
				3,
				4,
				5,
				6,
				7,
				8,
				9,
				10,
				11,
				12,
				13,
				14,
				15,
				16,
				17,
				18,
				19,
				20,
				21,
				22,
				23,
				24,
				25,
				26,
				27,
				28,
				29,
				30,
				31,
				32,
				33,
				34,
				35,
				36,
				37,
				38,
				39,
				40,
				41,
				42,
				43,
				44,
				45,
				46,
				47,
				48,
				49,
				50,
				51,
				52,
				53,
				54,
				55,
				56,
				57,
				58,
				59,
				60,
				61,
				62,
				63,
				64,
				65,
				66,
				67,
				68,
				69,
				70,
				71,
				72,
				73,
				74,
				75,
				76,
				77,
				78,
				79,
				80,
				81,
				82,
				83,
				84,
				85,
				86,
				87
			]
		},
		{
			"name": "emissive_1",
			"origin": [12, 15, 0],
			"color": 0,
			"children": [
				88,
				89,
				90,
				91,
				92,
				93,
				94,
				95,
				96,
				97,
				98,
				99,
				100,
				101,
				102,
				103,
				104,
				105,
				106,
				107,
				108,
				109,
				110,
				111,
				112,
				113,
				114,
				115,
				116,
				117,
				118,
				119,
				120,
				121,
				122,
				123,
				124,
				125,
				126,
				127,
				128,
				129,
				130,
				131,
				132,
				133,
				134,
				135,
				136,
				137,
				138,
				139,
				140,
				141,
				142,
				143,
				144,
				145,
				146,
				147,
				148,
				149,
				150,
				151,
				152,
				153,
				154,
				155,
				156,
				157,
				158,
				159,
				160,
				161,
				162,
				163,
				164,
				165,
				166,
				167,
				168,
				169,
				170,
				171,
				172,
				173,
				174,
				175,
				176,
				177,
				178,
				179,
				180
			]
		}
	]
}