{
	"format_version": "1.21.6",
	"credit": "Made with Blockbench",
	"textures": {
		"1": "item/enchanted_tool_overlays/enchantment_outline",
		"particle": "./item/boots",
		"boots": "./item/boots"
	},
	"elements": [
		{
			"from": [0.9, 2.9, 8.6],
			"to": [1.9, 6.1, 7.4],
			"light_emission": 15,
			"rotation": {"angle": 0, "axis": "y", "origin": [1, 3.025, 1.1]},
			"faces": {
				"north": {"uv": [1, 12, 2, 13], "texture": "#1"},
				"east": {"uv": [0, 0, 1, 1], "texture": "#1"},
				"south": {"uv": [1, 12, 2, 13], "texture": "#1"},
				"west": {"uv": [1, 12, 2, 13], "texture": "#1"},
				"up": {"uv": [1, 12, 2, 13], "texture": "#1"},
				"down": {"uv": [1, 12, 2, 13], "texture": "#1"}
			}
		},
		{
			"from": [1.9, 2.9, 8.6],
			"to": [5.1, 3.9, 7.4],
			"light_emission": 15,
			"rotation": {"angle": 0, "axis": "y", "origin": [2, 3.025, 1.1]},
			"faces": {
				"north": {"uv": [2, 12, 3, 13], "texture": "#1"},
				"east": {"uv": [2, 12, 3, 13], "texture": "#1"},
				"south": {"uv": [2, 12, 3, 13], "texture": "#1"},
				"west": {"uv": [0, 0, 1, 1], "texture": "#1"},
				"up": {"uv": [0, 0, 1, 1], "texture": "#1"},
				"down": {"uv": [2, 12, 3, 13], "texture": "#1"}
			}
		},
		{
			"from": [14.1, 2.9, 8.6],
			"to": [15.1, 6.1, 7.4],
			"light_emission": 15,
			"rotation": {"angle": 0, "axis": "y", "origin": [14, 3.025, 1.1]},
			"faces": {
				"north": {"uv": [14, 12, 15, 13], "texture": "#1"},
				"east": {"uv": [14, 12, 15, 13], "texture": "#1"},
				"south": {"uv": [14, 12, 15, 13], "texture": "#1"},
				"west": {"uv": [0, 0, 1, 1], "texture": "#1"},
				"up": {"uv": [14, 12, 15, 13], "texture": "#1"},
				"down": {"uv": [14, 12, 15, 13], "texture": "#1"}
			}
		},
		{
			"from": [10.9, 2.9, 8.6],
			"to": [14.1, 3.9, 7.4],
			"light_emission": 15,
			"rotation": {"angle": 0, "axis": "y", "origin": [13, 3.025, 1.1]},
			"faces": {
				"north": {"uv": [13, 12, 14, 13], "texture": "#1"},
				"east": {"uv": [0, 0, 1, 1], "texture": "#1"},
				"south": {"uv": [13, 12, 14, 13], "texture": "#1"},
				"west": {"uv": [13, 12, 14, 13], "texture": "#1"},
				"up": {"uv": [0, 0, 1, 1], "texture": "#1"},
				"down": {"uv": [13, 12, 14, 13], "texture": "#1"}
			}
		},
		{
			"from": [5.1, 3.9, 8.6],
			"to": [6, 5, 7.4],
			"light_emission": 15,
			"rotation": {"angle": 0, "axis": "y", "origin": [5, 4.025, 1.1]},
			"faces": {
				"north": {"uv": [5, 11, 6, 12], "texture": "#1"},
				"east": {"uv": [0, 0, 1, 1], "texture": "#1"},
				"south": {"uv": [5, 11, 6, 12], "texture": "#1"},
				"west": {"uv": [0, 0, 1, 1], "texture": "#1"},
				"up": {"uv": [0, 0, 1, 1], "texture": "#1"},
				"down": {"uv": [5, 11, 6, 12], "texture": "#1"}
			}
		},
		{
			"from": [6, 3.9, 8.6],
			"to": [7.1, 12.1, 7.4],
			"light_emission": 15,
			"rotation": {"angle": 0, "axis": "y", "origin": [6, 4.025, 1.1]},
			"faces": {
				"north": {"uv": [6, 11, 7, 12], "texture": "#1"},
				"east": {"uv": [6, 11, 7, 12], "texture": "#1"},
				"south": {"uv": [6, 11, 7, 12], "texture": "#1"},
				"west": {"uv": [0, 0, 1, 1], "texture": "#1"},
				"up": {"uv": [0, 0, 1, 1], "texture": "#1"},
				"down": {"uv": [6, 11, 7, 12], "texture": "#1"}
			}
		},
		{
			"from": [8.9, 3.9, 8.6],
			"to": [10, 12.1, 7.4],
			"light_emission": 15,
			"rotation": {"angle": 0, "axis": "y", "origin": [9, 4.025, 1.1]},
			"faces": {
				"north": {"uv": [9, 11, 10, 12], "texture": "#1"},
				"east": {"uv": [0, 0, 1, 1], "texture": "#1"},
				"south": {"uv": [9, 11, 10, 12], "texture": "#1"},
				"west": {"uv": [9, 11, 10, 12], "texture": "#1"},
				"up": {"uv": [0, 0, 1, 1], "texture": "#1"},
				"down": {"uv": [9, 11, 10, 12], "texture": "#1"}
			}
		},
		{
			"from": [10, 3.9, 8.6],
			"to": [10.9, 5, 7.4],
			"light_emission": 15,
			"rotation": {"angle": 0, "axis": "y", "origin": [10, 4.025, 1.1]},
			"faces": {
				"north": {"uv": [10, 11, 11, 12], "texture": "#1"},
				"east": {"uv": [0, 0, 1, 1], "texture": "#1"},
				"south": {"uv": [10, 11, 11, 12], "texture": "#1"},
				"west": {"uv": [0, 0, 1, 1], "texture": "#1"},
				"up": {"uv": [0, 0, 1, 1], "texture": "#1"},
				"down": {"uv": [10, 11, 11, 12], "texture": "#1"}
			}
		},
		{
			"from": [1.9, 6.1, 8.6],
			"to": [2.9, 7.1, 7.4],
			"light_emission": 15,
			"rotation": {"angle": 0, "axis": "y", "origin": [2, 6.025, 1.1]},
			"faces": {
				"north": {"uv": [2, 9, 3, 10], "texture": "#1"},
				"east": {"uv": [0, 0, 1, 1], "texture": "#1"},
				"south": {"uv": [2, 9, 3, 10], "texture": "#1"},
				"west": {"uv": [2, 9, 3, 10], "texture": "#1"},
				"up": {"uv": [2, 9, 3, 10], "texture": "#1"},
				"down": {"uv": [0, 0, 1, 1], "texture": "#1"}
			}
		},
		{
			"from": [13.1, 6.1, 8.6],
			"to": [14.1, 7.1, 7.4],
			"light_emission": 15,
			"rotation": {"angle": 0, "axis": "y", "origin": [13, 6.025, 1.1]},
			"faces": {
				"north": {"uv": [13, 9, 14, 10], "texture": "#1"},
				"east": {"uv": [13, 9, 14, 10], "texture": "#1"},
				"south": {"uv": [13, 9, 14, 10], "texture": "#1"},
				"west": {"uv": [0, 0, 1, 1], "texture": "#1"},
				"up": {"uv": [13, 9, 14, 10], "texture": "#1"},
				"down": {"uv": [0, 0, 1, 1], "texture": "#1"}
			}
		},
		{
			"from": [2.9, 7.1, 8.6],
			"to": [3.9, 12.1, 7.4],
			"light_emission": 15,
			"rotation": {"angle": 0, "axis": "y", "origin": [3, 7.025, 1.1]},
			"faces": {
				"north": {"uv": [3, 8, 4, 9], "texture": "#1"},
				"east": {"uv": [0, 0, 1, 1], "texture": "#1"},
				"south": {"uv": [3, 8, 4, 9], "texture": "#1"},
				"west": {"uv": [3, 8, 4, 9], "texture": "#1"},
				"up": {"uv": [3, 8, 4, 9], "texture": "#1"},
				"down": {"uv": [0, 0, 1, 1], "texture": "#1"}
			}
		},
		{
			"from": [12.1, 7.1, 8.6],
			"to": [13.1, 12.1, 7.4],
			"light_emission": 15,
			"rotation": {"angle": 0, "axis": "y", "origin": [12, 7.025, 1.1]},
			"faces": {
				"north": {"uv": [12, 8, 13, 9], "texture": "#1"},
				"east": {"uv": [12, 8, 13, 9], "texture": "#1"},
				"south": {"uv": [12, 8, 13, 9], "texture": "#1"},
				"west": {"uv": [0, 0, 1, 1], "texture": "#1"},
				"up": {"uv": [12, 8, 13, 9], "texture": "#1"},
				"down": {"uv": [0, 0, 1, 1], "texture": "#1"}
			}
		},
		{
			"from": [3.9, 12.1, 8.6],
			"to": [7.1, 13.1, 7.4],
			"light_emission": 15,
			"rotation": {"angle": 0, "axis": "y", "origin": [4, 12.025, 1.1]},
			"faces": {
				"north": {"uv": [4, 3, 5, 4], "texture": "#1"},
				"east": {"uv": [4, 3, 5, 4], "texture": "#1"},
				"south": {"uv": [4, 3, 5, 4], "texture": "#1"},
				"west": {"uv": [4, 3, 5, 4], "texture": "#1"},
				"up": {"uv": [4, 3, 5, 4], "texture": "#1"},
				"down": {"uv": [0, 0, 1, 1], "texture": "#1"}
			}
		},
		{
			"from": [3.9, 6.1, 8.6],
			"to": [6, 12.1, 7.4],
			"light_emission": 15,
			"rotation": {"angle": 0, "axis": "y", "origin": [4, 11.025, 1.1]},
			"faces": {
				"north": {"uv": [4, 3, 5, 4], "texture": "#1"},
				"east": {"uv": [0, 0, 1, 1], "texture": "#1"},
				"south": {"uv": [4, 3, 5, 4], "texture": "#1"},
				"west": {"uv": [0, 0, 1, 1], "texture": "#1"},
				"up": {"uv": [0, 0, 1, 1], "texture": "#1"},
				"down": {"uv": [0, 0, 1, 1], "texture": "#1"}
			}
		},
		{
			"from": [2.9, 6.1, 8.6],
			"to": [3.9, 7.1, 7.4],
			"light_emission": 15,
			"rotation": {"angle": 0, "axis": "y", "origin": [3, 11.025, 1.1]},
			"faces": {
				"north": {"uv": [4, 3, 5, 4], "texture": "#1"},
				"east": {"uv": [0, 0, 1, 1], "texture": "#1"},
				"south": {"uv": [4, 3, 5, 4], "texture": "#1"},
				"west": {"uv": [0, 0, 1, 1], "texture": "#1"},
				"up": {"uv": [0, 0, 1, 1], "texture": "#1"},
				"down": {"uv": [0, 0, 1, 1], "texture": "#1"}
			}
		},
		{
			"from": [5.1, 5, 8.6],
			"to": [6, 6.1, 7.4],
			"light_emission": 15,
			"rotation": {"angle": 0, "axis": "y", "origin": [5.1, 10.025, 1.1]},
			"faces": {
				"north": {"uv": [4, 3, 5, 4], "texture": "#1"},
				"east": {"uv": [0, 0, 1, 1], "texture": "#1"},
				"south": {"uv": [4, 3, 5, 4], "texture": "#1"},
				"west": {"uv": [0, 0, 1, 1], "texture": "#1"},
				"up": {"uv": [0, 0, 1, 1], "texture": "#1"},
				"down": {"uv": [0, 0, 1, 1], "texture": "#1"}
			}
		},
		{
			"from": [1.9, 3.9, 8.6],
			"to": [5.1, 6.1, 7.4],
			"light_emission": 15,
			"rotation": {"angle": 0, "axis": "y", "origin": [2, 8.925, 1.1]},
			"faces": {
				"north": {"uv": [4, 3, 5, 4], "texture": "#1"},
				"east": {"uv": [0, 0, 1, 1], "texture": "#1"},
				"south": {"uv": [4, 3, 5, 4], "texture": "#1"},
				"west": {"uv": [0, 0, 1, 1], "texture": "#1"},
				"up": {"uv": [0, 0, 1, 1], "texture": "#1"},
				"down": {"uv": [0, 0, 1, 1], "texture": "#1"}
			}
		},
		{
			"from": [8.9, 12.1, 8.6],
			"to": [12.1, 13.1, 7.4],
			"light_emission": 15,
			"rotation": {"angle": 0, "axis": "y", "origin": [11, 12.025, 1.1]},
			"faces": {
				"north": {"uv": [11, 3, 12, 4], "texture": "#1"},
				"east": {"uv": [11, 3, 12, 4], "texture": "#1"},
				"south": {"uv": [11, 3, 12, 4], "texture": "#1"},
				"west": {"uv": [11, 3, 12, 4], "texture": "#1"},
				"up": {"uv": [11, 3, 12, 4], "texture": "#1"},
				"down": {"uv": [0, 0, 1, 1], "texture": "#1"}
			}
		},
		{
			"from": [10, 6.1, 8.6],
			"to": [12.1, 12.1, 7.4],
			"light_emission": 15,
			"rotation": {"angle": 0, "axis": "y", "origin": [11, 11.025, 1.1]},
			"faces": {
				"north": {"uv": [11, 3, 12, 4], "texture": "#1"},
				"east": {"uv": [0, 0, 1, 1], "texture": "#1"},
				"south": {"uv": [11, 3, 12, 4], "texture": "#1"},
				"west": {"uv": [0, 0, 1, 1], "texture": "#1"},
				"up": {"uv": [0, 0, 1, 1], "texture": "#1"},
				"down": {"uv": [0, 0, 1, 1], "texture": "#1"}
			}
		},
		{
			"from": [12.1, 6.1, 8.6],
			"to": [13.1, 7.1, 7.4],
			"light_emission": 15,
			"rotation": {"angle": 0, "axis": "y", "origin": [11, 11.025, 1.1]},
			"faces": {
				"north": {"uv": [11, 3, 12, 4], "texture": "#1"},
				"east": {"uv": [0, 0, 1, 1], "texture": "#1"},
				"south": {"uv": [11, 3, 12, 4], "texture": "#1"},
				"west": {"uv": [0, 0, 1, 1], "texture": "#1"},
				"up": {"uv": [0, 0, 1, 1], "texture": "#1"},
				"down": {"uv": [0, 0, 1, 1], "texture": "#1"}
			}
		},
		{
			"from": [10, 5, 8.6],
			"to": [10.9, 6.1, 7.4],
			"light_emission": 15,
			"rotation": {"angle": 0, "axis": "y", "origin": [9, 10.025, 1.1]},
			"faces": {
				"north": {"uv": [11, 3, 12, 4], "texture": "#1"},
				"east": {"uv": [0, 0, 1, 1], "texture": "#1"},
				"south": {"uv": [11, 3, 12, 4], "texture": "#1"},
				"west": {"uv": [0, 0, 1, 1], "texture": "#1"},
				"up": {"uv": [0, 0, 1, 1], "texture": "#1"},
				"down": {"uv": [0, 0, 1, 1], "texture": "#1"}
			}
		},
		{
			"from": [10.9, 3.9, 8.6],
			"to": [14.1, 6.1, 7.4],
			"light_emission": 15,
			"rotation": {"angle": 0, "axis": "y", "origin": [13, 8.925, 1.1]},
			"faces": {
				"north": {"uv": [11, 3, 12, 4], "texture": "#1"},
				"east": {"uv": [0, 0, 1, 1], "texture": "#1"},
				"south": {"uv": [11, 3, 12, 4], "texture": "#1"},
				"west": {"uv": [0, 0, 1, 1], "texture": "#1"},
				"up": {"uv": [0, 0, 1, 1], "texture": "#1"},
				"down": {"uv": [0, 0, 1, 1], "texture": "#1"}
			}
		},
		{
			"name": "diamond_boots_0",
			"from": [4, 4, 7.5],
			"to": [7, 13, 8.5],
			"rotation": {"angle": 0, "axis": "y", "origin": [0, 0, 7.5]},
			"faces": {
				"north": {"uv": [7, 3, 4, 12], "texture": "#boots"},
				"east": {"uv": [6, 3, 7, 12], "texture": "#boots"},
				"south": {"uv": [4, 3, 7, 12], "texture": "#boots"},
				"west": {"uv": [4, 3, 5, 12], "texture": "#boots"},
				"up": {"uv": [4, 3, 7, 4], "texture": "#boots"},
				"down": {"uv": [4, 11, 7, 12], "texture": "#boots"}
			}
		},
		{
			"name": "diamond_boots_1",
			"from": [9, 4, 7.5],
			"to": [12, 13, 8.5],
			"rotation": {"angle": 0, "axis": "y", "origin": [0, 0, 7.5]},
			"faces": {
				"north": {"uv": [12, 3, 9, 12], "texture": "#boots"},
				"east": {"uv": [11, 3, 12, 12], "texture": "#boots"},
				"south": {"uv": [9, 3, 12, 12], "texture": "#boots"},
				"west": {"uv": [9, 3, 10, 12], "texture": "#boots"},
				"up": {"uv": [9, 3, 12, 4], "texture": "#boots"},
				"down": {"uv": [9, 11, 12, 12], "texture": "#boots"}
			}
		},
		{
			"name": "diamond_boots_2",
			"from": [3, 3, 7.5],
			"to": [4, 12, 8.5],
			"rotation": {"angle": 0, "axis": "y", "origin": [0, 0, 7.5]},
			"faces": {
				"north": {"uv": [4, 4, 3, 13], "texture": "#boots"},
				"east": {"uv": [3, 4, 4, 13], "texture": "#boots"},
				"south": {"uv": [3, 4, 4, 13], "texture": "#boots"},
				"west": {"uv": [3, 4, 4, 13], "texture": "#boots"},
				"up": {"uv": [3, 4, 4, 5], "texture": "#boots"},
				"down": {"uv": [3, 12, 4, 13], "texture": "#boots"}
			}
		},
		{
			"name": "diamond_boots_3",
			"from": [12, 3, 7.5],
			"to": [13, 12, 8.5],
			"rotation": {"angle": 0, "axis": "y", "origin": [0, 0, 7.5]},
			"faces": {
				"north": {"uv": [13, 4, 12, 13], "texture": "#boots"},
				"east": {"uv": [12, 4, 13, 13], "texture": "#boots"},
				"south": {"uv": [12, 4, 13, 13], "texture": "#boots"},
				"west": {"uv": [12, 4, 13, 13], "texture": "#boots"},
				"up": {"uv": [12, 4, 13, 5], "texture": "#boots"},
				"down": {"uv": [12, 12, 13, 13], "texture": "#boots"}
			}
		},
		{
			"name": "diamond_boots_4",
			"from": [2, 3, 7.5],
			"to": [3, 7, 8.5],
			"rotation": {"angle": 0, "axis": "y", "origin": [0, 0, 7.5]},
			"faces": {
				"north": {"uv": [3, 9, 2, 13], "texture": "#boots"},
				"east": {"uv": [2, 9, 3, 13], "texture": "#boots"},
				"south": {"uv": [2, 9, 3, 13], "texture": "#boots"},
				"west": {"uv": [2, 9, 3, 13], "texture": "#boots"},
				"up": {"uv": [2, 9, 3, 10], "texture": "#boots"},
				"down": {"uv": [2, 12, 3, 13], "texture": "#boots"}
			}
		},
		{
			"name": "diamond_boots_5",
			"from": [13, 3, 7.5],
			"to": [14, 7, 8.5],
			"rotation": {"angle": 0, "axis": "y", "origin": [0, 0, 7.5]},
			"faces": {
				"north": {"uv": [14, 9, 13, 13], "texture": "#boots"},
				"east": {"uv": [13, 9, 14, 13], "texture": "#boots"},
				"south": {"uv": [13, 9, 14, 13], "texture": "#boots"},
				"west": {"uv": [13, 9, 14, 13], "texture": "#boots"},
				"up": {"uv": [13, 9, 14, 10], "texture": "#boots"},
				"down": {"uv": [13, 12, 14, 13], "texture": "#boots"}
			}
		},
		{
			"name": "diamond_boots_6",
			"from": [1, 3, 7.5],
			"to": [2, 6, 8.5],
			"rotation": {"angle": 0, "axis": "y", "origin": [0, 0, 7.5]},
			"faces": {
				"north": {"uv": [2, 10, 1, 13], "texture": "#boots"},
				"east": {"uv": [1, 10, 2, 13], "texture": "#boots"},
				"south": {"uv": [1, 10, 2, 13], "texture": "#boots"},
				"west": {"uv": [1, 10, 2, 13], "texture": "#boots"},
				"up": {"uv": [1, 10, 2, 11], "texture": "#boots"},
				"down": {"uv": [1, 12, 2, 13], "texture": "#boots"}
			}
		},
		{
			"name": "diamond_boots_7",
			"from": [14, 3, 7.5],
			"to": [15, 6, 8.5],
			"rotation": {"angle": 0, "axis": "y", "origin": [0, 0, 7.5]},
			"faces": {
				"north": {"uv": [15, 10, 14, 13], "texture": "#boots"},
				"east": {"uv": [14, 10, 15, 13], "texture": "#boots"},
				"south": {"uv": [14, 10, 15, 13], "texture": "#boots"},
				"west": {"uv": [14, 10, 15, 13], "texture": "#boots"},
				"up": {"uv": [14, 10, 15, 11], "texture": "#boots"},
				"down": {"uv": [14, 12, 15, 13], "texture": "#boots"}
			}
		},
		{
			"name": "diamond_boots_8",
			"from": [4, 3, 7.5],
			"to": [5, 4, 8.5],
			"rotation": {"angle": 0, "axis": "y", "origin": [0, 0, 7.5]},
			"faces": {
				"north": {"uv": [5, 12, 4, 13], "texture": "#boots"},
				"east": {"uv": [4, 12, 5, 13], "texture": "#boots"},
				"south": {"uv": [4, 12, 5, 13], "texture": "#boots"},
				"west": {"uv": [4, 12, 5, 13], "texture": "#boots"},
				"up": {"uv": [4, 12, 5, 13], "texture": "#boots"},
				"down": {"uv": [4, 12, 5, 13], "texture": "#boots"}
			}
		},
		{
			"name": "diamond_boots_9",
			"from": [11, 3, 7.5],
			"to": [12, 4, 8.5],
			"rotation": {"angle": 0, "axis": "y", "origin": [0, 0, 7.5]},
			"faces": {
				"north": {"uv": [12, 12, 11, 13], "texture": "#boots"},
				"east": {"uv": [11, 12, 12, 13], "texture": "#boots"},
				"south": {"uv": [11, 12, 12, 13], "texture": "#boots"},
				"west": {"uv": [11, 12, 12, 13], "texture": "#boots"},
				"up": {"uv": [11, 12, 12, 13], "texture": "#boots"},
				"down": {"uv": [11, 12, 12, 13], "texture": "#boots"}
			}
		}
	],
	"gui_light": "front",
    "display": {
        "ground": {
            "rotation": [ 0, 0, 0 ],
            "translation": [ 0, 2, 0],
            "scale":[ 0.5, 0.5, 0.5 ]
        },
        "head": {
            "rotation": [ 0, 180, 0 ],
            "translation": [ 0, 13, 7],
            "scale":[ 1, 1, 1]
        },
        "thirdperson_righthand": {
            "rotation": [ 0, 0, 0 ],
            "translation": [ 0, 3, 1 ],
            "scale": [ 0.55, 0.55, 0.55 ]
        },
        "firstperson_righthand": {
            "rotation": [ 0, -90, 25 ],
            "translation": [ 1.13, 3.2, 1.13],
            "scale": [ 0.68, 0.68, 0.68 ]
        },
        "fixed": {
            "rotation": [ 0, 180, 0 ],
            "scale": [ 1, 1, 1 ]
        }
    },
	"groups": [
		{
			"name": "emissive_1",
			"origin": [12, 15, 0],
			"color": 0,
			"children": [0, 1, 2, 3, 4, 5, 6, 7, 8, 9, 10, 11, 12, 13, 14, 15, 16, 17, 18, 19, 20, 21]
		},
		{
			"name": "diamond_boots",
			"origin": [8, 8, 8],
			"color": 0,
			"children": [22, 23, 24, 25, 26, 27, 28, 29, 30, 31]
		}
	]
}