{
	"parent": "minecraft:item/generated",
	"credit": "Made with Blockbench",
	"textures": {
		"glow": "item/enchanted_tool_overlays/enchantment_outline",
		"particle": "item/enchanted_tool_overlays/enchantment_outline"
	},
	"elements": [
		{
			"from": [-0.1, -0.1, 8.6],
			"to": [0.9, 0.9, 7.4],
			"light_emission": 15,
			"rotation": {"angle": 0, "axis": "y", "origin": [0.025, 0.025, 1.1]},
			"faces": {
				"north": {"uv": [0, 15, 1, 16], "texture": "#glow"},
				"east": {"uv": [0, 0, 1, 1], "texture": "#glow"},
				"south": {"uv": [0, 15, 1, 16], "texture": "#glow"},
				"west": {"uv": [0, 15, 1, 16], "texture": "#glow"},
				"up": {"uv": [0, 0, 1, 1], "texture": "#glow"},
				"down": {"uv": [0, 15, 1, 16], "texture": "#glow"}
			}
		},
		{
			"from": [0.9, -0.1, 8.6],
			"to": [2.1, 0.9, 7.4],
			"light_emission": 15,
			"rotation": {"angle": 0, "axis": "y", "origin": [1, 0.025, 1.1]},
			"faces": {
				"north": {"uv": [1, 15, 2, 16], "texture": "#glow"},
				"east": {"uv": [1, 15, 2, 16], "texture": "#glow"},
				"south": {"uv": [1, 15, 2, 16], "texture": "#glow"},
				"west": {"uv": [0, 0, 1, 1], "texture": "#glow"},
				"up": {"uv": [0, 0, 1, 1], "texture": "#glow"},
				"down": {"uv": [1, 15, 2, 16], "texture": "#glow"}
			}
		},
		{
			"from": [-0.1, 0.9, 8.6],
			"to": [0.9, 2.1, 7.4],
			"light_emission": 15,
			"rotation": {"angle": 0, "axis": "y", "origin": [0.025, 1.025, 1.1]},
			"faces": {
				"north": {"uv": [0, 14, 1, 15], "texture": "#glow"},
				"east": {"uv": [0, 0, 1, 1], "texture": "#glow"},
				"south": {"uv": [0, 14, 1, 15], "texture": "#glow"},
				"west": {"uv": [0, 14, 1, 15], "texture": "#glow"},
				"up": {"uv": [0, 14, 1, 15], "texture": "#glow"},
				"down": {"uv": [0, 0, 1, 1], "texture": "#glow"}
			}
		},
		{
			"from": [2.1, 0.9, 8.6],
			"to": [3.1, 1.9, 7.4],
			"light_emission": 15,
			"rotation": {"angle": 0, "axis": "y", "origin": [2, 1.025, 1.1]},
			"faces": {
				"north": {"uv": [2, 14, 3, 15], "texture": "#glow"},
				"east": {"uv": [2, 14, 3, 15], "texture": "#glow"},
				"south": {"uv": [2, 14, 3, 15], "texture": "#glow"},
				"west": {"uv": [0, 0, 1, 1], "texture": "#glow"},
				"up": {"uv": [0, 0, 1, 1], "texture": "#glow"},
				"down": {"uv": [2, 14, 3, 15], "texture": "#glow"}
			}
		},
		{
			"from": [0.9, 2.1, 8.6],
			"to": [1.9, 3.1, 7.4],
			"light_emission": 15,
			"rotation": {"angle": 0, "axis": "y", "origin": [1, 2.025, 1.1]},
			"faces": {
				"north": {"uv": [1, 13, 2, 14], "texture": "#glow"},
				"east": {"uv": [0, 0, 1, 1], "texture": "#glow"},
				"south": {"uv": [1, 13, 2, 14], "texture": "#glow"},
				"west": {"uv": [1, 13, 2, 14], "texture": "#glow"},
				"up": {"uv": [1, 13, 2, 14], "texture": "#glow"},
				"down": {"uv": [0, 0, 1, 1], "texture": "#glow"}
			}
		},
		{
			"from": [3, 1.9, 8.6],
			"to": [4.1, 3, 7.4],
			"light_emission": 15,
			"rotation": {"angle": 0, "axis": "y", "origin": [3, 2.025, 1.1]},
			"faces": {
				"north": {"uv": [3, 13, 4, 14], "texture": "#glow"},
				"east": {"uv": [3, 13, 4, 14], "texture": "#glow"},
				"south": {"uv": [3, 13, 4, 14], "texture": "#glow"},
				"west": {"uv": [0, 0, 1, 1], "texture": "#glow"},
				"up": {"uv": [0, 0, 1, 1], "texture": "#glow"},
				"down": {"uv": [3, 13, 4, 14], "texture": "#glow"}
			}
		},
		{
			"from": [1.9, 3.1, 8.6],
			"to": [2.9, 4.1, 7.4],
			"light_emission": 15,
			"rotation": {"angle": 0, "axis": "y", "origin": [2, 3.025, 1.1]},
			"faces": {
				"north": {"uv": [2, 12, 3, 13], "texture": "#glow"},
				"east": {"uv": [0, 0, 1, 1], "texture": "#glow"},
				"south": {"uv": [2, 12, 3, 13], "texture": "#glow"},
				"west": {"uv": [2, 12, 3, 13], "texture": "#glow"},
				"up": {"uv": [2, 12, 3, 13], "texture": "#glow"},
				"down": {"uv": [0, 0, 1, 1], "texture": "#glow"}
			}
		},
		{
			"from": [4.1, 2.9, 8.6],
			"to": [5.1, 3.9, 7.4],
			"light_emission": 15,
			"rotation": {"angle": 0, "axis": "y", "origin": [4, 3.025, 1.1]},
			"faces": {
				"north": {"uv": [4, 12, 5, 13], "texture": "#glow"},
				"east": {"uv": [4, 12, 5, 13], "texture": "#glow"},
				"south": {"uv": [4, 12, 5, 13], "texture": "#glow"},
				"west": {"uv": [0, 0, 1, 1], "texture": "#glow"},
				"up": {"uv": [0, 0, 1, 1], "texture": "#glow"},
				"down": {"uv": [4, 12, 5, 13], "texture": "#glow"}
			}
		},
		{
			"from": [2.9, 4.1, 8.6],
			"to": [3.9, 5.1, 7.4],
			"light_emission": 15,
			"rotation": {"angle": 0, "axis": "y", "origin": [3, 4.025, 1.1]},
			"faces": {
				"north": {"uv": [3, 11, 4, 12], "texture": "#glow"},
				"east": {"uv": [0, 0, 1, 1], "texture": "#glow"},
				"south": {"uv": [3, 11, 4, 12], "texture": "#glow"},
				"west": {"uv": [3, 11, 4, 12], "texture": "#glow"},
				"up": {"uv": [3, 11, 4, 12], "texture": "#glow"},
				"down": {"uv": [0, 0, 1, 1], "texture": "#glow"}
			}
		},
		{
			"from": [5.1, 3.9, 8.6],
			"to": [6.1, 4.9, 7.4],
			"light_emission": 15,
			"rotation": {"angle": 0, "axis": "y", "origin": [5, 4.025, 1.1]},
			"faces": {
				"north": {"uv": [5, 11, 6, 12], "texture": "#glow"},
				"east": {"uv": [5, 11, 6, 12], "texture": "#glow"},
				"south": {"uv": [5, 11, 6, 12], "texture": "#glow"},
				"west": {"uv": [0, 0, 1, 1], "texture": "#glow"},
				"up": {"uv": [0, 0, 1, 1], "texture": "#glow"},
				"down": {"uv": [5, 11, 6, 12], "texture": "#glow"}
			}
		},
		{
			"from": [3.9, 5.1, 8.6],
			"to": [4.9, 6.1, 7.4],
			"light_emission": 15,
			"rotation": {"angle": 0, "axis": "y", "origin": [4, 5.025, 1.1]},
			"faces": {
				"north": {"uv": [4, 10, 5, 11], "texture": "#glow"},
				"east": {"uv": [0, 0, 1, 1], "texture": "#glow"},
				"south": {"uv": [4, 10, 5, 11], "texture": "#glow"},
				"west": {"uv": [4, 10, 5, 11], "texture": "#glow"},
				"up": {"uv": [4, 10, 5, 11], "texture": "#glow"},
				"down": {"uv": [0, 0, 1, 1], "texture": "#glow"}
			}
		},
		{
			"from": [6.1, 4.9, 8.6],
			"to": [7.1, 5.9, 7.4],
			"light_emission": 15,
			"rotation": {"angle": 0, "axis": "y", "origin": [6, 5.025, 1.1]},
			"faces": {
				"north": {"uv": [6, 10, 7, 11], "texture": "#glow"},
				"east": {"uv": [6, 10, 7, 11], "texture": "#glow"},
				"south": {"uv": [6, 10, 7, 11], "texture": "#glow"},
				"west": {"uv": [0, 0, 1, 1], "texture": "#glow"},
				"up": {"uv": [0, 0, 1, 1], "texture": "#glow"},
				"down": {"uv": [6, 10, 7, 11], "texture": "#glow"}
			}
		},
		{
			"from": [4.9, 6.1, 8.6],
			"to": [5.9, 7.1, 7.4],
			"light_emission": 15,
			"rotation": {"angle": 0, "axis": "y", "origin": [5, 6.025, 1.1]},
			"faces": {
				"north": {"uv": [5, 9, 6, 10], "texture": "#glow"},
				"east": {"uv": [0, 0, 1, 1], "texture": "#glow"},
				"south": {"uv": [5, 9, 6, 10], "texture": "#glow"},
				"west": {"uv": [5, 9, 6, 10], "texture": "#glow"},
				"up": {"uv": [5, 9, 6, 10], "texture": "#glow"},
				"down": {"uv": [0, 0, 1, 1], "texture": "#glow"}
			}
		},
		{
			"from": [7.1, 5.9, 8.6],
			"to": [8.1, 6.9, 7.4],
			"light_emission": 15,
			"rotation": {"angle": 0, "axis": "y", "origin": [7, 6.025, 1.1]},
			"faces": {
				"north": {"uv": [7, 9, 8, 10], "texture": "#glow"},
				"east": {"uv": [7, 9, 8, 10], "texture": "#glow"},
				"south": {"uv": [7, 9, 8, 10], "texture": "#glow"},
				"west": {"uv": [0, 0, 1, 1], "texture": "#glow"},
				"up": {"uv": [0, 0, 1, 1], "texture": "#glow"},
				"down": {"uv": [7, 9, 8, 10], "texture": "#glow"}
			}
		},
		{
			"from": [5.9, 7.1, 8.6],
			"to": [6.9, 8.1, 7.4],
			"light_emission": 15,
			"rotation": {"angle": 0, "axis": "y", "origin": [6, 7.025, 1.1]},
			"faces": {
				"north": {"uv": [6, 8, 7, 9], "texture": "#glow"},
				"east": {"uv": [0, 0, 1, 1], "texture": "#glow"},
				"south": {"uv": [6, 8, 7, 9], "texture": "#glow"},
				"west": {"uv": [6, 8, 7, 9], "texture": "#glow"},
				"up": {"uv": [6, 8, 7, 9], "texture": "#glow"},
				"down": {"uv": [0, 0, 1, 1], "texture": "#glow"}
			}
		},
		{
			"from": [8.1, 6.9, 8.6],
			"to": [13.1, 7.9, 7.4],
			"light_emission": 15,
			"rotation": {"angle": 0, "axis": "y", "origin": [8, 7.025, 1.1]},
			"faces": {
				"north": {"uv": [8, 8, 9, 9], "texture": "#glow"},
				"east": {"uv": [8, 8, 9, 9], "texture": "#glow"},
				"south": {"uv": [8, 8, 9, 9], "texture": "#glow"},
				"west": {"uv": [0, 0, 1, 1], "texture": "#glow"},
				"up": {"uv": [0, 0, 1, 1], "texture": "#glow"},
				"down": {"uv": [8, 8, 9, 9], "texture": "#glow"}
			}
		},
		{
			"from": [6.9, 8.1, 8.6],
			"to": [7.9, 13.1, 7.4],
			"light_emission": 15,
			"rotation": {"angle": 0, "axis": "y", "origin": [7, 8.025, 1.1]},
			"faces": {
				"north": {"uv": [7, 7, 8, 8], "texture": "#glow"},
				"east": {"uv": [0, 0, 1, 1], "texture": "#glow"},
				"south": {"uv": [7, 7, 8, 8], "texture": "#glow"},
				"west": {"uv": [7, 7, 8, 8], "texture": "#glow"},
				"up": {"uv": [7, 7, 8, 8], "texture": "#glow"},
				"down": {"uv": [0, 0, 1, 1], "texture": "#glow"}
			}
		},
		{
			"from": [11.1, 7.9, 8.6],
			"to": [11.9, 9.1, 7.4],
			"light_emission": 15,
			"rotation": {"angle": 0, "axis": "y", "origin": [11, 8.025, 1.1]},
			"faces": {
				"north": {"uv": [11, 7, 12, 8], "texture": "#glow"},
				"east": {"uv": [0, 0, 1, 1], "texture": "#glow"},
				"south": {"uv": [11, 7, 12, 8], "texture": "#glow"},
				"west": {"uv": [0, 0, 1, 1], "texture": "#glow"},
				"up": {"uv": [11, 7, 12, 8], "texture": "#glow"},
				"down": {"uv": [0, 0, 1, 1], "texture": "#glow"}
			}
		},
		{
			"from": [13.1, 7.9, 8.6],
			"to": [14.1, 8.9, 7.4],
			"light_emission": 15,
			"rotation": {"angle": 0, "axis": "y", "origin": [13, 8.025, 1.1]},
			"faces": {
				"north": {"uv": [13, 7, 14, 8], "texture": "#glow"},
				"east": {"uv": [13, 7, 14, 8], "texture": "#glow"},
				"south": {"uv": [13, 7, 14, 8], "texture": "#glow"},
				"west": {"uv": [0, 0, 1, 1], "texture": "#glow"},
				"up": {"uv": [0, 0, 1, 1], "texture": "#glow"},
				"down": {"uv": [13, 7, 14, 8], "texture": "#glow"}
			}
		},
		{
			"from": [9.9, 9.1, 8.6],
			"to": [11.1, 9.9, 7.4],
			"light_emission": 15,
			"rotation": {"angle": 0, "axis": "y", "origin": [10, 9.025, 1.1]},
			"faces": {
				"north": {"uv": [10, 6, 11, 7], "texture": "#glow"},
				"east": {"uv": [10, 6, 11, 7], "texture": "#glow"},
				"south": {"uv": [10, 6, 11, 7], "texture": "#glow"},
				"west": {"uv": [0, 0, 1, 1], "texture": "#glow"},
				"up": {"uv": [0, 0, 1, 1], "texture": "#glow"},
				"down": {"uv": [0, 0, 1, 1], "texture": "#glow"}
			}
		},
		{
			"from": [14.1, 8.9, 8.6],
			"to": [15.1, 10, 7.4],
			"light_emission": 15,
			"rotation": {"angle": 0, "axis": "y", "origin": [14, 9.025, 1.1]},
			"faces": {
				"north": {"uv": [14, 6, 15, 7], "texture": "#glow"},
				"east": {"uv": [14, 6, 15, 7], "texture": "#glow"},
				"south": {"uv": [14, 6, 15, 7], "texture": "#glow"},
				"west": {"uv": [0, 0, 1, 1], "texture": "#glow"},
				"up": {"uv": [0, 0, 1, 1], "texture": "#glow"},
				"down": {"uv": [14, 6, 15, 7], "texture": "#glow"}
			}
		},
		{
			"from": [12.1, 9.1, 8.6],
			"to": [12.9, 10.1, 7.4],
			"light_emission": 15,
			"rotation": {"angle": 0, "axis": "y", "origin": [12, 9.025, 1.1]},
			"faces": {
				"north": {"uv": [12, 6, 13, 7], "texture": "#glow"},
				"east": {"uv": [0, 0, 1, 1], "texture": "#glow"},
				"south": {"uv": [12, 6, 13, 7], "texture": "#glow"},
				"west": {"uv": [0, 0, 1, 1], "texture": "#glow"},
				"up": {"uv": [12, 6, 13, 7], "texture": "#glow"},
				"down": {"uv": [0, 0, 1, 1], "texture": "#glow"}
			}
		},
		{
			"from": [9.1, 9.9, 8.6],
			"to": [9.9, 11.1, 7.4],
			"light_emission": 15,
			"rotation": {"angle": 0, "axis": "y", "origin": [9, 10.025, 1.1]},
			"faces": {
				"north": {"uv": [9, 5, 10, 6], "texture": "#glow"},
				"east": {"uv": [0, 0, 1, 1], "texture": "#glow"},
				"south": {"uv": [9, 5, 10, 6], "texture": "#glow"},
				"west": {"uv": [0, 0, 1, 1], "texture": "#glow"},
				"up": {"uv": [9, 5, 10, 6], "texture": "#glow"},
				"down": {"uv": [0, 0, 1, 1], "texture": "#glow"}
			}
		},
		{
			"from": [10.9, 10.1, 8.6],
			"to": [12.1, 10.9, 7.4],
			"light_emission": 15,
			"rotation": {"angle": 0, "axis": "y", "origin": [11, 10.025, 1.1]},
			"faces": {
				"north": {"uv": [11, 5, 12, 6], "texture": "#glow"},
				"east": {"uv": [11, 5, 12, 6], "texture": "#glow"},
				"south": {"uv": [11, 5, 12, 6], "texture": "#glow"},
				"west": {"uv": [0, 0, 1, 1], "texture": "#glow"},
				"up": {"uv": [0, 0, 1, 1], "texture": "#glow"},
				"down": {"uv": [0, 0, 1, 1], "texture": "#glow"}
			}
		},
		{
			"from": [14.1, 10, 8.6],
			"to": [15.1, 11.1, 7.4],
			"light_emission": 15,
			"rotation": {"angle": 0, "axis": "y", "origin": [14, 10.025, 1.1]},
			"faces": {
				"north": {"uv": [14, 5, 15, 6], "texture": "#glow"},
				"east": {"uv": [14, 5, 15, 6], "texture": "#glow"},
				"south": {"uv": [14, 5, 15, 6], "texture": "#glow"},
				"west": {"uv": [0, 0, 1, 1], "texture": "#glow"},
				"up": {"uv": [14, 5, 15, 6], "texture": "#glow"},
				"down": {"uv": [0, 0, 1, 1], "texture": "#glow"}
			}
		},
		{
			"from": [13.1, 10, 8.6],
			"to": [14.1, 11.1, 7.4],
			"light_emission": 15,
			"rotation": {"angle": 0, "axis": "y", "origin": [13, 10.025, 1.1]},
			"faces": {
				"north": {"uv": [13, 5, 14, 6], "texture": "#glow"},
				"east": {"uv": [0, 0, 1, 1], "texture": "#glow"},
				"south": {"uv": [13, 5, 14, 6], "texture": "#glow"},
				"west": {"uv": [0, 0, 1, 1], "texture": "#glow"},
				"up": {"uv": [13, 5, 14, 6], "texture": "#glow"},
				"down": {"uv": [0, 0, 1, 1], "texture": "#glow"}
			}
		},
		{
			"from": [12.9, 10.1, 8.6],
			"to": [13.1, 10.9, 7.4],
			"light_emission": 15,
			"rotation": {"angle": 0, "axis": "y", "origin": [12.8, 10.025, 1.1]},
			"faces": {
				"north": {"uv": [13, 5, 14, 6], "texture": "#glow"},
				"east": {"uv": [0, 0, 1, 1], "texture": "#glow"},
				"south": {"uv": [13, 5, 14, 6], "texture": "#glow"},
				"west": {"uv": [13, 5, 14, 6], "texture": "#glow"},
				"up": {"uv": [0, 0, 1, 1], "texture": "#glow"},
				"down": {"uv": [0, 0, 1, 1], "texture": "#glow"}
			}
		},
		{
			"from": [11.9, 9.1, 8.6],
			"to": [12.1, 9.9, 7.4],
			"light_emission": 15,
			"rotation": {"angle": 0, "axis": "y", "origin": [11.8, 9.025, 1.1]},
			"faces": {
				"north": {"uv": [13, 5, 14, 6], "texture": "#glow"},
				"east": {"uv": [0, 0, 1, 1], "texture": "#glow"},
				"south": {"uv": [13, 5, 14, 6], "texture": "#glow"},
				"west": {"uv": [13, 5, 14, 6], "texture": "#glow"},
				"up": {"uv": [0, 0, 1, 1], "texture": "#glow"},
				"down": {"uv": [0, 0, 1, 1], "texture": "#glow"}
			}
		},
		{
			"from": [9.9, 11.1, 8.6],
			"to": [10.1, 11.9, 7.4],
			"light_emission": 15,
			"rotation": {"angle": 0, "axis": "y", "origin": [9.8, 11.025, 1.1]},
			"faces": {
				"north": {"uv": [13, 5, 14, 6], "texture": "#glow"},
				"east": {"uv": [0, 0, 1, 1], "texture": "#glow"},
				"south": {"uv": [13, 5, 14, 6], "texture": "#glow"},
				"west": {"uv": [13, 5, 14, 6], "texture": "#glow"},
				"up": {"uv": [0, 0, 1, 1], "texture": "#glow"},
				"down": {"uv": [0, 0, 1, 1], "texture": "#glow"}
			}
		},
		{
			"from": [10.9, 12.1, 8.6],
			"to": [11.1, 12.9, 7.4],
			"light_emission": 15,
			"rotation": {"angle": 0, "axis": "y", "origin": [10.8, 12.025, 1.1]},
			"faces": {
				"north": {"uv": [13, 5, 14, 6], "texture": "#glow"},
				"east": {"uv": [0, 0, 1, 1], "texture": "#glow"},
				"south": {"uv": [13, 5, 14, 6], "texture": "#glow"},
				"west": {"uv": [13, 5, 14, 6], "texture": "#glow"},
				"up": {"uv": [0, 0, 1, 1], "texture": "#glow"},
				"down": {"uv": [0, 0, 1, 1], "texture": "#glow"}
			}
		},
		{
			"from": [10.1, 10.9, 8.6],
			"to": [10.9, 12.1, 7.4],
			"light_emission": 15,
			"rotation": {"angle": 0, "axis": "y", "origin": [10, 11.025, 1.1]},
			"faces": {
				"north": {"uv": [10, 4, 11, 5], "texture": "#glow"},
				"east": {"uv": [0, 0, 1, 1], "texture": "#glow"},
				"south": {"uv": [10, 4, 11, 5], "texture": "#glow"},
				"west": {"uv": [0, 0, 1, 1], "texture": "#glow"},
				"up": {"uv": [10, 4, 11, 5], "texture": "#glow"},
				"down": {"uv": [0, 0, 1, 1], "texture": "#glow"}
			}
		},
		{
			"from": [11.9, 11.1, 8.6],
			"to": [13.1, 11.9, 7.4],
			"light_emission": 15,
			"rotation": {"angle": 0, "axis": "y", "origin": [12, 11.025, 1.1]},
			"faces": {
				"north": {"uv": [12, 4, 13, 5], "texture": "#glow"},
				"east": {"uv": [12, 4, 13, 5], "texture": "#glow"},
				"south": {"uv": [12, 4, 13, 5], "texture": "#glow"},
				"west": {"uv": [0, 0, 1, 1], "texture": "#glow"},
				"up": {"uv": [0, 0, 1, 1], "texture": "#glow"},
				"down": {"uv": [0, 0, 1, 1], "texture": "#glow"}
			}
		},
		{
			"from": [9.1, 12.1, 8.6],
			"to": [10.1, 12.9, 7.4],
			"light_emission": 15,
			"rotation": {"angle": 0, "axis": "y", "origin": [9, 12.025, 1.1]},
			"faces": {
				"north": {"uv": [9, 3, 10, 4], "texture": "#glow"},
				"east": {"uv": [9, 3, 10, 4], "texture": "#glow"},
				"south": {"uv": [9, 3, 10, 4], "texture": "#glow"},
				"west": {"uv": [0, 0, 1, 1], "texture": "#glow"},
				"up": {"uv": [0, 0, 1, 1], "texture": "#glow"},
				"down": {"uv": [0, 0, 1, 1], "texture": "#glow"}
			}
		},
		{
			"from": [7.9, 11.1, 8.6],
			"to": [9.1, 11.9, 7.4],
			"light_emission": 15,
			"rotation": {"angle": 0, "axis": "y", "origin": [8, 11.025, 1.1]},
			"faces": {
				"north": {"uv": [8, 4, 9, 5], "texture": "#glow"},
				"east": {"uv": [8, 4, 9, 5], "texture": "#glow"},
				"south": {"uv": [8, 4, 9, 5], "texture": "#glow"},
				"west": {"uv": [0, 0, 1, 1], "texture": "#glow"},
				"up": {"uv": [0, 0, 1, 1], "texture": "#glow"},
				"down": {"uv": [0, 0, 1, 1], "texture": "#glow"}
			}
		},
		{
			"from": [11.1, 11.9, 8.6],
			"to": [11.9, 13.1, 7.4],
			"light_emission": 15,
			"rotation": {"angle": 0, "axis": "y", "origin": [11, 12.025, 1.1]},
			"faces": {
				"north": {"uv": [11, 3, 12, 4], "texture": "#glow"},
				"east": {"uv": [0, 0, 1, 1], "texture": "#glow"},
				"south": {"uv": [11, 3, 12, 4], "texture": "#glow"},
				"west": {"uv": [0, 0, 1, 1], "texture": "#glow"},
				"up": {"uv": [11, 3, 12, 4], "texture": "#glow"},
				"down": {"uv": [0, 0, 1, 1], "texture": "#glow"}
			}
		},
		{
			"from": [13.1, 11.9, 8.6],
			"to": [14.1, 13.1, 7.4],
			"light_emission": 15,
			"rotation": {"angle": 0, "axis": "y", "origin": [13, 12.025, 1.1]},
			"faces": {
				"north": {"uv": [13, 3, 14, 4], "texture": "#glow"},
				"east": {"uv": [13, 3, 14, 4], "texture": "#glow"},
				"south": {"uv": [13, 3, 14, 4], "texture": "#glow"},
				"west": {"uv": [0, 0, 1, 1], "texture": "#glow"},
				"up": {"uv": [0, 0, 1, 1], "texture": "#glow"},
				"down": {"uv": [13, 3, 14, 4], "texture": "#glow"}
			}
		},
		{
			"from": [7.9, 13.1, 8.6],
			"to": [8.9, 14.1, 7.4],
			"light_emission": 15,
			"rotation": {"angle": 0, "axis": "y", "origin": [8, 13.025, 1.1]},
			"faces": {
				"north": {"uv": [8, 2, 9, 3], "texture": "#glow"},
				"east": {"uv": [0, 0, 1, 1], "texture": "#glow"},
				"south": {"uv": [8, 2, 9, 3], "texture": "#glow"},
				"west": {"uv": [8, 2, 9, 3], "texture": "#glow"},
				"up": {"uv": [8, 2, 9, 3], "texture": "#glow"},
				"down": {"uv": [0, 0, 1, 1], "texture": "#glow"}
			}
		},
		{
			"from": [10.1, 13.1, 8.6],
			"to": [11.1, 14.1, 7.4],
			"light_emission": 15,
			"rotation": {"angle": 0, "axis": "y", "origin": [10, 13.025, 1.1]},
			"faces": {
				"north": {"uv": [10, 2, 11, 3], "texture": "#glow"},
				"east": {"uv": [10, 2, 11, 3], "texture": "#glow"},
				"south": {"uv": [10, 2, 11, 3], "texture": "#glow"},
				"west": {"uv": [0, 0, 1, 1], "texture": "#glow"},
				"up": {"uv": [0, 0, 1, 1], "texture": "#glow"},
				"down": {"uv": [0, 0, 1, 1], "texture": "#glow"}
			}
		},
		{
			"from": [10.1, 12.9, 8.6],
			"to": [10.9, 13.1, 7.4],
			"light_emission": 15,
			"rotation": {"angle": 0, "axis": "y", "origin": [10, 12.825, 1.1]},
			"faces": {
				"north": {"uv": [10, 2, 11, 3], "texture": "#glow"},
				"east": {"uv": [0, 0, 1, 1], "texture": "#glow"},
				"south": {"uv": [10, 2, 11, 3], "texture": "#glow"},
				"west": {"uv": [0, 0, 1, 1], "texture": "#glow"},
				"up": {"uv": [0, 0, 1, 1], "texture": "#glow"},
				"down": {"uv": [10, 2, 11, 3], "texture": "#glow"}
			}
		},
		{
			"from": [9.1, 11.9, 8.6],
			"to": [9.9, 12.1, 7.4],
			"light_emission": 15,
			"rotation": {"angle": 0, "axis": "y", "origin": [9, 11.825, 1.1]},
			"faces": {
				"north": {"uv": [10, 2, 11, 3], "texture": "#glow"},
				"east": {"uv": [0, 0, 1, 1], "texture": "#glow"},
				"south": {"uv": [10, 2, 11, 3], "texture": "#glow"},
				"west": {"uv": [0, 0, 1, 1], "texture": "#glow"},
				"up": {"uv": [0, 0, 1, 1], "texture": "#glow"},
				"down": {"uv": [10, 2, 11, 3], "texture": "#glow"}
			}
		},
		{
			"from": [11.1, 9.9, 8.6],
			"to": [11.9, 10.1, 7.4],
			"light_emission": 15,
			"rotation": {"angle": 0, "axis": "y", "origin": [11, 9.825, 1.1]},
			"faces": {
				"north": {"uv": [10, 2, 11, 3], "texture": "#glow"},
				"east": {"uv": [0, 0, 1, 1], "texture": "#glow"},
				"south": {"uv": [10, 2, 11, 3], "texture": "#glow"},
				"west": {"uv": [0, 0, 1, 1], "texture": "#glow"},
				"up": {"uv": [0, 0, 1, 1], "texture": "#glow"},
				"down": {"uv": [10, 2, 11, 3], "texture": "#glow"}
			}
		},
		{
			"from": [12.1, 10.9, 8.6],
			"to": [12.9, 11.1, 7.4],
			"light_emission": 15,
			"rotation": {"angle": 0, "axis": "y", "origin": [12, 10.825, 1.1]},
			"faces": {
				"north": {"uv": [10, 2, 11, 3], "texture": "#glow"},
				"east": {"uv": [0, 0, 1, 1], "texture": "#glow"},
				"south": {"uv": [10, 2, 11, 3], "texture": "#glow"},
				"west": {"uv": [0, 0, 1, 1], "texture": "#glow"},
				"up": {"uv": [0, 0, 1, 1], "texture": "#glow"},
				"down": {"uv": [10, 2, 11, 3], "texture": "#glow"}
			}
		},
		{
			"from": [13.1, 13.1, 8.6],
			"to": [14.1, 14.1, 7.4],
			"light_emission": 15,
			"rotation": {"angle": 0, "axis": "y", "origin": [13, 13.025, 1.1]},
			"faces": {
				"north": {"uv": [13, 2, 14, 3], "texture": "#glow"},
				"east": {"uv": [13, 2, 14, 3], "texture": "#glow"},
				"south": {"uv": [13, 2, 14, 3], "texture": "#glow"},
				"west": {"uv": [0, 0, 1, 1], "texture": "#glow"},
				"up": {"uv": [13, 2, 14, 3], "texture": "#glow"},
				"down": {"uv": [0, 0, 1, 1], "texture": "#glow"}
			}
		},
		{
			"from": [11.9, 11.9, 8.6],
			"to": [13.1, 13.1, 7.4],
			"light_emission": 15,
			"rotation": {"angle": 0, "axis": "y", "origin": [12, 12.025, 1.1]},
			"faces": {
				"north": {"uv": [13, 2, 14, 3], "texture": "#glow"},
				"east": {"uv": [0, 0, 1, 1], "texture": "#glow"},
				"south": {"uv": [13, 2, 14, 3], "texture": "#glow"},
				"west": {"uv": [0, 0, 1, 1], "texture": "#glow"},
				"up": {"uv": [0, 0, 1, 1], "texture": "#glow"},
				"down": {"uv": [0, 0, 1, 1], "texture": "#glow"}
			}
		},
		{
			"from": [10.9, 10.9, 8.6],
			"to": [11.9, 11.9, 7.4],
			"light_emission": 15,
			"rotation": {"angle": 0, "axis": "y", "origin": [11, 11.025, 1.1]},
			"faces": {
				"north": {"uv": [13, 2, 14, 3], "texture": "#glow"},
				"east": {"uv": [0, 0, 1, 1], "texture": "#glow"},
				"south": {"uv": [13, 2, 14, 3], "texture": "#glow"},
				"west": {"uv": [0, 0, 1, 1], "texture": "#glow"},
				"up": {"uv": [0, 0, 1, 1], "texture": "#glow"},
				"down": {"uv": [0, 0, 1, 1], "texture": "#glow"}
			}
		},
		{
			"from": [10.9, 11.9, 8.6],
			"to": [11.1, 12.1, 7.4],
			"light_emission": 15,
			"rotation": {"angle": 0, "axis": "y", "origin": [11, 11.225, 1.1]},
			"faces": {
				"north": {"uv": [13, 2, 14, 3], "texture": "#glow"},
				"east": {"uv": [0, 0, 1, 1], "texture": "#glow"},
				"south": {"uv": [13, 2, 14, 3], "texture": "#glow"},
				"west": {"uv": [0, 0, 1, 1], "texture": "#glow"},
				"up": {"uv": [0, 0, 1, 1], "texture": "#glow"},
				"down": {"uv": [0, 0, 1, 1], "texture": "#glow"}
			}
		},
		{
			"from": [9.9, 10.9, 8.6],
			"to": [10.1, 11.1, 7.4],
			"light_emission": 15,
			"rotation": {"angle": 0, "axis": "y", "origin": [10, 10.225, 1.1]},
			"faces": {
				"north": {"uv": [13, 2, 14, 3], "texture": "#glow"},
				"east": {"uv": [0, 0, 1, 1], "texture": "#glow"},
				"south": {"uv": [13, 2, 14, 3], "texture": "#glow"},
				"west": {"uv": [0, 0, 1, 1], "texture": "#glow"},
				"up": {"uv": [0, 0, 1, 1], "texture": "#glow"},
				"down": {"uv": [0, 0, 1, 1], "texture": "#glow"}
			}
		},
		{
			"from": [9.9, 11.9, 8.6],
			"to": [10.1, 12.1, 7.4],
			"light_emission": 15,
			"rotation": {"angle": 0, "axis": "y", "origin": [10, 11.225, 1.1]},
			"faces": {
				"north": {"uv": [13, 2, 14, 3], "texture": "#glow"},
				"east": {"uv": [0, 0, 1, 1], "texture": "#glow"},
				"south": {"uv": [13, 2, 14, 3], "texture": "#glow"},
				"west": {"uv": [0, 0, 1, 1], "texture": "#glow"},
				"up": {"uv": [0, 0, 1, 1], "texture": "#glow"},
				"down": {"uv": [0, 0, 1, 1], "texture": "#glow"}
			}
		},
		{
			"from": [10.9, 12.9, 8.6],
			"to": [11.1, 13.1, 7.4],
			"light_emission": 15,
			"rotation": {"angle": 0, "axis": "y", "origin": [11, 12.225, 1.1]},
			"faces": {
				"north": {"uv": [13, 2, 14, 3], "texture": "#glow"},
				"east": {"uv": [0, 0, 1, 1], "texture": "#glow"},
				"south": {"uv": [13, 2, 14, 3], "texture": "#glow"},
				"west": {"uv": [0, 0, 1, 1], "texture": "#glow"},
				"up": {"uv": [0, 0, 1, 1], "texture": "#glow"},
				"down": {"uv": [0, 0, 1, 1], "texture": "#glow"}
			}
		},
		{
			"from": [10.9, 9.9, 8.6],
			"to": [11.1, 10.1, 7.4],
			"light_emission": 15,
			"rotation": {"angle": 0, "axis": "y", "origin": [11, 9.225, 1.1]},
			"faces": {
				"north": {"uv": [13, 2, 14, 3], "texture": "#glow"},
				"east": {"uv": [0, 0, 1, 1], "texture": "#glow"},
				"south": {"uv": [13, 2, 14, 3], "texture": "#glow"},
				"west": {"uv": [0, 0, 1, 1], "texture": "#glow"},
				"up": {"uv": [0, 0, 1, 1], "texture": "#glow"},
				"down": {"uv": [0, 0, 1, 1], "texture": "#glow"}
			}
		},
		{
			"from": [11.9, 10.9, 8.6],
			"to": [12.1, 11.1, 7.4],
			"light_emission": 15,
			"rotation": {"angle": 0, "axis": "y", "origin": [12, 10.225, 1.1]},
			"faces": {
				"north": {"uv": [13, 2, 14, 3], "texture": "#glow"},
				"east": {"uv": [0, 0, 1, 1], "texture": "#glow"},
				"south": {"uv": [13, 2, 14, 3], "texture": "#glow"},
				"west": {"uv": [0, 0, 1, 1], "texture": "#glow"},
				"up": {"uv": [0, 0, 1, 1], "texture": "#glow"},
				"down": {"uv": [0, 0, 1, 1], "texture": "#glow"}
			}
		},
		{
			"from": [12.9, 10.9, 8.6],
			"to": [13.1, 11.1, 7.4],
			"light_emission": 15,
			"rotation": {"angle": 0, "axis": "y", "origin": [13, 10.225, 1.1]},
			"faces": {
				"north": {"uv": [13, 2, 14, 3], "texture": "#glow"},
				"east": {"uv": [0, 0, 1, 1], "texture": "#glow"},
				"south": {"uv": [13, 2, 14, 3], "texture": "#glow"},
				"west": {"uv": [0, 0, 1, 1], "texture": "#glow"},
				"up": {"uv": [0, 0, 1, 1], "texture": "#glow"},
				"down": {"uv": [0, 0, 1, 1], "texture": "#glow"}
			}
		},
		{
			"from": [11.9, 9.9, 8.6],
			"to": [12.1, 10.1, 7.4],
			"light_emission": 15,
			"rotation": {"angle": 0, "axis": "y", "origin": [12, 9.225, 1.1]},
			"faces": {
				"north": {"uv": [13, 2, 14, 3], "texture": "#glow"},
				"east": {"uv": [0, 0, 1, 1], "texture": "#glow"},
				"south": {"uv": [13, 2, 14, 3], "texture": "#glow"},
				"west": {"uv": [0, 0, 1, 1], "texture": "#glow"},
				"up": {"uv": [0, 0, 1, 1], "texture": "#glow"},
				"down": {"uv": [0, 0, 1, 1], "texture": "#glow"}
			}
		},
		{
			"from": [9.9, 9.9, 8.6],
			"to": [10.9, 10.9, 7.4],
			"light_emission": 15,
			"rotation": {"angle": 0, "axis": "y", "origin": [10, 10.025, 1.1]},
			"faces": {
				"north": {"uv": [13, 2, 14, 3], "texture": "#glow"},
				"east": {"uv": [0, 0, 1, 1], "texture": "#glow"},
				"south": {"uv": [13, 2, 14, 3], "texture": "#glow"},
				"west": {"uv": [0, 0, 1, 1], "texture": "#glow"},
				"up": {"uv": [0, 0, 1, 1], "texture": "#glow"},
				"down": {"uv": [0, 0, 1, 1], "texture": "#glow"}
			}
		},
		{
			"from": [7.9, 7.9, 8.6],
			"to": [9.9, 9.9, 7.4],
			"light_emission": 15,
			"rotation": {"angle": 0, "axis": "y", "origin": [9, 9.025, 1.1]},
			"faces": {
				"north": {"uv": [13, 2, 14, 3], "texture": "#glow"},
				"east": {"uv": [0, 0, 1, 1], "texture": "#glow"},
				"south": {"uv": [13, 2, 14, 3], "texture": "#glow"},
				"west": {"uv": [0, 0, 1, 1], "texture": "#glow"},
				"up": {"uv": [0, 0, 1, 1], "texture": "#glow"},
				"down": {"uv": [0, 0, 1, 1], "texture": "#glow"}
			}
		},
		{
			"from": [6.9, 6.9, 8.6],
			"to": [8.1, 7.9, 7.4],
			"light_emission": 15,
			"rotation": {"angle": 0, "axis": "y", "origin": [8, 8.025, 1.1]},
			"faces": {
				"north": {"uv": [13, 2, 14, 3], "texture": "#glow"},
				"east": {"uv": [0, 0, 1, 1], "texture": "#glow"},
				"south": {"uv": [13, 2, 14, 3], "texture": "#glow"},
				"west": {"uv": [0, 0, 1, 1], "texture": "#glow"},
				"up": {"uv": [0, 0, 1, 1], "texture": "#glow"},
				"down": {"uv": [0, 0, 1, 1], "texture": "#glow"}
			}
		},
		{
			"from": [6.9, 7.9, 8.6],
			"to": [7.9, 8.1, 7.4],
			"light_emission": 15,
			"rotation": {"angle": 0, "axis": "y", "origin": [8, 8.225, 1.1]},
			"faces": {
				"north": {"uv": [13, 2, 14, 3], "texture": "#glow"},
				"east": {"uv": [0, 0, 1, 1], "texture": "#glow"},
				"south": {"uv": [13, 2, 14, 3], "texture": "#glow"},
				"west": {"uv": [0, 0, 1, 1], "texture": "#glow"},
				"up": {"uv": [0, 0, 1, 1], "texture": "#glow"},
				"down": {"uv": [0, 0, 1, 1], "texture": "#glow"}
			}
		},
		{
			"from": [5.9, 6.9, 8.6],
			"to": [6.9, 7.1, 7.4],
			"light_emission": 15,
			"rotation": {"angle": 0, "axis": "y", "origin": [7, 7.225, 1.1]},
			"faces": {
				"north": {"uv": [13, 2, 14, 3], "texture": "#glow"},
				"east": {"uv": [0, 0, 1, 1], "texture": "#glow"},
				"south": {"uv": [13, 2, 14, 3], "texture": "#glow"},
				"west": {"uv": [0, 0, 1, 1], "texture": "#glow"},
				"up": {"uv": [0, 0, 1, 1], "texture": "#glow"},
				"down": {"uv": [0, 0, 1, 1], "texture": "#glow"}
			}
		},
		{
			"from": [5.9, 5.9, 8.6],
			"to": [7.1, 6.9, 7.4],
			"light_emission": 15,
			"rotation": {"angle": 0, "axis": "y", "origin": [7, 7.025, 1.1]},
			"faces": {
				"north": {"uv": [13, 2, 14, 3], "texture": "#glow"},
				"east": {"uv": [0, 0, 1, 1], "texture": "#glow"},
				"south": {"uv": [13, 2, 14, 3], "texture": "#glow"},
				"west": {"uv": [0, 0, 1, 1], "texture": "#glow"},
				"up": {"uv": [0, 0, 1, 1], "texture": "#glow"},
				"down": {"uv": [0, 0, 1, 1], "texture": "#glow"}
			}
		},
		{
			"from": [3.9, 4.9, 8.6],
			"to": [4.9, 5.1, 7.4],
			"light_emission": 15,
			"rotation": {"angle": 0, "axis": "y", "origin": [5, 5.225, 1.1]},
			"faces": {
				"north": {"uv": [13, 2, 14, 3], "texture": "#glow"},
				"east": {"uv": [0, 0, 1, 1], "texture": "#glow"},
				"south": {"uv": [13, 2, 14, 3], "texture": "#glow"},
				"west": {"uv": [0, 0, 1, 1], "texture": "#glow"},
				"up": {"uv": [0, 0, 1, 1], "texture": "#glow"},
				"down": {"uv": [0, 0, 1, 1], "texture": "#glow"}
			}
		},
		{
			"from": [3.9, 3.9, 8.6],
			"to": [5.1, 4.9, 7.4],
			"light_emission": 15,
			"rotation": {"angle": 0, "axis": "y", "origin": [5, 5.025, 1.1]},
			"faces": {
				"north": {"uv": [13, 2, 14, 3], "texture": "#glow"},
				"east": {"uv": [0, 0, 1, 1], "texture": "#glow"},
				"south": {"uv": [13, 2, 14, 3], "texture": "#glow"},
				"west": {"uv": [0, 0, 1, 1], "texture": "#glow"},
				"up": {"uv": [0, 0, 1, 1], "texture": "#glow"},
				"down": {"uv": [0, 0, 1, 1], "texture": "#glow"}
			}
		},
		{
			"from": [4.9, 4.9, 8.6],
			"to": [6.1, 5.9, 7.4],
			"light_emission": 15,
			"rotation": {"angle": 0, "axis": "y", "origin": [6, 6.025, 1.1]},
			"faces": {
				"north": {"uv": [13, 2, 14, 3], "texture": "#glow"},
				"east": {"uv": [0, 0, 1, 1], "texture": "#glow"},
				"south": {"uv": [13, 2, 14, 3], "texture": "#glow"},
				"west": {"uv": [0, 0, 1, 1], "texture": "#glow"},
				"up": {"uv": [0, 0, 1, 1], "texture": "#glow"},
				"down": {"uv": [0, 0, 1, 1], "texture": "#glow"}
			}
		},
		{
			"from": [4.9, 5.9, 8.6],
			"to": [5.9, 6.1, 7.4],
			"light_emission": 15,
			"rotation": {"angle": 0, "axis": "y", "origin": [6, 6.225, 1.1]},
			"faces": {
				"north": {"uv": [13, 2, 14, 3], "texture": "#glow"},
				"east": {"uv": [0, 0, 1, 1], "texture": "#glow"},
				"south": {"uv": [13, 2, 14, 3], "texture": "#glow"},
				"west": {"uv": [0, 0, 1, 1], "texture": "#glow"},
				"up": {"uv": [0, 0, 1, 1], "texture": "#glow"},
				"down": {"uv": [0, 0, 1, 1], "texture": "#glow"}
			}
		},
		{
			"from": [0.9, 1.9, 8.6],
			"to": [1.9, 2.1, 7.4],
			"light_emission": 15,
			"rotation": {"angle": 0, "axis": "y", "origin": [2, 2.225, 1.1]},
			"faces": {
				"north": {"uv": [13, 2, 14, 3], "texture": "#glow"},
				"east": {"uv": [0, 0, 1, 1], "texture": "#glow"},
				"south": {"uv": [13, 2, 14, 3], "texture": "#glow"},
				"west": {"uv": [0, 0, 1, 1], "texture": "#glow"},
				"up": {"uv": [0, 0, 1, 1], "texture": "#glow"},
				"down": {"uv": [0, 0, 1, 1], "texture": "#glow"}
			}
		},
		{
			"from": [0.9, 0.9, 8.6],
			"to": [2.1, 1.9, 7.4],
			"light_emission": 15,
			"rotation": {"angle": 0, "axis": "y", "origin": [2, 2.025, 1.1]},
			"faces": {
				"north": {"uv": [13, 2, 14, 3], "texture": "#glow"},
				"east": {"uv": [0, 0, 1, 1], "texture": "#glow"},
				"south": {"uv": [13, 2, 14, 3], "texture": "#glow"},
				"west": {"uv": [0, 0, 1, 1], "texture": "#glow"},
				"up": {"uv": [0, 0, 1, 1], "texture": "#glow"},
				"down": {"uv": [0, 0, 1, 1], "texture": "#glow"}
			}
		},
		{
			"from": [1.9, 1.9, 8.6],
			"to": [3.1, 2.9, 7.4],
			"light_emission": 15,
			"rotation": {"angle": 0, "axis": "y", "origin": [3, 3.025, 1.1]},
			"faces": {
				"north": {"uv": [13, 2, 14, 3], "texture": "#glow"},
				"east": {"uv": [0, 0, 1, 1], "texture": "#glow"},
				"south": {"uv": [13, 2, 14, 3], "texture": "#glow"},
				"west": {"uv": [0, 0, 1, 1], "texture": "#glow"},
				"up": {"uv": [0, 0, 1, 1], "texture": "#glow"},
				"down": {"uv": [0, 0, 1, 1], "texture": "#glow"}
			}
		},
		{
			"from": [1.9, 2.9, 8.6],
			"to": [2.9, 3.1, 7.4],
			"light_emission": 15,
			"rotation": {"angle": 0, "axis": "y", "origin": [3, 3.225, 1.1]},
			"faces": {
				"north": {"uv": [13, 2, 14, 3], "texture": "#glow"},
				"east": {"uv": [0, 0, 1, 1], "texture": "#glow"},
				"south": {"uv": [13, 2, 14, 3], "texture": "#glow"},
				"west": {"uv": [0, 0, 1, 1], "texture": "#glow"},
				"up": {"uv": [0, 0, 1, 1], "texture": "#glow"},
				"down": {"uv": [0, 0, 1, 1], "texture": "#glow"}
			}
		},
		{
			"from": [2.9, 2.9, 8.6],
			"to": [4.1, 3.9, 7.4],
			"light_emission": 15,
			"rotation": {"angle": 0, "axis": "y", "origin": [4, 4.025, 1.1]},
			"faces": {
				"north": {"uv": [13, 2, 14, 3], "texture": "#glow"},
				"east": {"uv": [0, 0, 1, 1], "texture": "#glow"},
				"south": {"uv": [13, 2, 14, 3], "texture": "#glow"},
				"west": {"uv": [0, 0, 1, 1], "texture": "#glow"},
				"up": {"uv": [0, 0, 1, 1], "texture": "#glow"},
				"down": {"uv": [0, 0, 1, 1], "texture": "#glow"}
			}
		},
		{
			"from": [2.9, 3.9, 8.6],
			"to": [3.9, 4.1, 7.4],
			"light_emission": 15,
			"rotation": {"angle": 0, "axis": "y", "origin": [4, 4.225, 1.1]},
			"faces": {
				"north": {"uv": [13, 2, 14, 3], "texture": "#glow"},
				"east": {"uv": [0, 0, 1, 1], "texture": "#glow"},
				"south": {"uv": [13, 2, 14, 3], "texture": "#glow"},
				"west": {"uv": [0, 0, 1, 1], "texture": "#glow"},
				"up": {"uv": [0, 0, 1, 1], "texture": "#glow"},
				"down": {"uv": [0, 0, 1, 1], "texture": "#glow"}
			}
		},
		{
			"from": [7.9, 9.9, 8.6],
			"to": [9.1, 11.1, 7.4],
			"light_emission": 15,
			"rotation": {"angle": 0, "axis": "y", "origin": [9, 10.225, 1.1]},
			"faces": {
				"north": {"uv": [13, 2, 14, 3], "texture": "#glow"},
				"east": {"uv": [0, 0, 1, 1], "texture": "#glow"},
				"south": {"uv": [13, 2, 14, 3], "texture": "#glow"},
				"west": {"uv": [0, 0, 1, 1], "texture": "#glow"},
				"up": {"uv": [0, 0, 1, 1], "texture": "#glow"},
				"down": {"uv": [0, 0, 1, 1], "texture": "#glow"}
			}
		},
		{
			"from": [8.9, 12.9, 8.6],
			"to": [10.1, 14.1, 7.4],
			"light_emission": 15,
			"rotation": {"angle": 0, "axis": "y", "origin": [10, 13.225, 1.1]},
			"faces": {
				"north": {"uv": [13, 2, 14, 3], "texture": "#glow"},
				"east": {"uv": [0, 0, 1, 1], "texture": "#glow"},
				"south": {"uv": [13, 2, 14, 3], "texture": "#glow"},
				"west": {"uv": [0, 0, 1, 1], "texture": "#glow"},
				"up": {"uv": [0, 0, 1, 1], "texture": "#glow"},
				"down": {"uv": [0, 0, 1, 1], "texture": "#glow"}
			}
		},
		{
			"from": [7.9, 11.9, 8.6],
			"to": [8.9, 13.1, 7.4],
			"light_emission": 15,
			"rotation": {"angle": 0, "axis": "y", "origin": [9, 12.225, 1.1]},
			"faces": {
				"north": {"uv": [13, 2, 14, 3], "texture": "#glow"},
				"east": {"uv": [0, 0, 1, 1], "texture": "#glow"},
				"south": {"uv": [13, 2, 14, 3], "texture": "#glow"},
				"west": {"uv": [0, 0, 1, 1], "texture": "#glow"},
				"up": {"uv": [0, 0, 1, 1], "texture": "#glow"},
				"down": {"uv": [0, 0, 1, 1], "texture": "#glow"}
			}
		},
		{
			"from": [8.9, 11.9, 8.6],
			"to": [9.1, 12.9, 7.4],
			"light_emission": 15,
			"rotation": {"angle": 0, "axis": "y", "origin": [9.2, 12.225, 1.1]},
			"faces": {
				"north": {"uv": [13, 2, 14, 3], "texture": "#glow"},
				"east": {"uv": [0, 0, 1, 1], "texture": "#glow"},
				"south": {"uv": [13, 2, 14, 3], "texture": "#glow"},
				"west": {"uv": [0, 0, 1, 1], "texture": "#glow"},
				"up": {"uv": [0, 0, 1, 1], "texture": "#glow"},
				"down": {"uv": [0, 0, 1, 1], "texture": "#glow"}
			}
		},
		{
			"from": [12.9, 8.9, 8.6],
			"to": [14.1, 10.1, 7.4],
			"light_emission": 15,
			"rotation": {"angle": 0, "axis": "y", "origin": [14, 9.225, 1.1]},
			"faces": {
				"north": {"uv": [13, 2, 14, 3], "texture": "#glow"},
				"east": {"uv": [0, 0, 1, 1], "texture": "#glow"},
				"south": {"uv": [13, 2, 14, 3], "texture": "#glow"},
				"west": {"uv": [0, 0, 1, 1], "texture": "#glow"},
				"up": {"uv": [0, 0, 1, 1], "texture": "#glow"},
				"down": {"uv": [0, 0, 1, 1], "texture": "#glow"}
			}
		},
		{
			"from": [11.9, 7.9, 8.6],
			"to": [13.1, 8.9, 7.4],
			"light_emission": 15,
			"rotation": {"angle": 0, "axis": "y", "origin": [13, 8.225, 1.1]},
			"faces": {
				"north": {"uv": [13, 2, 14, 3], "texture": "#glow"},
				"east": {"uv": [0, 0, 1, 1], "texture": "#glow"},
				"south": {"uv": [13, 2, 14, 3], "texture": "#glow"},
				"west": {"uv": [0, 0, 1, 1], "texture": "#glow"},
				"up": {"uv": [0, 0, 1, 1], "texture": "#glow"},
				"down": {"uv": [0, 0, 1, 1], "texture": "#glow"}
			}
		},
		{
			"from": [11.9, 8.9, 8.6],
			"to": [12.9, 9.1, 7.4],
			"light_emission": 15,
			"rotation": {"angle": 0, "axis": "y", "origin": [13, 8.425, 1.1]},
			"faces": {
				"north": {"uv": [13, 2, 14, 3], "texture": "#glow"},
				"east": {"uv": [0, 0, 1, 1], "texture": "#glow"},
				"south": {"uv": [13, 2, 14, 3], "texture": "#glow"},
				"west": {"uv": [0, 0, 1, 1], "texture": "#glow"},
				"up": {"uv": [0, 0, 1, 1], "texture": "#glow"},
				"down": {"uv": [0, 0, 1, 1], "texture": "#glow"}
			}
		},
		{
			"from": [9.9, 7.9, 8.6],
			"to": [11.1, 9.1, 7.4],
			"light_emission": 15,
			"rotation": {"angle": 0, "axis": "y", "origin": [11, 8.225, 1.1]},
			"faces": {
				"north": {"uv": [13, 2, 14, 3], "texture": "#glow"},
				"east": {"uv": [0, 0, 1, 1], "texture": "#glow"},
				"south": {"uv": [13, 2, 14, 3], "texture": "#glow"},
				"west": {"uv": [0, 0, 1, 1], "texture": "#glow"},
				"up": {"uv": [0, 0, 1, 1], "texture": "#glow"},
				"down": {"uv": [0, 0, 1, 1], "texture": "#glow"}
			}
		},
		{
			"from": [11.9, 13.1, 8.6],
			"to": [13.1, 14.1, 7.4],
			"light_emission": 15,
			"rotation": {"angle": 0, "axis": "y", "origin": [12, 13.025, 1.1]},
			"faces": {
				"north": {"uv": [12, 2, 13, 3], "texture": "#glow"},
				"east": {"uv": [0, 0, 1, 1], "texture": "#glow"},
				"south": {"uv": [12, 2, 13, 3], "texture": "#glow"},
				"west": {"uv": [12, 2, 13, 3], "texture": "#glow"},
				"up": {"uv": [12, 2, 13, 3], "texture": "#glow"},
				"down": {"uv": [0, 0, 1, 1], "texture": "#glow"}
			}
		},
		{
			"from": [8.9, 14.1, 8.6],
			"to": [10.1, 15.1, 7.4],
			"light_emission": 15,
			"rotation": {"angle": 0, "axis": "y", "origin": [9, 14.025, 1.1]},
			"faces": {
				"north": {"uv": [9, 1, 10, 2], "texture": "#glow"},
				"east": {"uv": [0, 0, 1, 1], "texture": "#glow"},
				"south": {"uv": [9, 1, 10, 2], "texture": "#glow"},
				"west": {"uv": [9, 1, 10, 2], "texture": "#glow"},
				"up": {"uv": [9, 1, 10, 2], "texture": "#glow"},
				"down": {"uv": [0, 0, 1, 1], "texture": "#glow"}
			}
		},
		{
			"from": [10.1, 14.1, 8.6],
			"to": [11.1, 15.1, 7.4],
			"light_emission": 15,
			"rotation": {"angle": 0, "axis": "y", "origin": [10, 14.025, 1.1]},
			"faces": {
				"north": {"uv": [10, 1, 11, 2], "texture": "#glow"},
				"east": {"uv": [10, 1, 11, 2], "texture": "#glow"},
				"south": {"uv": [10, 1, 11, 2], "texture": "#glow"},
				"west": {"uv": [0, 0, 1, 1], "texture": "#glow"},
				"up": {"uv": [10, 1, 11, 2], "texture": "#glow"},
				"down": {"uv": [0, 0, 1, 1], "texture": "#glow"}
			}
		}
	],
	"gui_light": "front",
	"display": {
		"gui": {
			"scale": [1.05, 1.05, 1]
		}
	},
	"groups": [
		{
			"name": "emissive_1",
			"origin": [12, 15, 0],
			"color": 0,
			"children": [
				0,
				1,
				2,
				3,
				4,
				5,
				6,
				7,
				8,
				9,
				10,
				11,
				12,
				13,
				14,
				15,
				16,
				17,
				18,
				19,
				20,
				21,
				22,
				23,
				24,
				25,
				26,
				27,
				28,
				29,
				30,
				31,
				32,
				33,
				34,
				35,
				36,
				37,
				38,
				39,
				40,
				41,
				42,
				43,
				44,
				45,
				46,
				47,
				48,
				49,
				50,
				51,
				52,
				53,
				54,
				55,
				56,
				57,
				58,
				59,
				60,
				61,
				62,
				63,
				64,
				65,
				66,
				67,
				68,
				69,
				70,
				71,
				72,
				73,
				74,
				75,
				76,
				77,
				78,
				79
			]
		}
	]
}