{
    "parent": "item/generated",
	"credit": "Made with Blockbench",
	"textures": {
		"1": "item/enchanted_tool_overlays/ebow_enchantment_outline"
	},
	"elements": [
		{
			"from": [1.9, -0.1, 8.6],
			"to": [3.1, 0.9, 7.4],
			"light_emission": 15,
			"rotation": {"angle": 0, "axis": "y", "origin": [2, 0.025, 1.1]},
			"faces": {
				"north": {"uv": [0, 15, 1, 16], "texture": "#1"},
				"east": {"uv": [2, 15, 3, 16], "texture": "#1"},
				"south": {"uv": [2, 15, 3, 16], "texture": "#1"},
				"west": {"uv": [2, 15, 3, 16], "texture": "#1"},
				"up": {"uv": [0, 0, 1, 1], "texture": "#1"},
				"down": {"uv": [2, 15, 3, 16], "texture": "#1"}
			}
		},
		{
			"from": [0.9, 0.9, 8.6],
			"to": [1.9, 4.1, 7.4],
			"light_emission": 15,
			"rotation": {"angle": 0, "axis": "y", "origin": [1, 1.025, 1.1]},
			"faces": {
				"north": {"uv": [1, 14, 2, 15], "texture": "#1"},
				"east": {"uv": [0, 0, 1, 1], "texture": "#1"},
				"south": {"uv": [1, 14, 2, 15], "texture": "#1"},
				"west": {"uv": [1, 14, 2, 15], "texture": "#1"},
				"up": {"uv": [1, 14, 2, 15], "texture": "#1"},
				"down": {"uv": [1, 14, 2, 15], "texture": "#1"}
			}
		},
		{
			"from": [3.1, 0.9, 8.6],
			"to": [4.1, 2.1, 7.4],
			"light_emission": 15,
			"rotation": {"angle": 0, "axis": "y", "origin": [3, 1.025, 1.1]},
			"faces": {
				"north": {"uv": [0, 14, 1, 15], "texture": "#1"},
				"east": {"uv": [0, 0, 1, 1], "texture": "#1"},
				"south": {"uv": [3, 14, 4, 15], "texture": "#1"},
				"west": {"uv": [0, 0, 1, 1], "texture": "#1"},
				"up": {"uv": [0, 0, 1, 1], "texture": "#1"},
				"down": {"uv": [3, 14, 4, 15], "texture": "#1"}
			}
		},
		{
			"from": [4.1, 0.9, 8.6],
			"to": [6.1, 1.9, 7.4],
			"light_emission": 15,
			"rotation": {"angle": 0, "axis": "y", "origin": [4, 1.025, 1.1]},
			"faces": {
				"north": {"uv": [4, 13, 5, 14], "texture": "#1"},
				"east": {"uv": [4, 13, 5, 14], "texture": "#1"},
				"south": {"uv": [4, 13, 5, 14], "texture": "#1"},
				"west": {"uv": [0, 0, 1, 1], "texture": "#1"},
				"up": {"uv": [0, 0, 1, 1], "texture": "#1"},
				"down": {"uv": [4, 13, 5, 14], "texture": "#1"}
			}
		},
		{
			"from": [3.1, 3.1, 8.6],
			"to": [4.1, 4.9, 7.4],
			"light_emission": 15,
			"rotation": {"angle": 0, "axis": "y", "origin": [3, 3.025, 1.1]},
			"faces": {
				"north": {"uv": [0, 12, 1, 13], "texture": "#1"},
				"east": {"uv": [3, 12, 4, 13], "texture": "#1"},
				"south": {"uv": [3, 12, 4, 13], "texture": "#1"},
				"west": {"uv": [0, 0, 1, 1], "texture": "#1"},
				"up": {"uv": [0, 0, 1, 1], "texture": "#1"},
				"down": {"uv": [0, 0, 1, 1], "texture": "#1"}
			}
		},
		{
			"from": [5.9, 2.1, 8.6],
			"to": [8.1, 2.9, 7.4],
			"light_emission": 15,
			"rotation": {"angle": 0, "axis": "y", "origin": [6, 2.025, 1.1]},
			"faces": {
				"north": {"uv": [5, 12, 6, 13], "texture": "#1"},
				"east": {"uv": [5, 12, 6, 13], "texture": "#1"},
				"south": {"uv": [5, 12, 6, 13], "texture": "#1"},
				"west": {"uv": [5, 12, 6, 13], "texture": "#1"},
				"up": {"uv": [0, 0, 1, 1], "texture": "#1"},
				"down": {"uv": [0, 0, 1, 1], "texture": "#1"}
			}
		},
		{
			"from": [1.9, 4.1, 8.6],
			"to": [2.9, 8.1, 7.4],
			"light_emission": 15,
			"rotation": {"angle": 0, "axis": "y", "origin": [2, 5.025, 1.1]},
			"faces": {
				"north": {"uv": [2, 10, 3, 11], "texture": "#1"},
				"east": {"uv": [0, 0, 1, 1], "texture": "#1"},
				"south": {"uv": [2, 10, 3, 11], "texture": "#1"},
				"west": {"uv": [2, 10, 3, 11], "texture": "#1"},
				"up": {"uv": [2, 10, 3, 11], "texture": "#1"},
				"down": {"uv": [0, 0, 1, 1], "texture": "#1"}
			}
		},
		{
			"from": [4.1, 4.9, 8.6],
			"to": [5.1, 7.9, 7.4],
			"light_emission": 15,
			"rotation": {"angle": 0, "axis": "y", "origin": [4, 5.025, 1.1]},
			"faces": {
				"north": {"uv": [0, 10, 1, 11], "texture": "#1"},
				"east": {"uv": [4, 10, 5, 11], "texture": "#1"},
				"south": {"uv": [4, 10, 5, 11], "texture": "#1"},
				"west": {"uv": [0, 0, 1, 1], "texture": "#1"},
				"up": {"uv": [0, 0, 1, 1], "texture": "#1"},
				"down": {"uv": [4, 10, 5, 11], "texture": "#1"}
			}
		},
		{
			"from": [2.9, 8.1, 8.6],
			"to": [3.9, 10.1, 7.4],
			"light_emission": 15,
			"rotation": {"angle": 0, "axis": "y", "origin": [3, 8.025, 1.1]},
			"faces": {
				"north": {"uv": [3, 7, 4, 8], "texture": "#1"},
				"east": {"uv": [0, 0, 1, 1], "texture": "#1"},
				"south": {"uv": [3, 7, 4, 8], "texture": "#1"},
				"west": {"uv": [3, 7, 4, 8], "texture": "#1"},
				"up": {"uv": [3, 7, 4, 8], "texture": "#1"},
				"down": {"uv": [0, 0, 1, 1], "texture": "#1"}
			}
		},
		{
			"from": [5.1, 7.9, 8.6],
			"to": [6.1, 8.9, 7.4],
			"light_emission": 15,
			"rotation": {"angle": 0, "axis": "y", "origin": [5, 8.025, 1.1]},
			"faces": {
				"north": {"uv": [0, 7, 1, 8], "texture": "#1"},
				"east": {"uv": [5, 7, 6, 8], "texture": "#1"},
				"south": {"uv": [5, 7, 6, 8], "texture": "#1"},
				"west": {"uv": [0, 0, 1, 1], "texture": "#1"},
				"up": {"uv": [0, 0, 1, 1], "texture": "#1"},
				"down": {"uv": [5, 7, 6, 8], "texture": "#1"}
			}
		},
		{
			"from": [6.1, 8.9, 8.6],
			"to": [6.9, 9.9, 7.4],
			"light_emission": 15,
			"rotation": {"angle": 0, "axis": "y", "origin": [6, 9.025, 1.1]},
			"faces": {
				"north": {"uv": [0, 6, 1, 7], "texture": "#1"},
				"east": {"uv": [0, 0, 1, 1], "texture": "#1"},
				"south": {"uv": [6, 6, 7, 7], "texture": "#1"},
				"west": {"uv": [0, 0, 1, 1], "texture": "#1"},
				"up": {"uv": [0, 0, 1, 1], "texture": "#1"},
				"down": {"uv": [6, 6, 7, 7], "texture": "#1"}
			}
		},
		{
			"from": [6.9, 7.9, 8.6],
			"to": [7.9, 8.9, 7.4],
			"light_emission": 15,
			"rotation": {"angle": 0, "axis": "y", "origin": [6.8, 8.025, 1.1]},
			"faces": {
				"north": {"uv": [6, 6, 7, 7], "texture": "#1"},
				"east": {"uv": [0, 0, 1, 1], "texture": "#1"},
				"south": {"uv": [6, 6, 7, 7], "texture": "#1"},
				"west": {"uv": [6, 6, 7, 7], "texture": "#1"},
				"up": {"uv": [0, 0, 1, 1], "texture": "#1"},
				"down": {"uv": [6, 6, 7, 7], "texture": "#1"}
			}
		},
		{
			"from": [7.9, 6.9, 8.6],
			"to": [8.9, 7.9, 7.4],
			"light_emission": 15,
			"rotation": {"angle": 0, "axis": "y", "origin": [7.8, 7.025, 1.1]},
			"faces": {
				"north": {"uv": [6, 6, 7, 7], "texture": "#1"},
				"east": {"uv": [0, 0, 1, 1], "texture": "#1"},
				"south": {"uv": [6, 6, 7, 7], "texture": "#1"},
				"west": {"uv": [6, 6, 7, 7], "texture": "#1"},
				"up": {"uv": [0, 0, 1, 1], "texture": "#1"},
				"down": {"uv": [6, 6, 7, 7], "texture": "#1"}
			}
		},
		{
			"from": [8.9, 5.9, 8.6],
			"to": [9.9, 6.9, 7.4],
			"light_emission": 15,
			"rotation": {"angle": 0, "axis": "y", "origin": [8.8, 6.025, 1.1]},
			"faces": {
				"north": {"uv": [6, 6, 7, 7], "texture": "#1"},
				"east": {"uv": [0, 0, 1, 1], "texture": "#1"},
				"south": {"uv": [6, 6, 7, 7], "texture": "#1"},
				"west": {"uv": [6, 6, 7, 7], "texture": "#1"},
				"up": {"uv": [0, 0, 1, 1], "texture": "#1"},
				"down": {"uv": [6, 6, 7, 7], "texture": "#1"}
			}
		},
		{
			"from": [2.9, 11.9, 8.6],
			"to": [3.9, 12.9, 7.4],
			"light_emission": 15,
			"rotation": {"angle": 0, "axis": "y", "origin": [2.8, 12.025, 1.1]},
			"faces": {
				"north": {"uv": [6, 6, 7, 7], "texture": "#1"},
				"east": {"uv": [0, 0, 1, 1], "texture": "#1"},
				"south": {"uv": [6, 6, 7, 7], "texture": "#1"},
				"west": {"uv": [6, 6, 7, 7], "texture": "#1"},
				"up": {"uv": [0, 0, 1, 1], "texture": "#1"},
				"down": {"uv": [6, 6, 7, 7], "texture": "#1"}
			}
		},
		{
			"from": [1.9, 12.9, 8.6],
			"to": [2.9, 14.1, 7.4],
			"light_emission": 15,
			"rotation": {"angle": 0, "axis": "y", "origin": [1.8, 13.025, 1.1]},
			"faces": {
				"north": {"uv": [6, 6, 7, 7], "texture": "#1"},
				"east": {"uv": [0, 0, 1, 1], "texture": "#1"},
				"south": {"uv": [6, 6, 7, 7], "texture": "#1"},
				"west": {"uv": [6, 6, 7, 7], "texture": "#1"},
				"up": {"uv": [0, 0, 1, 1], "texture": "#1"},
				"down": {"uv": [6, 6, 7, 7], "texture": "#1"}
			}
		},
		{
			"from": [9.1, 7.1, 8.6],
			"to": [10.1, 8.1, 7.4],
			"light_emission": 15,
			"rotation": {"angle": 0, "axis": "y", "origin": [9, 7.225, 1.1]},
			"faces": {
				"north": {"uv": [6, 6, 7, 7], "texture": "#1"},
				"east": {"uv": [6, 6, 7, 7], "texture": "#1"},
				"south": {"uv": [6, 6, 7, 7], "texture": "#1"},
				"west": {"uv": [0, 0, 1, 1], "texture": "#1"},
				"up": {"uv": [6, 6, 7, 7], "texture": "#1"},
				"down": {"uv": [0, 0, 1, 1], "texture": "#1"}
			}
		},
		{
			"from": [10.1, 6.1, 8.6],
			"to": [11.1, 7.1, 7.4],
			"light_emission": 15,
			"rotation": {"angle": 0, "axis": "y", "origin": [10, 6.225, 1.1]},
			"faces": {
				"north": {"uv": [6, 6, 7, 7], "texture": "#1"},
				"east": {"uv": [6, 6, 7, 7], "texture": "#1"},
				"south": {"uv": [6, 6, 7, 7], "texture": "#1"},
				"west": {"uv": [0, 0, 1, 1], "texture": "#1"},
				"up": {"uv": [6, 6, 7, 7], "texture": "#1"},
				"down": {"uv": [0, 0, 1, 1], "texture": "#1"}
			}
		},
		{
			"from": [11.1, 5.9, 8.6],
			"to": [11.9, 6.1, 7.4],
			"light_emission": 15,
			"rotation": {"angle": 0, "axis": "y", "origin": [11, 5.225, 1.1]},
			"faces": {
				"north": {"uv": [6, 6, 7, 7], "texture": "#1"},
				"east": {"uv": [0, 0, 1, 1], "texture": "#1"},
				"south": {"uv": [6, 6, 7, 7], "texture": "#1"},
				"west": {"uv": [0, 0, 1, 1], "texture": "#1"},
				"up": {"uv": [6, 6, 7, 7], "texture": "#1"},
				"down": {"uv": [0, 0, 1, 1], "texture": "#1"}
			}
		},
		{
			"from": [8.1, 8.1, 8.6],
			"to": [9.1, 9.1, 7.4],
			"light_emission": 15,
			"rotation": {"angle": 0, "axis": "y", "origin": [8, 8.225, 1.1]},
			"faces": {
				"north": {"uv": [6, 6, 7, 7], "texture": "#1"},
				"east": {"uv": [6, 6, 7, 7], "texture": "#1"},
				"south": {"uv": [6, 6, 7, 7], "texture": "#1"},
				"west": {"uv": [0, 0, 1, 1], "texture": "#1"},
				"up": {"uv": [6, 6, 7, 7], "texture": "#1"},
				"down": {"uv": [0, 0, 1, 1], "texture": "#1"}
			}
		},
		{
			"from": [4.1, 12.1, 8.6],
			"to": [5.1, 13.1, 7.4],
			"light_emission": 15,
			"rotation": {"angle": 0, "axis": "y", "origin": [4, 12.225, 1.1]},
			"faces": {
				"north": {"uv": [6, 6, 7, 7], "texture": "#1"},
				"east": {"uv": [6, 6, 7, 7], "texture": "#1"},
				"south": {"uv": [6, 6, 7, 7], "texture": "#1"},
				"west": {"uv": [0, 0, 1, 1], "texture": "#1"},
				"up": {"uv": [6, 6, 7, 7], "texture": "#1"},
				"down": {"uv": [0, 0, 1, 1], "texture": "#1"}
			}
		},
		{
			"from": [3.1, 13.1, 8.6],
			"to": [4.1, 14.1, 7.4],
			"light_emission": 15,
			"rotation": {"angle": 0, "axis": "y", "origin": [3, 13.225, 1.1]},
			"faces": {
				"north": {"uv": [6, 6, 7, 7], "texture": "#1"},
				"east": {"uv": [6, 6, 7, 7], "texture": "#1"},
				"south": {"uv": [6, 6, 7, 7], "texture": "#1"},
				"west": {"uv": [0, 0, 1, 1], "texture": "#1"},
				"up": {"uv": [6, 6, 7, 7], "texture": "#1"},
				"down": {"uv": [0, 0, 1, 1], "texture": "#1"}
			}
		},
		{
			"from": [1.9, 14.1, 8.6],
			"to": [3.1, 15.1, 7.4],
			"light_emission": 15,
			"rotation": {"angle": 0, "axis": "y", "origin": [2, 14.225, 1.1]},
			"faces": {
				"north": {"uv": [6, 6, 7, 7], "texture": "#1"},
				"east": {"uv": [6, 6, 7, 7], "texture": "#1"},
				"south": {"uv": [6, 6, 7, 7], "texture": "#1"},
				"west": {"uv": [6, 6, 7, 7], "texture": "#1"},
				"up": {"uv": [6, 6, 7, 7], "texture": "#1"},
				"down": {"uv": [0, 0, 1, 1], "texture": "#1"}
			}
		},
		{
			"from": [3.9, 10.1, 8.6],
			"to": [4.9, 12.1, 7.4],
			"light_emission": 15,
			"rotation": {"angle": 0, "axis": "y", "origin": [4, 10.025, 1.1]},
			"faces": {
				"north": {"uv": [4, 5, 5, 6], "texture": "#1"},
				"east": {"uv": [0, 0, 1, 1], "texture": "#1"},
				"south": {"uv": [4, 5, 5, 6], "texture": "#1"},
				"west": {"uv": [4, 5, 5, 6], "texture": "#1"},
				"up": {"uv": [0, 0, 1, 1], "texture": "#1"},
				"down": {"uv": [0, 0, 1, 1], "texture": "#1"}
			}
		},
		{
			"from": [7.1, 9.1, 8.6],
			"to": [8.1, 10.9, 7.4],
			"light_emission": 15,
			"rotation": {"angle": 0, "axis": "y", "origin": [7, 10.025, 1.1]},
			"faces": {
				"north": {"uv": [0, 5, 1, 6], "texture": "#1"},
				"east": {"uv": [7, 5, 8, 6], "texture": "#1"},
				"south": {"uv": [7, 5, 8, 6], "texture": "#1"},
				"west": {"uv": [0, 0, 1, 1], "texture": "#1"},
				"up": {"uv": [0, 0, 1, 1], "texture": "#1"},
				"down": {"uv": [0, 0, 1, 1], "texture": "#1"}
			}
		},
		{
			"from": [4.9, 11.1, 8.6],
			"to": [5.9, 12.1, 7.4],
			"light_emission": 15,
			"rotation": {"angle": 0, "axis": "y", "origin": [5, 11.025, 1.1]},
			"faces": {
				"north": {"uv": [5, 4, 6, 5], "texture": "#1"},
				"east": {"uv": [0, 0, 1, 1], "texture": "#1"},
				"south": {"uv": [5, 4, 6, 5], "texture": "#1"},
				"west": {"uv": [0, 0, 1, 1], "texture": "#1"},
				"up": {"uv": [5, 4, 6, 5], "texture": "#1"},
				"down": {"uv": [0, 0, 1, 1], "texture": "#1"}
			}
		},
		{
			"from": [8.1, 10.9, 8.6],
			"to": [11.1, 11.9, 7.4],
			"light_emission": 15,
			"rotation": {"angle": 0, "axis": "y", "origin": [10, 11.025, 1.1]},
			"faces": {
				"north": {"uv": [0, 4, 1, 5], "texture": "#1"},
				"east": {"uv": [10, 4, 11, 5], "texture": "#1"},
				"south": {"uv": [10, 4, 11, 5], "texture": "#1"},
				"west": {"uv": [0, 0, 1, 1], "texture": "#1"},
				"up": {"uv": [0, 0, 1, 1], "texture": "#1"},
				"down": {"uv": [10, 4, 11, 5], "texture": "#1"}
			}
		},
		{
			"from": [13.9, 10.1, 8.6],
			"to": [15.1, 11.9, 7.4],
			"light_emission": 15,
			"rotation": {"angle": 0, "axis": "y", "origin": [14, 11.025, 1.1]},
			"faces": {
				"north": {"uv": [13, 4, 14, 5], "texture": "#1"},
				"east": {"uv": [13, 4, 14, 5], "texture": "#1"},
				"south": {"uv": [13, 4, 14, 5], "texture": "#1"},
				"west": {"uv": [13, 4, 14, 5], "texture": "#1"},
				"up": {"uv": [0, 0, 1, 1], "texture": "#1"},
				"down": {"uv": [0, 0, 1, 1], "texture": "#1"}
			}
		},
		{
			"from": [5.9, 2.9, 8.6],
			"to": [7.9, 3.1, 7.4],
			"light_emission": 15,
			"rotation": {"angle": 0, "axis": "y", "origin": [6, 2.825, 1.1]},
			"faces": {
				"north": {"uv": [5, 12, 6, 13], "texture": "#1"},
				"east": {"uv": [0, 0, 1, 1], "texture": "#1"},
				"south": {"uv": [5, 12, 6, 13], "texture": "#1"},
				"west": {"uv": [5, 12, 6, 13], "texture": "#1"},
				"up": {"uv": [5, 12, 6, 13], "texture": "#1"},
				"down": {"uv": [0, 0, 1, 1], "texture": "#1"}
			}
		},
		{
			"from": [4.1, 1.9, 8.6],
			"to": [5.9, 2.1, 7.4],
			"light_emission": 15,
			"rotation": {"angle": 0, "axis": "y", "origin": [4, 1.85, 1.1]},
			"faces": {
				"north": {"uv": [4, 13, 5, 14], "texture": "#1"},
				"east": {"uv": [0, 0, 1, 1], "texture": "#1"},
				"south": {"uv": [4, 13, 5, 14], "texture": "#1"},
				"west": {"uv": [0, 0, 1, 1], "texture": "#1"},
				"up": {"uv": [4, 13, 5, 14], "texture": "#1"},
				"down": {"uv": [0, 0, 1, 1], "texture": "#1"}
			}
		},
		{
			"from": [14.1, 9.9, 8.6],
			"to": [15.1, 10.1, 7.4],
			"light_emission": 15,
			"rotation": {"angle": 0, "axis": "y", "origin": [14.2, 9.85, 1.1]},
			"faces": {
				"north": {"uv": [13, 4, 14, 5], "texture": "#1"},
				"east": {"uv": [13, 4, 14, 5], "texture": "#1"},
				"south": {"uv": [13, 4, 14, 5], "texture": "#1"},
				"west": {"uv": [0, 0, 1, 1], "texture": "#1"},
				"up": {"uv": [0, 0, 1, 1], "texture": "#1"},
				"down": {"uv": [13, 4, 14, 5], "texture": "#1"}
			}
		},
		{
			"from": [6.1, 1.9, 8.6],
			"to": [8.1, 2.1, 7.4],
			"light_emission": 15,
			"rotation": {"angle": 0, "axis": "y", "origin": [6.2, 1.85, 1.1]},
			"faces": {
				"north": {"uv": [5, 12, 6, 13], "texture": "#1"},
				"east": {"uv": [5, 12, 6, 13], "texture": "#1"},
				"south": {"uv": [5, 12, 6, 13], "texture": "#1"},
				"west": {"uv": [0, 0, 1, 1], "texture": "#1"},
				"up": {"uv": [0, 0, 1, 1], "texture": "#1"},
				"down": {"uv": [5, 12, 6, 13], "texture": "#1"}
			}
		},
		{
			"from": [5.9, 12.1, 8.6],
			"to": [7.9, 13.1, 7.4],
			"light_emission": 15,
			"rotation": {"angle": 0, "axis": "y", "origin": [7, 12.025, 1.1]},
			"faces": {
				"north": {"uv": [7, 3, 8, 4], "texture": "#1"},
				"east": {"uv": [0, 0, 1, 1], "texture": "#1"},
				"south": {"uv": [7, 3, 8, 4], "texture": "#1"},
				"west": {"uv": [7, 3, 8, 4], "texture": "#1"},
				"up": {"uv": [7, 3, 8, 4], "texture": "#1"},
				"down": {"uv": [0, 0, 1, 1], "texture": "#1"}
			}
		},
		{
			"from": [13.9, 11.9, 8.6],
			"to": [15.1, 12.9, 7.4],
			"light_emission": 15,
			"rotation": {"angle": 0, "axis": "y", "origin": [14, 12.025, 1.1]},
			"faces": {
				"north": {"uv": [14, 3, 15, 4], "texture": "#1"},
				"east": {"uv": [14, 3, 15, 4], "texture": "#1"},
				"south": {"uv": [14, 3, 15, 4], "texture": "#1"},
				"west": {"uv": [0, 0, 1, 1], "texture": "#1"},
				"up": {"uv": [0, 0, 1, 1], "texture": "#1"},
				"down": {"uv": [0, 0, 1, 1], "texture": "#1"}
			}
		},
		{
			"from": [11.1, 11.9, 8.6],
			"to": [12.9, 12.9, 7.4],
			"light_emission": 15,
			"rotation": {"angle": 0, "axis": "y", "origin": [12, 12.025, 1.1]},
			"faces": {
				"north": {"uv": [12, 3, 13, 4], "texture": "#1"},
				"east": {"uv": [0, 0, 1, 1], "texture": "#1"},
				"south": {"uv": [12, 3, 13, 4], "texture": "#1"},
				"west": {"uv": [0, 0, 1, 1], "texture": "#1"},
				"up": {"uv": [0, 0, 1, 1], "texture": "#1"},
				"down": {"uv": [12, 3, 13, 4], "texture": "#1"}
			}
		},
		{
			"from": [7.9, 13.1, 8.6],
			"to": [11.9, 14.1, 7.4],
			"light_emission": 15,
			"rotation": {"angle": 0, "axis": "y", "origin": [10, 13.025, 1.1]},
			"faces": {
				"north": {"uv": [10, 2, 11, 3], "texture": "#1"},
				"east": {"uv": [0, 0, 1, 1], "texture": "#1"},
				"south": {"uv": [10, 2, 11, 3], "texture": "#1"},
				"west": {"uv": [10, 2, 11, 3], "texture": "#1"},
				"up": {"uv": [10, 2, 11, 3], "texture": "#1"},
				"down": {"uv": [0, 0, 1, 1], "texture": "#1"}
			}
		},
		{
			"from": [15.1, 12.9, 8.6],
			"to": [16.1, 14.1, 7.4],
			"light_emission": 15,
			"rotation": {"angle": 0, "axis": "y", "origin": [15, 13.025, 1.1]},
			"faces": {
				"north": {"uv": [15, 2, 16, 3], "texture": "#1"},
				"east": {"uv": [15, 2, 16, 3], "texture": "#1"},
				"south": {"uv": [15, 2, 16, 3], "texture": "#1"},
				"west": {"uv": [0, 0, 1, 1], "texture": "#1"},
				"up": {"uv": [15, 2, 16, 3], "texture": "#1"},
				"down": {"uv": [15, 2, 16, 3], "texture": "#1"}
			}
		},
		{
			"from": [11.9, 13.1, 8.6],
			"to": [15.1, 14.1, 7.4],
			"light_emission": 15,
			"rotation": {"angle": 0, "axis": "y", "origin": [15, 13.025, 1.1]},
			"faces": {
				"north": {"uv": [15, 2, 16, 3], "texture": "#1"},
				"east": {"uv": [0, 0, 1, 1], "texture": "#1"},
				"south": {"uv": [15, 2, 16, 3], "texture": "#1"},
				"west": {"uv": [0, 0, 1, 1], "texture": "#1"},
				"up": {"uv": [0, 0, 1, 1], "texture": "#1"},
				"down": {"uv": [0, 0, 1, 1], "texture": "#1"}
			}
		},
		{
			"from": [11.1, 12.9, 8.6],
			"to": [15.1, 13.1, 7.4],
			"light_emission": 15,
			"rotation": {"angle": 0, "axis": "y", "origin": [15, 12.825, 1.1]},
			"faces": {
				"north": {"uv": [15, 2, 16, 3], "texture": "#1"},
				"east": {"uv": [0, 0, 1, 1], "texture": "#1"},
				"south": {"uv": [15, 2, 16, 3], "texture": "#1"},
				"west": {"uv": [0, 0, 1, 1], "texture": "#1"},
				"up": {"uv": [0, 0, 1, 1], "texture": "#1"},
				"down": {"uv": [0, 0, 1, 1], "texture": "#1"}
			}
		},
		{
			"from": [8.1, 11.9, 8.6],
			"to": [11.1, 12.1, 7.4],
			"light_emission": 15,
			"rotation": {"angle": 0, "axis": "y", "origin": [11, 11.825, 1.1]},
			"faces": {
				"north": {"uv": [15, 2, 16, 3], "texture": "#1"},
				"east": {"uv": [0, 0, 1, 1], "texture": "#1"},
				"south": {"uv": [15, 2, 16, 3], "texture": "#1"},
				"west": {"uv": [0, 0, 1, 1], "texture": "#1"},
				"up": {"uv": [0, 0, 1, 1], "texture": "#1"},
				"down": {"uv": [0, 0, 1, 1], "texture": "#1"}
			}
		},
		{
			"from": [7.1, 10.9, 8.6],
			"to": [8.1, 11.1, 7.4],
			"light_emission": 15,
			"rotation": {"angle": 0, "axis": "y", "origin": [8, 10.825, 1.1]},
			"faces": {
				"north": {"uv": [15, 2, 16, 3], "texture": "#1"},
				"east": {"uv": [0, 0, 1, 1], "texture": "#1"},
				"south": {"uv": [15, 2, 16, 3], "texture": "#1"},
				"west": {"uv": [0, 0, 1, 1], "texture": "#1"},
				"up": {"uv": [0, 0, 1, 1], "texture": "#1"},
				"down": {"uv": [0, 0, 1, 1], "texture": "#1"}
			}
		},
		{
			"from": [7.9, 12.1, 8.6],
			"to": [11.1, 13.1, 7.4],
			"light_emission": 15,
			"rotation": {"angle": 0, "axis": "y", "origin": [12, 12.025, 1.1]},
			"faces": {
				"north": {"uv": [15, 2, 16, 3], "texture": "#1"},
				"east": {"uv": [0, 0, 1, 1], "texture": "#1"},
				"south": {"uv": [15, 2, 16, 3], "texture": "#1"},
				"west": {"uv": [0, 0, 1, 1], "texture": "#1"},
				"up": {"uv": [0, 0, 1, 1], "texture": "#1"},
				"down": {"uv": [0, 0, 1, 1], "texture": "#1"}
			}
		},
		{
			"from": [5.9, 11.1, 8.6],
			"to": [8.1, 12.1, 7.4],
			"light_emission": 15,
			"rotation": {"angle": 0, "axis": "y", "origin": [10, 11.225, 1.1]},
			"faces": {
				"north": {"uv": [15, 2, 16, 3], "texture": "#1"},
				"east": {"uv": [0, 0, 1, 1], "texture": "#1"},
				"south": {"uv": [15, 2, 16, 3], "texture": "#1"},
				"west": {"uv": [0, 0, 1, 1], "texture": "#1"},
				"up": {"uv": [0, 0, 1, 1], "texture": "#1"},
				"down": {"uv": [0, 0, 1, 1], "texture": "#1"}
			}
		},
		{
			"from": [1.9, 0.9, 8.6],
			"to": [2.9, 4.1, 7.4],
			"light_emission": 15,
			"rotation": {"angle": 0, "axis": "y", "origin": [6, 0.825, 1.1]},
			"faces": {
				"north": {"uv": [15, 2, 16, 3], "texture": "#1"},
				"east": {"uv": [0, 0, 1, 1], "texture": "#1"},
				"south": {"uv": [15, 2, 16, 3], "texture": "#1"},
				"west": {"uv": [0, 0, 1, 1], "texture": "#1"},
				"up": {"uv": [0, 0, 1, 1], "texture": "#1"},
				"down": {"uv": [0, 0, 1, 1], "texture": "#1"}
			}
		},
		{
			"from": [2.9, 0.9, 8.6],
			"to": [3.1, 4.9, 7.4],
			"light_emission": 15,
			"rotation": {"angle": 0, "axis": "y", "origin": [6.2, 0.825, 1.1]},
			"faces": {
				"north": {"uv": [15, 2, 16, 3], "texture": "#1"},
				"east": {"uv": [0, 0, 1, 1], "texture": "#1"},
				"south": {"uv": [15, 2, 16, 3], "texture": "#1"},
				"west": {"uv": [0, 0, 1, 1], "texture": "#1"},
				"up": {"uv": [0, 0, 1, 1], "texture": "#1"},
				"down": {"uv": [0, 0, 1, 1], "texture": "#1"}
			}
		},
		{
			"from": [3.9, 4.9, 8.6],
			"to": [4.1, 7.9, 7.4],
			"light_emission": 15,
			"rotation": {"angle": 0, "axis": "y", "origin": [7.2, 3.825, 1.1]},
			"faces": {
				"north": {"uv": [15, 2, 16, 3], "texture": "#1"},
				"east": {"uv": [0, 0, 1, 1], "texture": "#1"},
				"south": {"uv": [15, 2, 16, 3], "texture": "#1"},
				"west": {"uv": [0, 0, 1, 1], "texture": "#1"},
				"up": {"uv": [0, 0, 1, 1], "texture": "#1"},
				"down": {"uv": [0, 0, 1, 1], "texture": "#1"}
			}
		},
		{
			"from": [4.9, 7.9, 8.6],
			"to": [5.1, 8.9, 7.4],
			"light_emission": 15,
			"rotation": {"angle": 0, "axis": "y", "origin": [8.2, 4.825, 1.1]},
			"faces": {
				"north": {"uv": [15, 2, 16, 3], "texture": "#1"},
				"east": {"uv": [0, 0, 1, 1], "texture": "#1"},
				"south": {"uv": [15, 2, 16, 3], "texture": "#1"},
				"west": {"uv": [0, 0, 1, 1], "texture": "#1"},
				"up": {"uv": [0, 0, 1, 1], "texture": "#1"},
				"down": {"uv": [0, 0, 1, 1], "texture": "#1"}
			}
		},
		{
			"from": [2.9, 4.9, 8.6],
			"to": [3.9, 8.1, 7.4],
			"light_emission": 15,
			"rotation": {"angle": 0, "axis": "y", "origin": [7, 3.825, 1.1]},
			"faces": {
				"north": {"uv": [15, 2, 16, 3], "texture": "#1"},
				"east": {"uv": [0, 0, 1, 1], "texture": "#1"},
				"south": {"uv": [15, 2, 16, 3], "texture": "#1"},
				"west": {"uv": [0, 0, 1, 1], "texture": "#1"},
				"up": {"uv": [0, 0, 1, 1], "texture": "#1"},
				"down": {"uv": [0, 0, 1, 1], "texture": "#1"}
			}
		},
		{
			"from": [3.9, 7.9, 8.6],
			"to": [4.9, 10.1, 7.4],
			"light_emission": 15,
			"rotation": {"angle": 0, "axis": "y", "origin": [8, 5.825, 1.1]},
			"faces": {
				"north": {"uv": [15, 2, 16, 3], "texture": "#1"},
				"east": {"uv": [0, 0, 1, 1], "texture": "#1"},
				"south": {"uv": [15, 2, 16, 3], "texture": "#1"},
				"west": {"uv": [0, 0, 1, 1], "texture": "#1"},
				"up": {"uv": [0, 0, 1, 1], "texture": "#1"},
				"down": {"uv": [0, 0, 1, 1], "texture": "#1"}
			}
		},
		{
			"from": [4.9, 8.9, 8.6],
			"to": [6.1, 11.1, 7.4],
			"light_emission": 15,
			"rotation": {"angle": 0, "axis": "y", "origin": [9, 6.825, 1.1]},
			"faces": {
				"north": {"uv": [15, 2, 16, 3], "texture": "#1"},
				"east": {"uv": [0, 0, 1, 1], "texture": "#1"},
				"south": {"uv": [15, 2, 16, 3], "texture": "#1"},
				"west": {"uv": [0, 0, 1, 1], "texture": "#1"},
				"up": {"uv": [0, 0, 1, 1], "texture": "#1"},
				"down": {"uv": [0, 0, 1, 1], "texture": "#1"}
			}
		},
		{
			"from": [6.1, 9.9, 8.6],
			"to": [7.1, 11.1, 7.4],
			"light_emission": 15,
			"rotation": {"angle": 0, "axis": "y", "origin": [10, 6.825, 1.1]},
			"faces": {
				"north": {"uv": [15, 2, 16, 3], "texture": "#1"},
				"east": {"uv": [0, 0, 1, 1], "texture": "#1"},
				"south": {"uv": [15, 2, 16, 3], "texture": "#1"},
				"west": {"uv": [0, 0, 1, 1], "texture": "#1"},
				"up": {"uv": [0, 0, 1, 1], "texture": "#1"},
				"down": {"uv": [0, 0, 1, 1], "texture": "#1"}
			}
		},
		{
			"from": [12.9, 11.9, 8.6],
			"to": [13.9, 12.9, 7.4],
			"light_emission": 15,
			"rotation": {"angle": 0, "axis": "y", "origin": [15, 12.825, 1.1]},
			"faces": {
				"north": {"uv": [15, 2, 16, 3], "texture": "#1"},
				"east": {"uv": [0, 0, 1, 1], "texture": "#1"},
				"south": {"uv": [15, 2, 16, 3], "texture": "#1"},
				"west": {"uv": [0, 0, 1, 1], "texture": "#1"},
				"up": {"uv": [0, 0, 1, 1], "texture": "#1"},
				"down": {"uv": [15, 2, 16, 3], "texture": "#1"}
			}
		},
		{
			"from": [7.9, 2.9, 8.6],
			"to": [8.1, 3.1, 7.4],
			"light_emission": 15,
			"rotation": {"angle": 0, "axis": "y", "origin": [9, 3.9, 1.1]},
			"faces": {
				"north": {"uv": [15, 2, 16, 3], "texture": "#1"},
				"east": {"uv": [0, 0, 1, 1], "texture": "#1"},
				"south": {"uv": [15, 2, 16, 3], "texture": "#1"},
				"west": {"uv": [0, 0, 1, 1], "texture": "#1"},
				"up": {"uv": [0, 0, 1, 1], "texture": "#1"},
				"down": {"uv": [0, 0, 1, 1], "texture": "#1"}
			}
		},
		{
			"from": [7.9, 3.9, 8.6],
			"to": [8.1, 4.1, 7.4],
			"light_emission": 15,
			"rotation": {"angle": 0, "axis": "y", "origin": [9, 4.9, 1.1]},
			"faces": {
				"north": {"uv": [15, 2, 16, 3], "texture": "#1"},
				"east": {"uv": [0, 0, 1, 1], "texture": "#1"},
				"south": {"uv": [15, 2, 16, 3], "texture": "#1"},
				"west": {"uv": [0, 0, 1, 1], "texture": "#1"},
				"up": {"uv": [0, 0, 1, 1], "texture": "#1"},
				"down": {"uv": [0, 0, 1, 1], "texture": "#1"}
			}
		},
		{
			"from": [9.9, 4.1, 8.6],
			"to": [11.1, 4.9, 7.4],
			"light_emission": 15,
			"rotation": {"angle": 0, "axis": "y", "origin": [10, 4.025, 1.1]},
			"faces": {
				"north": {"uv": [5, 12, 6, 13], "texture": "#1"},
				"east": {"uv": [5, 12, 6, 13], "texture": "#1"},
				"south": {"uv": [5, 12, 6, 13], "texture": "#1"},
				"west": {"uv": [5, 12, 6, 13], "texture": "#1"},
				"up": {"uv": [0, 0, 1, 1], "texture": "#1"},
				"down": {"uv": [0, 0, 1, 1], "texture": "#1"}
			}
		},
		{
			"from": [9.9, 4.9, 8.6],
			"to": [10.9, 5.9, 7.4],
			"light_emission": 15,
			"rotation": {"angle": 0, "axis": "y", "origin": [10, 5.025, 1.1]},
			"faces": {
				"north": {"uv": [5, 12, 6, 13], "texture": "#1"},
				"east": {"uv": [0, 0, 1, 1], "texture": "#1"},
				"south": {"uv": [5, 12, 6, 13], "texture": "#1"},
				"west": {"uv": [5, 12, 6, 13], "texture": "#1"},
				"up": {"uv": [0, 0, 1, 1], "texture": "#1"},
				"down": {"uv": [0, 0, 1, 1], "texture": "#1"}
			}
		},
		{
			"from": [10.1, 3.9, 8.6],
			"to": [11.1, 4.1, 7.4],
			"light_emission": 15,
			"rotation": {"angle": 0, "axis": "y", "origin": [10.2, 3.85, 1.1]},
			"faces": {
				"north": {"uv": [5, 12, 6, 13], "texture": "#1"},
				"east": {"uv": [5, 12, 6, 13], "texture": "#1"},
				"south": {"uv": [5, 12, 6, 13], "texture": "#1"},
				"west": {"uv": [0, 0, 1, 1], "texture": "#1"},
				"up": {"uv": [0, 0, 1, 1], "texture": "#1"},
				"down": {"uv": [5, 12, 6, 13], "texture": "#1"}
			}
		},
		{
			"from": [10.9, 5.1, 8.6],
			"to": [12.1, 5.9, 7.4],
			"light_emission": 15,
			"rotation": {"angle": 0, "axis": "y", "origin": [11, 5.025, 1.1]},
			"faces": {
				"north": {"uv": [5, 12, 6, 13], "texture": "#1"},
				"east": {"uv": [5, 12, 6, 13], "texture": "#1"},
				"south": {"uv": [5, 12, 6, 13], "texture": "#1"},
				"west": {"uv": [0, 0, 1, 1], "texture": "#1"},
				"up": {"uv": [0, 0, 1, 1], "texture": "#1"},
				"down": {"uv": [0, 0, 1, 1], "texture": "#1"}
			}
		},
		{
			"from": [11.1, 4.9, 8.6],
			"to": [12.1, 5.1, 7.4],
			"light_emission": 15,
			"rotation": {"angle": 0, "axis": "y", "origin": [11.2, 4.85, 1.1]},
			"faces": {
				"north": {"uv": [5, 12, 6, 13], "texture": "#1"},
				"east": {"uv": [5, 12, 6, 13], "texture": "#1"},
				"south": {"uv": [5, 12, 6, 13], "texture": "#1"},
				"west": {"uv": [0, 0, 1, 1], "texture": "#1"},
				"up": {"uv": [0, 0, 1, 1], "texture": "#1"},
				"down": {"uv": [5, 12, 6, 13], "texture": "#1"}
			}
		},
		{
			"from": [7.9, 3.9, 8.6],
			"to": [9.9, 4.1, 7.4],
			"light_emission": 15,
			"rotation": {"angle": 0, "axis": "y", "origin": [8, 3.825, 1.1]},
			"faces": {
				"north": {"uv": [5, 12, 6, 13], "texture": "#1"},
				"east": {"uv": [0, 0, 1, 1], "texture": "#1"},
				"south": {"uv": [5, 12, 6, 13], "texture": "#1"},
				"west": {"uv": [5, 12, 6, 13], "texture": "#1"},
				"up": {"uv": [5, 12, 6, 13], "texture": "#1"},
				"down": {"uv": [0, 0, 1, 1], "texture": "#1"}
			}
		},
		{
			"from": [9.9, 3.9, 8.6],
			"to": [10.1, 4.1, 7.4],
			"light_emission": 15,
			"rotation": {"angle": 0, "axis": "y", "origin": [11, 4.9, 1.1]},
			"faces": {
				"north": {"uv": [15, 2, 16, 3], "texture": "#1"},
				"east": {"uv": [0, 0, 1, 1], "texture": "#1"},
				"south": {"uv": [15, 2, 16, 3], "texture": "#1"},
				"west": {"uv": [0, 0, 1, 1], "texture": "#1"},
				"up": {"uv": [0, 0, 1, 1], "texture": "#1"},
				"down": {"uv": [0, 0, 1, 1], "texture": "#1"}
			}
		},
		{
			"from": [10.9, 4.9, 8.6],
			"to": [11.1, 5.1, 7.4],
			"light_emission": 15,
			"rotation": {"angle": 0, "axis": "y", "origin": [12, 5.9, 1.1]},
			"faces": {
				"north": {"uv": [15, 2, 16, 3], "texture": "#1"},
				"east": {"uv": [0, 0, 1, 1], "texture": "#1"},
				"south": {"uv": [15, 2, 16, 3], "texture": "#1"},
				"west": {"uv": [0, 0, 1, 1], "texture": "#1"},
				"up": {"uv": [0, 0, 1, 1], "texture": "#1"},
				"down": {"uv": [0, 0, 1, 1], "texture": "#1"}
			}
		},
		{
			"from": [11.9, 5.9, 8.6],
			"to": [12.1, 6.1, 7.4],
			"light_emission": 15,
			"rotation": {"angle": 0, "axis": "y", "origin": [13, 6.9, 1.1]},
			"faces": {
				"north": {"uv": [15, 2, 16, 3], "texture": "#1"},
				"east": {"uv": [0, 0, 1, 1], "texture": "#1"},
				"south": {"uv": [15, 2, 16, 3], "texture": "#1"},
				"west": {"uv": [0, 0, 1, 1], "texture": "#1"},
				"up": {"uv": [0, 0, 1, 1], "texture": "#1"},
				"down": {"uv": [0, 0, 1, 1], "texture": "#1"}
			}
		},
		{
			"from": [7.9, 3.1, 8.6],
			"to": [10.1, 3.9, 7.4],
			"light_emission": 15,
			"rotation": {"angle": 0, "axis": "y", "origin": [8, 3.025, 1.1]},
			"faces": {
				"north": {"uv": [5, 12, 6, 13], "texture": "#1"},
				"east": {"uv": [5, 12, 6, 13], "texture": "#1"},
				"south": {"uv": [5, 12, 6, 13], "texture": "#1"},
				"west": {"uv": [5, 12, 6, 13], "texture": "#1"},
				"up": {"uv": [0, 0, 1, 1], "texture": "#1"},
				"down": {"uv": [0, 0, 1, 1], "texture": "#1"}
			}
		},
		{
			"from": [8.1, 2.9, 8.6],
			"to": [10.1, 3.1, 7.4],
			"light_emission": 15,
			"rotation": {"angle": 0, "axis": "y", "origin": [8.2, 2.85, 1.1]},
			"faces": {
				"north": {"uv": [5, 12, 6, 13], "texture": "#1"},
				"east": {"uv": [5, 12, 6, 13], "texture": "#1"},
				"south": {"uv": [5, 12, 6, 13], "texture": "#1"},
				"west": {"uv": [0, 0, 1, 1], "texture": "#1"},
				"up": {"uv": [0, 0, 1, 1], "texture": "#1"},
				"down": {"uv": [5, 12, 6, 13], "texture": "#1"}
			}
		},
		{
			"from": [11.9, 7.1, 8.6],
			"to": [13.1, 7.9, 7.4],
			"light_emission": 15,
			"rotation": {"angle": 0, "axis": "y", "origin": [12, 7.025, 1.1]},
			"faces": {
				"north": {"uv": [5, 12, 6, 13], "texture": "#1"},
				"east": {"uv": [5, 12, 6, 13], "texture": "#1"},
				"south": {"uv": [5, 12, 6, 13], "texture": "#1"},
				"west": {"uv": [5, 12, 6, 13], "texture": "#1"},
				"up": {"uv": [0, 0, 1, 1], "texture": "#1"},
				"down": {"uv": [0, 0, 1, 1], "texture": "#1"}
			}
		},
		{
			"from": [11.9, 6.1, 8.6],
			"to": [13.1, 7.1, 7.4],
			"light_emission": 15,
			"rotation": {"angle": 0, "axis": "y", "origin": [12, 6.025, 1.1]},
			"faces": {
				"north": {"uv": [5, 12, 6, 13], "texture": "#1"},
				"east": {"uv": [5, 12, 6, 13], "texture": "#1"},
				"south": {"uv": [5, 12, 6, 13], "texture": "#1"},
				"west": {"uv": [5, 12, 6, 13], "texture": "#1"},
				"up": {"uv": [0, 0, 1, 1], "texture": "#1"},
				"down": {"uv": [0, 0, 1, 1], "texture": "#1"}
			}
		},
		{
			"from": [11.9, 7.9, 8.6],
			"to": [12.9, 8.1, 7.4],
			"light_emission": 15,
			"rotation": {"angle": 0, "axis": "y", "origin": [12, 7.825, 1.1]},
			"faces": {
				"north": {"uv": [5, 12, 6, 13], "texture": "#1"},
				"east": {"uv": [0, 0, 1, 1], "texture": "#1"},
				"south": {"uv": [5, 12, 6, 13], "texture": "#1"},
				"west": {"uv": [5, 12, 6, 13], "texture": "#1"},
				"up": {"uv": [5, 12, 6, 13], "texture": "#1"},
				"down": {"uv": [0, 0, 1, 1], "texture": "#1"}
			}
		},
		{
			"from": [12.1, 5.9, 8.6],
			"to": [13.1, 6.1, 7.4],
			"light_emission": 15,
			"rotation": {"angle": 0, "axis": "y", "origin": [12.2, 5.85, 1.1]},
			"faces": {
				"north": {"uv": [5, 12, 6, 13], "texture": "#1"},
				"east": {"uv": [5, 12, 6, 13], "texture": "#1"},
				"south": {"uv": [5, 12, 6, 13], "texture": "#1"},
				"west": {"uv": [0, 0, 1, 1], "texture": "#1"},
				"up": {"uv": [0, 0, 1, 1], "texture": "#1"},
				"down": {"uv": [5, 12, 6, 13], "texture": "#1"}
			}
		},
		{
			"from": [12.9, 7.9, 8.6],
			"to": [13.1, 8.1, 7.4],
			"light_emission": 15,
			"rotation": {"angle": 0, "axis": "y", "origin": [14, 8.9, 1.1]},
			"faces": {
				"north": {"uv": [15, 2, 16, 3], "texture": "#1"},
				"east": {"uv": [0, 0, 1, 1], "texture": "#1"},
				"south": {"uv": [15, 2, 16, 3], "texture": "#1"},
				"west": {"uv": [0, 0, 1, 1], "texture": "#1"},
				"up": {"uv": [0, 0, 1, 1], "texture": "#1"},
				"down": {"uv": [0, 0, 1, 1], "texture": "#1"}
			}
		},
		{
			"from": [8.9, 6.9, 8.6],
			"to": [10.1, 7.1, 7.4],
			"light_emission": 15,
			"rotation": {"angle": 0, "axis": "y", "origin": [11, 7.9, 1.1]},
			"faces": {
				"north": {"uv": [15, 2, 16, 3], "texture": "#1"},
				"east": {"uv": [0, 0, 1, 1], "texture": "#1"},
				"south": {"uv": [15, 2, 16, 3], "texture": "#1"},
				"west": {"uv": [0, 0, 1, 1], "texture": "#1"},
				"up": {"uv": [0, 0, 1, 1], "texture": "#1"},
				"down": {"uv": [0, 0, 1, 1], "texture": "#1"}
			}
		},
		{
			"from": [9.9, 5.9, 8.6],
			"to": [11.1, 6.1, 7.4],
			"light_emission": 15,
			"rotation": {"angle": 0, "axis": "y", "origin": [11, 6.9, 1.1]},
			"faces": {
				"north": {"uv": [15, 2, 16, 3], "texture": "#1"},
				"east": {"uv": [0, 0, 1, 1], "texture": "#1"},
				"south": {"uv": [15, 2, 16, 3], "texture": "#1"},
				"west": {"uv": [0, 0, 1, 1], "texture": "#1"},
				"up": {"uv": [0, 0, 1, 1], "texture": "#1"},
				"down": {"uv": [0, 0, 1, 1], "texture": "#1"}
			}
		},
		{
			"from": [6.9, 8.9, 8.6],
			"to": [8.1, 9.1, 7.4],
			"light_emission": 15,
			"rotation": {"angle": 0, "axis": "y", "origin": [9, 9.9, 1.1]},
			"faces": {
				"north": {"uv": [15, 2, 16, 3], "texture": "#1"},
				"east": {"uv": [0, 0, 1, 1], "texture": "#1"},
				"south": {"uv": [15, 2, 16, 3], "texture": "#1"},
				"west": {"uv": [0, 0, 1, 1], "texture": "#1"},
				"up": {"uv": [0, 0, 1, 1], "texture": "#1"},
				"down": {"uv": [0, 0, 1, 1], "texture": "#1"}
			}
		},
		{
			"from": [6.9, 9.1, 8.6],
			"to": [7.1, 9.9, 7.4],
			"light_emission": 15,
			"rotation": {"angle": 0, "axis": "y", "origin": [9, 10.1, 1.1]},
			"faces": {
				"north": {"uv": [15, 2, 16, 3], "texture": "#1"},
				"east": {"uv": [0, 0, 1, 1], "texture": "#1"},
				"south": {"uv": [15, 2, 16, 3], "texture": "#1"},
				"west": {"uv": [0, 0, 1, 1], "texture": "#1"},
				"up": {"uv": [0, 0, 1, 1], "texture": "#1"},
				"down": {"uv": [0, 0, 1, 1], "texture": "#1"}
			}
		},
		{
			"from": [7.9, 8.1, 8.6],
			"to": [8.1, 8.9, 7.4],
			"light_emission": 15,
			"rotation": {"angle": 0, "axis": "y", "origin": [10, 9.1, 1.1]},
			"faces": {
				"north": {"uv": [15, 2, 16, 3], "texture": "#1"},
				"east": {"uv": [0, 0, 1, 1], "texture": "#1"},
				"south": {"uv": [15, 2, 16, 3], "texture": "#1"},
				"west": {"uv": [0, 0, 1, 1], "texture": "#1"},
				"up": {"uv": [0, 0, 1, 1], "texture": "#1"},
				"down": {"uv": [0, 0, 1, 1], "texture": "#1"}
			}
		},
		{
			"from": [8.9, 7.1, 8.6],
			"to": [9.1, 7.9, 7.4],
			"light_emission": 15,
			"rotation": {"angle": 0, "axis": "y", "origin": [11, 8.1, 1.1]},
			"faces": {
				"north": {"uv": [15, 2, 16, 3], "texture": "#1"},
				"east": {"uv": [0, 0, 1, 1], "texture": "#1"},
				"south": {"uv": [15, 2, 16, 3], "texture": "#1"},
				"west": {"uv": [0, 0, 1, 1], "texture": "#1"},
				"up": {"uv": [0, 0, 1, 1], "texture": "#1"},
				"down": {"uv": [0, 0, 1, 1], "texture": "#1"}
			}
		},
		{
			"from": [9.9, 6.1, 8.6],
			"to": [10.1, 6.9, 7.4],
			"light_emission": 15,
			"rotation": {"angle": 0, "axis": "y", "origin": [12, 7.1, 1.1]},
			"faces": {
				"north": {"uv": [15, 2, 16, 3], "texture": "#1"},
				"east": {"uv": [0, 0, 1, 1], "texture": "#1"},
				"south": {"uv": [15, 2, 16, 3], "texture": "#1"},
				"west": {"uv": [0, 0, 1, 1], "texture": "#1"},
				"up": {"uv": [0, 0, 1, 1], "texture": "#1"},
				"down": {"uv": [0, 0, 1, 1], "texture": "#1"}
			}
		},
		{
			"from": [7.9, 7.9, 8.6],
			"to": [9.1, 8.1, 7.4],
			"light_emission": 15,
			"rotation": {"angle": 0, "axis": "y", "origin": [10, 8.9, 1.1]},
			"faces": {
				"north": {"uv": [15, 2, 16, 3], "texture": "#1"},
				"east": {"uv": [0, 0, 1, 1], "texture": "#1"},
				"south": {"uv": [15, 2, 16, 3], "texture": "#1"},
				"west": {"uv": [0, 0, 1, 1], "texture": "#1"},
				"up": {"uv": [0, 0, 1, 1], "texture": "#1"},
				"down": {"uv": [0, 0, 1, 1], "texture": "#1"}
			}
		},
		{
			"from": [3.9, 12.1, 8.6],
			"to": [4.1, 12.9, 7.4],
			"light_emission": 15,
			"rotation": {"angle": 0, "axis": "y", "origin": [6, 13.1, 1.1]},
			"faces": {
				"north": {"uv": [15, 2, 16, 3], "texture": "#1"},
				"east": {"uv": [0, 0, 1, 1], "texture": "#1"},
				"south": {"uv": [15, 2, 16, 3], "texture": "#1"},
				"west": {"uv": [0, 0, 1, 1], "texture": "#1"},
				"up": {"uv": [0, 0, 1, 1], "texture": "#1"},
				"down": {"uv": [0, 0, 1, 1], "texture": "#1"}
			}
		},
		{
			"from": [2.9, 12.9, 8.6],
			"to": [4.1, 13.1, 7.4],
			"light_emission": 15,
			"rotation": {"angle": 0, "axis": "y", "origin": [5, 13.9, 1.1]},
			"faces": {
				"north": {"uv": [15, 2, 16, 3], "texture": "#1"},
				"east": {"uv": [0, 0, 1, 1], "texture": "#1"},
				"south": {"uv": [15, 2, 16, 3], "texture": "#1"},
				"west": {"uv": [0, 0, 1, 1], "texture": "#1"},
				"up": {"uv": [0, 0, 1, 1], "texture": "#1"},
				"down": {"uv": [0, 0, 1, 1], "texture": "#1"}
			}
		},
		{
			"from": [2.9, 13.1, 8.6],
			"to": [3.1, 14.1, 7.4],
			"light_emission": 15,
			"rotation": {"angle": 0, "axis": "y", "origin": [5, 14.1, 1.1]},
			"faces": {
				"north": {"uv": [15, 2, 16, 3], "texture": "#1"},
				"east": {"uv": [0, 0, 1, 1], "texture": "#1"},
				"south": {"uv": [15, 2, 16, 3], "texture": "#1"},
				"west": {"uv": [0, 0, 1, 1], "texture": "#1"},
				"up": {"uv": [0, 0, 1, 1], "texture": "#1"},
				"down": {"uv": [0, 0, 1, 1], "texture": "#1"}
			}
		},
		{
			"from": [12.9, 8.1, 8.6],
			"to": [14.1, 9.9, 7.4],
			"light_emission": 15,
			"rotation": {"angle": 0, "axis": "y", "origin": [13, 9.025, 1.1]},
			"faces": {
				"north": {"uv": [5, 12, 6, 13], "texture": "#1"},
				"east": {"uv": [5, 12, 6, 13], "texture": "#1"},
				"south": {"uv": [5, 12, 6, 13], "texture": "#1"},
				"west": {"uv": [5, 12, 6, 13], "texture": "#1"},
				"up": {"uv": [0, 0, 1, 1], "texture": "#1"},
				"down": {"uv": [0, 0, 1, 1], "texture": "#1"}
			}
		},
		{
			"from": [12.9, 9.9, 8.6],
			"to": [13.9, 10.1, 7.4],
			"light_emission": 15,
			"rotation": {"angle": 0, "axis": "y", "origin": [13, 9.825, 1.1]},
			"faces": {
				"north": {"uv": [5, 12, 6, 13], "texture": "#1"},
				"east": {"uv": [0, 0, 1, 1], "texture": "#1"},
				"south": {"uv": [5, 12, 6, 13], "texture": "#1"},
				"west": {"uv": [5, 12, 6, 13], "texture": "#1"},
				"up": {"uv": [5, 12, 6, 13], "texture": "#1"},
				"down": {"uv": [0, 0, 1, 1], "texture": "#1"}
			}
		},
		{
			"from": [13.1, 7.9, 8.6],
			"to": [14.1, 8.1, 7.4],
			"light_emission": 15,
			"rotation": {"angle": 0, "axis": "y", "origin": [13.2, 7.85, 1.1]},
			"faces": {
				"north": {"uv": [5, 12, 6, 13], "texture": "#1"},
				"east": {"uv": [5, 12, 6, 13], "texture": "#1"},
				"south": {"uv": [5, 12, 6, 13], "texture": "#1"},
				"west": {"uv": [0, 0, 1, 1], "texture": "#1"},
				"up": {"uv": [0, 0, 1, 1], "texture": "#1"},
				"down": {"uv": [5, 12, 6, 13], "texture": "#1"}
			}
		},
		{
			"from": [13.9, 9.9, 8.6],
			"to": [14.1, 10.1, 7.4],
			"light_emission": 15,
			"rotation": {"angle": 0, "axis": "y", "origin": [15, 10.9, 1.1]},
			"faces": {
				"north": {"uv": [15, 2, 16, 3], "texture": "#1"},
				"east": {"uv": [0, 0, 1, 1], "texture": "#1"},
				"south": {"uv": [15, 2, 16, 3], "texture": "#1"},
				"west": {"uv": [0, 0, 1, 1], "texture": "#1"},
				"up": {"uv": [0, 0, 1, 1], "texture": "#1"},
				"down": {"uv": [0, 0, 1, 1], "texture": "#1"}
			}
		},
		{
			"from": [5.9, 1.9, 8.6],
			"to": [6.1, 2.1, 7.4],
			"light_emission": 15,
			"rotation": {"angle": 0, "axis": "y", "origin": [7, 2.9, 1.1]},
			"faces": {
				"north": {"uv": [15, 2, 16, 3], "texture": "#1"},
				"east": {"uv": [0, 0, 1, 1], "texture": "#1"},
				"south": {"uv": [15, 2, 16, 3], "texture": "#1"},
				"west": {"uv": [0, 0, 1, 1], "texture": "#1"},
				"up": {"uv": [0, 0, 1, 1], "texture": "#1"},
				"down": {"uv": [0, 0, 1, 1], "texture": "#1"}
			}
		},
		{
			"from": [3.1, 2.1, 8.6],
			"to": [4.1, 3.1, 7.4],
			"light_emission": 15,
			"rotation": {"angle": 0, "axis": "y", "origin": [6.2, 1.025, 1.1]},
			"faces": {
				"north": {"uv": [15, 2, 16, 3], "texture": "#1"},
				"east": {"uv": [15, 2, 16, 3], "texture": "#1"},
				"south": {"uv": [15, 2, 16, 3], "texture": "#1"},
				"west": {"uv": [0, 0, 1, 1], "texture": "#1"},
				"up": {"uv": [0, 0, 1, 1], "texture": "#1"},
				"down": {"uv": [0, 0, 1, 1], "texture": "#1"}
			}
		},
		{
			"from": [11.9, 14.1, 8.6],
			"to": [15.1, 15.1, 7.4],
			"light_emission": 15,
			"rotation": {"angle": 0, "axis": "y", "origin": [14, 14.025, 1.1]},
			"faces": {
				"north": {"uv": [14, 1, 15, 2], "texture": "#1"},
				"east": {"uv": [14, 1, 15, 2], "texture": "#1"},
				"south": {"uv": [14, 1, 15, 2], "texture": "#1"},
				"west": {"uv": [14, 1, 15, 2], "texture": "#1"},
				"up": {"uv": [14, 1, 15, 2], "texture": "#1"},
				"down": {"uv": [0, 0, 1, 1], "texture": "#1"}
			}
		}
	],
	"gui_light": "front",
	"display": {
		"thirdperson_righthand": {
			"rotation": [-80, 260, -40],
			"translation": [-1, -2, 2.5],
			"scale": [0.9, 0.9, 0.9]
		},
		"thirdperson_lefthand": {
			"rotation": [-80, -280, 40],
			"translation": [-1, -2, 2.5],
			"scale": [0.9, 0.9, 0.9]
		},
		"firstperson_righthand": {
			"rotation": [0, -90, 25],
			"translation": [1.13, 3.2, 1.13],
			"scale": [0.68, 0.68, 0.68]
		},
		"firstperson_lefthand": {
			"rotation": [0, 90, -25],
			"translation": [1.13, 3.2, 1.13],
			"scale": [0.68, 0.68, 0.68]
		},
		"gui": {
			"scale": [1.05, 1.05, 1]
		}
	},
	"groups": [
		{
			"name": "emissive_1",
			"origin": [12, 15, 0],
			"color": 0,
			"children": [
				0,
				1,
				2,
				3,
				4,
				5,
				6,
				7,
				8,
				9,
				10,
				11,
				12,
				13,
				14,
				15,
				16,
				17,
				18,
				19,
				20,
				21,
				22,
				23,
				24,
				25,
				26,
				27,
				28,
				29,
				30,
				31,
				32,
				33,
				34,
				35,
				36,
				37,
				38,
				39,
				40,
				41,
				42,
				43,
				44,
				45,
				46,
				47,
				48,
				49,
				50,
				51,
				52,
				53,
				54,
				55,
				56,
				57,
				58,
				59,
				60,
				61,
				62,
				63,
				64,
				65,
				66,
				67,
				68,
				69,
				70,
				71,
				72,
				73,
				74,
				75,
				76,
				77,
				78,
				79,
				80,
				81,
				82,
				83,
				84,
				85,
				86,
				87
			]
		}
	]
}