{
	"parent": "minecraft:item/generated",
	"credit": "Made with Blockbench",
	"textures": {
		"glow": "item/enchanted_tool_overlays/enchantment_outline",
		"particle": "item/enchanted_tool_overlays/enchantment_outline"
	},
	"elements": [
		{
			"from": [8.9, -0.1, 8.6],
			"to": [11.1, 0.9, 7.4],
			"light_emission": 15,
			"rotation": {"angle": 0, "axis": "y", "origin": [9, 0.025, 1.1]},
			"faces": {
				"north": {"uv": [9, 15, 10, 16], "texture": "#glow"},
				"east": {"uv": [9, 15, 10, 16], "texture": "#glow"},
				"south": {"uv": [9, 15, 10, 16], "texture": "#glow"},
				"west": {"uv": [9, 15, 10, 16], "texture": "#glow"},
				"up": {"uv": [0, 0, 1, 1], "texture": "#glow"},
				"down": {"uv": [9, 15, 10, 16], "texture": "#glow"}
			}
		},
		{
			"from": [7.9, 0.9, 8.6],
			"to": [8.9, 1.9, 7.4],
			"light_emission": 15,
			"rotation": {"angle": 0, "axis": "y", "origin": [8, 1.025, 1.1]},
			"faces": {
				"north": {"uv": [8, 14, 9, 15], "texture": "#glow"},
				"east": {"uv": [0, 0, 1, 1], "texture": "#glow"},
				"south": {"uv": [8, 14, 9, 15], "texture": "#glow"},
				"west": {"uv": [8, 14, 9, 15], "texture": "#glow"},
				"up": {"uv": [0, 0, 1, 1], "texture": "#glow"},
				"down": {"uv": [8, 14, 9, 15], "texture": "#glow"}
			}
		},
		{
			"from": [11.1, 0.9, 8.6],
			"to": [14.1, 1.9, 7.4],
			"light_emission": 15,
			"rotation": {"angle": 0, "axis": "y", "origin": [11, 1.025, 1.1]},
			"faces": {
				"north": {"uv": [11, 14, 12, 15], "texture": "#glow"},
				"east": {"uv": [11, 14, 12, 15], "texture": "#glow"},
				"south": {"uv": [11, 14, 12, 15], "texture": "#glow"},
				"west": {"uv": [0, 0, 1, 1], "texture": "#glow"},
				"up": {"uv": [0, 0, 1, 1], "texture": "#glow"},
				"down": {"uv": [11, 14, 12, 15], "texture": "#glow"}
			}
		},
		{
			"from": [6.9, 1.9, 8.6],
			"to": [7.9, 5.1, 7.4],
			"light_emission": 15,
			"rotation": {"angle": 0, "axis": "y", "origin": [7, 2.025, 1.1]},
			"faces": {
				"north": {"uv": [7, 13, 8, 14], "texture": "#glow"},
				"east": {"uv": [0, 0, 1, 1], "texture": "#glow"},
				"south": {"uv": [7, 13, 8, 14], "texture": "#glow"},
				"west": {"uv": [7, 13, 8, 14], "texture": "#glow"},
				"up": {"uv": [7, 13, 8, 14], "texture": "#glow"},
				"down": {"uv": [7, 13, 8, 14], "texture": "#glow"}
			}
		},
		{
			"from": [7.9, 1.9, 8.6],
			"to": [13.1, 5.1, 7.4],
			"light_emission": 15,
			"rotation": {"angle": 0, "axis": "y", "origin": [8, 2.025, 1.1]},
			"faces": {
				"north": {"uv": [7, 13, 8, 14], "texture": "#glow"},
				"east": {"uv": [0, 0, 1, 1], "texture": "#glow"},
				"south": {"uv": [7, 13, 8, 14], "texture": "#glow"},
				"west": {"uv": [0, 0, 1, 1], "texture": "#glow"},
				"up": {"uv": [0, 0, 1, 1], "texture": "#glow"},
				"down": {"uv": [0, 0, 1, 1], "texture": "#glow"}
			}
		},
		{
			"from": [9.9, 5.1, 8.6],
			"to": [12.1, 7.1, 7.4],
			"light_emission": 15,
			"rotation": {"angle": 0, "axis": "y", "origin": [8, 4.025, 1.1]},
			"faces": {
				"north": {"uv": [7, 13, 8, 14], "texture": "#glow"},
				"east": {"uv": [0, 0, 1, 1], "texture": "#glow"},
				"south": {"uv": [7, 13, 8, 14], "texture": "#glow"},
				"west": {"uv": [0, 0, 1, 1], "texture": "#glow"},
				"up": {"uv": [0, 0, 1, 1], "texture": "#glow"},
				"down": {"uv": [0, 0, 1, 1], "texture": "#glow"}
			}
		},
		{
			"from": [8.9, 0.9, 8.6],
			"to": [11.1, 1.9, 7.4],
			"light_emission": 15,
			"rotation": {"angle": 0, "axis": "y", "origin": [7, -0.175, 1.1]},
			"faces": {
				"north": {"uv": [7, 13, 8, 14], "texture": "#glow"},
				"east": {"uv": [0, 0, 1, 1], "texture": "#glow"},
				"south": {"uv": [7, 13, 8, 14], "texture": "#glow"},
				"west": {"uv": [0, 0, 1, 1], "texture": "#glow"},
				"up": {"uv": [0, 0, 1, 1], "texture": "#glow"},
				"down": {"uv": [0, 0, 1, 1], "texture": "#glow"}
			}
		},
		{
			"from": [13.1, 1.9, 8.6],
			"to": [14.1, 4.1, 7.4],
			"light_emission": 15,
			"rotation": {"angle": 0, "axis": "y", "origin": [10, 0.825, 1.1]},
			"faces": {
				"north": {"uv": [7, 13, 8, 14], "texture": "#glow"},
				"east": {"uv": [0, 0, 1, 1], "texture": "#glow"},
				"south": {"uv": [7, 13, 8, 14], "texture": "#glow"},
				"west": {"uv": [0, 0, 1, 1], "texture": "#glow"},
				"up": {"uv": [0, 0, 1, 1], "texture": "#glow"},
				"down": {"uv": [0, 0, 1, 1], "texture": "#glow"}
			}
		},
		{
			"from": [12.1, 5.1, 8.6],
			"to": [13.1, 6.1, 7.4],
			"light_emission": 15,
			"rotation": {"angle": 0, "axis": "y", "origin": [9, 2.825, 1.1]},
			"faces": {
				"north": {"uv": [7, 13, 8, 14], "texture": "#glow"},
				"east": {"uv": [0, 0, 1, 1], "texture": "#glow"},
				"south": {"uv": [7, 13, 8, 14], "texture": "#glow"},
				"west": {"uv": [0, 0, 1, 1], "texture": "#glow"},
				"up": {"uv": [0, 0, 1, 1], "texture": "#glow"},
				"down": {"uv": [0, 0, 1, 1], "texture": "#glow"}
			}
		},
		{
			"from": [8.9, 5.1, 8.6],
			"to": [9.9, 6.1, 7.4],
			"light_emission": 15,
			"rotation": {"angle": 0, "axis": "y", "origin": [5.8, 2.825, 1.1]},
			"faces": {
				"north": {"uv": [7, 13, 8, 14], "texture": "#glow"},
				"east": {"uv": [0, 0, 1, 1], "texture": "#glow"},
				"south": {"uv": [7, 13, 8, 14], "texture": "#glow"},
				"west": {"uv": [0, 0, 1, 1], "texture": "#glow"},
				"up": {"uv": [0, 0, 1, 1], "texture": "#glow"},
				"down": {"uv": [0, 0, 1, 1], "texture": "#glow"}
			}
		},
		{
			"from": [10.9, 7.1, 8.6],
			"to": [12.1, 8.1, 7.4],
			"light_emission": 15,
			"rotation": {"angle": 0, "axis": "y", "origin": [7.8, 4.825, 1.1]},
			"faces": {
				"north": {"uv": [7, 13, 8, 14], "texture": "#glow"},
				"east": {"uv": [0, 0, 1, 1], "texture": "#glow"},
				"south": {"uv": [7, 13, 8, 14], "texture": "#glow"},
				"west": {"uv": [0, 0, 1, 1], "texture": "#glow"},
				"up": {"uv": [0, 0, 1, 1], "texture": "#glow"},
				"down": {"uv": [0, 0, 1, 1], "texture": "#glow"}
			}
		},
		{
			"from": [14.1, 1.9, 8.6],
			"to": [15.1, 4.1, 7.4],
			"light_emission": 15,
			"rotation": {"angle": 0, "axis": "y", "origin": [14, 2.025, 1.1]},
			"faces": {
				"north": {"uv": [14, 13, 15, 14], "texture": "#glow"},
				"east": {"uv": [14, 13, 15, 14], "texture": "#glow"},
				"south": {"uv": [14, 13, 15, 14], "texture": "#glow"},
				"west": {"uv": [0, 0, 1, 1], "texture": "#glow"},
				"up": {"uv": [14, 13, 15, 14], "texture": "#glow"},
				"down": {"uv": [14, 13, 15, 14], "texture": "#glow"}
			}
		},
		{
			"from": [13.1, 4.1, 8.6],
			"to": [14.1, 6.1, 7.4],
			"light_emission": 15,
			"rotation": {"angle": 0, "axis": "y", "origin": [13, 4.025, 1.1]},
			"faces": {
				"north": {"uv": [13, 11, 14, 12], "texture": "#glow"},
				"east": {"uv": [13, 11, 14, 12], "texture": "#glow"},
				"south": {"uv": [13, 11, 14, 12], "texture": "#glow"},
				"west": {"uv": [0, 0, 1, 1], "texture": "#glow"},
				"up": {"uv": [13, 11, 14, 12], "texture": "#glow"},
				"down": {"uv": [0, 0, 1, 1], "texture": "#glow"}
			}
		},
		{
			"from": [3.9, 4.9, 8.6],
			"to": [6.1, 5.9, 7.4],
			"light_emission": 15,
			"rotation": {"angle": 0, "axis": "y", "origin": [4, 5.025, 1.1]},
			"faces": {
				"north": {"uv": [4, 10, 5, 11], "texture": "#glow"},
				"east": {"uv": [4, 10, 5, 11], "texture": "#glow"},
				"south": {"uv": [4, 10, 5, 11], "texture": "#glow"},
				"west": {"uv": [4, 10, 5, 11], "texture": "#glow"},
				"up": {"uv": [0, 0, 1, 1], "texture": "#glow"},
				"down": {"uv": [4, 10, 5, 11], "texture": "#glow"}
			}
		},
		{
			"from": [7.9, 5.1, 8.6],
			"to": [8.9, 6.1, 7.4],
			"light_emission": 15,
			"rotation": {"angle": 0, "axis": "y", "origin": [8, 5.025, 1.1]},
			"faces": {
				"north": {"uv": [8, 10, 9, 11], "texture": "#glow"},
				"east": {"uv": [0, 0, 1, 1], "texture": "#glow"},
				"south": {"uv": [8, 10, 9, 11], "texture": "#glow"},
				"west": {"uv": [8, 10, 9, 11], "texture": "#glow"},
				"up": {"uv": [8, 10, 9, 11], "texture": "#glow"},
				"down": {"uv": [0, 0, 1, 1], "texture": "#glow"}
			}
		},
		{
			"from": [2.9, 5.9, 8.6],
			"to": [3.9, 6.9, 7.4],
			"light_emission": 15,
			"rotation": {"angle": 0, "axis": "y", "origin": [3, 6.025, 1.1]},
			"faces": {
				"north": {"uv": [3, 9, 4, 10], "texture": "#glow"},
				"east": {"uv": [0, 0, 1, 1], "texture": "#glow"},
				"south": {"uv": [3, 9, 4, 10], "texture": "#glow"},
				"west": {"uv": [3, 9, 4, 10], "texture": "#glow"},
				"up": {"uv": [0, 0, 1, 1], "texture": "#glow"},
				"down": {"uv": [3, 9, 4, 10], "texture": "#glow"}
			}
		},
		{
			"from": [6.1, 5.9, 8.6],
			"to": [7.1, 6.9, 7.4],
			"light_emission": 15,
			"rotation": {"angle": 0, "axis": "y", "origin": [6, 6.025, 1.1]},
			"faces": {
				"north": {"uv": [6, 9, 7, 10], "texture": "#glow"},
				"east": {"uv": [6, 9, 7, 10], "texture": "#glow"},
				"south": {"uv": [6, 9, 7, 10], "texture": "#glow"},
				"west": {"uv": [0, 0, 1, 1], "texture": "#glow"},
				"up": {"uv": [0, 0, 1, 1], "texture": "#glow"},
				"down": {"uv": [6, 9, 7, 10], "texture": "#glow"}
			}
		},
		{
			"from": [8.9, 6.1, 8.6],
			"to": [9.9, 7.1, 7.4],
			"light_emission": 15,
			"rotation": {"angle": 0, "axis": "y", "origin": [9, 6.025, 1.1]},
			"faces": {
				"north": {"uv": [9, 9, 10, 10], "texture": "#glow"},
				"east": {"uv": [0, 0, 1, 1], "texture": "#glow"},
				"south": {"uv": [9, 9, 10, 10], "texture": "#glow"},
				"west": {"uv": [9, 9, 10, 10], "texture": "#glow"},
				"up": {"uv": [9, 9, 10, 10], "texture": "#glow"},
				"down": {"uv": [0, 0, 1, 1], "texture": "#glow"}
			}
		},
		{
			"from": [12.1, 6.1, 8.6],
			"to": [13.1, 8.1, 7.4],
			"light_emission": 15,
			"rotation": {"angle": 0, "axis": "y", "origin": [12, 6.025, 1.1]},
			"faces": {
				"north": {"uv": [12, 9, 13, 10], "texture": "#glow"},
				"east": {"uv": [12, 9, 13, 10], "texture": "#glow"},
				"south": {"uv": [12, 9, 13, 10], "texture": "#glow"},
				"west": {"uv": [0, 0, 1, 1], "texture": "#glow"},
				"up": {"uv": [12, 9, 13, 10], "texture": "#glow"},
				"down": {"uv": [0, 0, 1, 1], "texture": "#glow"}
			}
		},
		{
			"from": [1.9, 6.9, 8.6],
			"to": [2.9, 13.1, 7.4],
			"light_emission": 15,
			"rotation": {"angle": 0, "axis": "y", "origin": [2, 7.025, 1.1]},
			"faces": {
				"north": {"uv": [2, 8, 3, 9], "texture": "#glow"},
				"east": {"uv": [0, 0, 1, 1], "texture": "#glow"},
				"south": {"uv": [2, 8, 3, 9], "texture": "#glow"},
				"west": {"uv": [2, 8, 3, 9], "texture": "#glow"},
				"up": {"uv": [2, 8, 3, 9], "texture": "#glow"},
				"down": {"uv": [2, 8, 3, 9], "texture": "#glow"}
			}
		},
		{
			"from": [5.1, 6.9, 8.6],
			"to": [5.9, 8.1, 7.4],
			"light_emission": 15,
			"rotation": {"angle": 0, "axis": "y", "origin": [5, 7.025, 1.1]},
			"faces": {
				"north": {"uv": [5, 8, 6, 9], "texture": "#glow"},
				"east": {"uv": [0, 0, 1, 1], "texture": "#glow"},
				"south": {"uv": [5, 8, 6, 9], "texture": "#glow"},
				"west": {"uv": [0, 0, 1, 1], "texture": "#glow"},
				"up": {"uv": [5, 8, 6, 9], "texture": "#glow"},
				"down": {"uv": [0, 0, 1, 1], "texture": "#glow"}
			}
		},
		{
			"from": [7.1, 6.9, 8.6],
			"to": [8.1, 8.1, 7.4],
			"light_emission": 15,
			"rotation": {"angle": 0, "axis": "y", "origin": [7, 7.025, 1.1]},
			"faces": {
				"north": {"uv": [7, 8, 8, 9], "texture": "#glow"},
				"east": {"uv": [7, 8, 8, 9], "texture": "#glow"},
				"south": {"uv": [7, 8, 8, 9], "texture": "#glow"},
				"west": {"uv": [0, 0, 1, 1], "texture": "#glow"},
				"up": {"uv": [0, 0, 1, 1], "texture": "#glow"},
				"down": {"uv": [7, 8, 8, 9], "texture": "#glow"}
			}
		},
		{
			"from": [9.9, 7.1, 8.6],
			"to": [10.9, 8.1, 7.4],
			"light_emission": 15,
			"rotation": {"angle": 0, "axis": "y", "origin": [10, 7.025, 1.1]},
			"faces": {
				"north": {"uv": [10, 8, 11, 9], "texture": "#glow"},
				"east": {"uv": [0, 0, 1, 1], "texture": "#glow"},
				"south": {"uv": [10, 8, 11, 9], "texture": "#glow"},
				"west": {"uv": [10, 8, 11, 9], "texture": "#glow"},
				"up": {"uv": [10, 8, 11, 9], "texture": "#glow"},
				"down": {"uv": [0, 0, 1, 1], "texture": "#glow"}
			}
		},
		{
			"from": [4, 8.1, 8.6],
			"to": [5.1, 11.9, 7.4],
			"light_emission": 15,
			"rotation": {"angle": 0, "axis": "y", "origin": [4, 8.025, 1.1]},
			"faces": {
				"north": {"uv": [4, 7, 5, 8], "texture": "#glow"},
				"east": {"uv": [4, 7, 5, 8], "texture": "#glow"},
				"south": {"uv": [4, 7, 5, 8], "texture": "#glow"},
				"west": {"uv": [0, 0, 1, 1], "texture": "#glow"},
				"up": {"uv": [0, 0, 1, 1], "texture": "#glow"},
				"down": {"uv": [0, 0, 1, 1], "texture": "#glow"}
			}
		},
		{
			"from": [5.9, 8.1, 8.6],
			"to": [7.1, 9.1, 7.4],
			"light_emission": 15,
			"rotation": {"angle": 0, "axis": "y", "origin": [6, 8.025, 1.1]},
			"faces": {
				"north": {"uv": [6, 7, 7, 8], "texture": "#glow"},
				"east": {"uv": [0, 0, 1, 1], "texture": "#glow"},
				"south": {"uv": [6, 7, 7, 8], "texture": "#glow"},
				"west": {"uv": [6, 7, 7, 8], "texture": "#glow"},
				"up": {"uv": [6, 7, 7, 8], "texture": "#glow"},
				"down": {"uv": [0, 0, 1, 1], "texture": "#glow"}
			}
		},
		{
			"from": [7.1, 8.1, 8.6],
			"to": [8.1, 9.1, 7.4],
			"light_emission": 15,
			"rotation": {"angle": 0, "axis": "y", "origin": [7, 8.025, 1.1]},
			"faces": {
				"north": {"uv": [7, 7, 8, 8], "texture": "#glow"},
				"east": {"uv": [7, 7, 8, 8], "texture": "#glow"},
				"south": {"uv": [7, 7, 8, 8], "texture": "#glow"},
				"west": {"uv": [0, 0, 1, 1], "texture": "#glow"},
				"up": {"uv": [7, 7, 8, 8], "texture": "#glow"},
				"down": {"uv": [0, 0, 1, 1], "texture": "#glow"}
			}
		},
		{
			"from": [10.9, 8.1, 8.6],
			"to": [12.1, 9.1, 7.4],
			"light_emission": 15,
			"rotation": {"angle": 0, "axis": "y", "origin": [11, 8.025, 1.1]},
			"faces": {
				"north": {"uv": [11, 7, 12, 8], "texture": "#glow"},
				"east": {"uv": [11, 7, 12, 8], "texture": "#glow"},
				"south": {"uv": [11, 7, 12, 8], "texture": "#glow"},
				"west": {"uv": [11, 7, 12, 8], "texture": "#glow"},
				"up": {"uv": [11, 7, 12, 8], "texture": "#glow"},
				"down": {"uv": [0, 0, 1, 1], "texture": "#glow"}
			}
		},
		{
			"from": [5.9, 10.9, 8.6],
			"to": [7.1, 11.9, 7.4],
			"light_emission": 15,
			"rotation": {"angle": 0, "axis": "y", "origin": [6, 11.025, 1.1]},
			"faces": {
				"north": {"uv": [6, 4, 7, 5], "texture": "#glow"},
				"east": {"uv": [0, 0, 1, 1], "texture": "#glow"},
				"south": {"uv": [6, 4, 7, 5], "texture": "#glow"},
				"west": {"uv": [6, 4, 7, 5], "texture": "#glow"},
				"up": {"uv": [0, 0, 1, 1], "texture": "#glow"},
				"down": {"uv": [6, 4, 7, 5], "texture": "#glow"}
			}
		},
		{
			"from": [5.9, 11.9, 8.6],
			"to": [7.1, 13.1, 7.4],
			"light_emission": 15,
			"rotation": {"angle": 0, "axis": "y", "origin": [6, 12.025, 1.1]},
			"faces": {
				"north": {"uv": [6, 4, 7, 5], "texture": "#glow"},
				"east": {"uv": [0, 0, 1, 1], "texture": "#glow"},
				"south": {"uv": [6, 4, 7, 5], "texture": "#glow"},
				"west": {"uv": [0, 0, 1, 1], "texture": "#glow"},
				"up": {"uv": [0, 0, 1, 1], "texture": "#glow"},
				"down": {"uv": [0, 0, 1, 1], "texture": "#glow"}
			}
		},
		{
			"from": [3.9, 13.1, 8.6],
			"to": [6.1, 14.1, 7.4],
			"light_emission": 15,
			"rotation": {"angle": 0, "axis": "y", "origin": [4, 13.025, 1.1]},
			"faces": {
				"north": {"uv": [6, 4, 7, 5], "texture": "#glow"},
				"east": {"uv": [0, 0, 1, 1], "texture": "#glow"},
				"south": {"uv": [6, 4, 7, 5], "texture": "#glow"},
				"west": {"uv": [0, 0, 1, 1], "texture": "#glow"},
				"up": {"uv": [0, 0, 1, 1], "texture": "#glow"},
				"down": {"uv": [0, 0, 1, 1], "texture": "#glow"}
			}
		},
		{
			"from": [3.9, 5.9, 8.6],
			"to": [6.1, 6.9, 7.4],
			"light_emission": 15,
			"rotation": {"angle": 0, "axis": "y", "origin": [4, 5.825, 1.1]},
			"faces": {
				"north": {"uv": [6, 4, 7, 5], "texture": "#glow"},
				"east": {"uv": [0, 0, 1, 1], "texture": "#glow"},
				"south": {"uv": [6, 4, 7, 5], "texture": "#glow"},
				"west": {"uv": [0, 0, 1, 1], "texture": "#glow"},
				"up": {"uv": [0, 0, 1, 1], "texture": "#glow"},
				"down": {"uv": [0, 0, 1, 1], "texture": "#glow"}
			}
		},
		{
			"from": [2.9, 11.9, 8.6],
			"to": [5.1, 13.1, 7.4],
			"light_emission": 15,
			"rotation": {"angle": 0, "axis": "y", "origin": [3, 11.825, 1.1]},
			"faces": {
				"north": {"uv": [6, 4, 7, 5], "texture": "#glow"},
				"east": {"uv": [0, 0, 1, 1], "texture": "#glow"},
				"south": {"uv": [6, 4, 7, 5], "texture": "#glow"},
				"west": {"uv": [0, 0, 1, 1], "texture": "#glow"},
				"up": {"uv": [0, 0, 1, 1], "texture": "#glow"},
				"down": {"uv": [0, 0, 1, 1], "texture": "#glow"}
			}
		},
		{
			"from": [2.9, 8.1, 8.6],
			"to": [4, 11.9, 7.4],
			"light_emission": 15,
			"rotation": {"angle": 0, "axis": "y", "origin": [3, 10.625, 1.1]},
			"faces": {
				"north": {"uv": [6, 4, 7, 5], "texture": "#glow"},
				"east": {"uv": [0, 0, 1, 1], "texture": "#glow"},
				"south": {"uv": [6, 4, 7, 5], "texture": "#glow"},
				"west": {"uv": [0, 0, 1, 1], "texture": "#glow"},
				"up": {"uv": [0, 0, 1, 1], "texture": "#glow"},
				"down": {"uv": [0, 0, 1, 1], "texture": "#glow"}
			}
		},
		{
			"from": [2.9, 6.9, 8.6],
			"to": [5.1, 8.1, 7.4],
			"light_emission": 15,
			"rotation": {"angle": 0, "axis": "y", "origin": [3, 6.825, 1.1]},
			"faces": {
				"north": {"uv": [6, 4, 7, 5], "texture": "#glow"},
				"east": {"uv": [0, 0, 1, 1], "texture": "#glow"},
				"south": {"uv": [6, 4, 7, 5], "texture": "#glow"},
				"west": {"uv": [0, 0, 1, 1], "texture": "#glow"},
				"up": {"uv": [0, 0, 1, 1], "texture": "#glow"},
				"down": {"uv": [0, 0, 1, 1], "texture": "#glow"}
			}
		},
		{
			"from": [5.9, 6.9, 8.6],
			"to": [7.1, 8.1, 7.4],
			"light_emission": 15,
			"rotation": {"angle": 0, "axis": "y", "origin": [6, 7.025, 1.1]},
			"faces": {
				"north": {"uv": [6, 4, 7, 5], "texture": "#glow"},
				"east": {"uv": [0, 0, 1, 1], "texture": "#glow"},
				"south": {"uv": [6, 4, 7, 5], "texture": "#glow"},
				"west": {"uv": [0, 0, 1, 1], "texture": "#glow"},
				"up": {"uv": [0, 0, 1, 1], "texture": "#glow"},
				"down": {"uv": [0, 0, 1, 1], "texture": "#glow"}
			}
		},
		{
			"from": [7.1, 10.9, 8.6],
			"to": [8.1, 11.9, 7.4],
			"light_emission": 15,
			"rotation": {"angle": 0, "axis": "y", "origin": [7, 11.025, 1.1]},
			"faces": {
				"north": {"uv": [7, 4, 8, 5], "texture": "#glow"},
				"east": {"uv": [7, 4, 8, 5], "texture": "#glow"},
				"south": {"uv": [7, 4, 8, 5], "texture": "#glow"},
				"west": {"uv": [0, 0, 1, 1], "texture": "#glow"},
				"up": {"uv": [0, 0, 1, 1], "texture": "#glow"},
				"down": {"uv": [7, 4, 8, 5], "texture": "#glow"}
			}
		},
		{
			"from": [5.1, 11.9, 8.6],
			"to": [5.9, 13.1, 7.4],
			"light_emission": 15,
			"rotation": {"angle": 0, "axis": "y", "origin": [5, 12.025, 1.1]},
			"faces": {
				"north": {"uv": [5, 3, 6, 4], "texture": "#glow"},
				"east": {"uv": [0, 0, 1, 1], "texture": "#glow"},
				"south": {"uv": [5, 3, 6, 4], "texture": "#glow"},
				"west": {"uv": [0, 0, 1, 1], "texture": "#glow"},
				"up": {"uv": [0, 0, 1, 1], "texture": "#glow"},
				"down": {"uv": [5, 3, 6, 4], "texture": "#glow"}
			}
		},
		{
			"from": [7.1, 11.9, 8.6],
			"to": [8.1, 13.1, 7.4],
			"light_emission": 15,
			"rotation": {"angle": 0, "axis": "y", "origin": [7, 12.025, 1.1]},
			"faces": {
				"north": {"uv": [7, 3, 8, 4], "texture": "#glow"},
				"east": {"uv": [7, 3, 8, 4], "texture": "#glow"},
				"south": {"uv": [7, 3, 8, 4], "texture": "#glow"},
				"west": {"uv": [0, 0, 1, 1], "texture": "#glow"},
				"up": {"uv": [7, 3, 8, 4], "texture": "#glow"},
				"down": {"uv": [0, 0, 1, 1], "texture": "#glow"}
			}
		},
		{
			"from": [2.9, 13.1, 8.6],
			"to": [3.9, 14.1, 7.4],
			"light_emission": 15,
			"rotation": {"angle": 0, "axis": "y", "origin": [3, 13.025, 1.1]},
			"faces": {
				"north": {"uv": [3, 2, 4, 3], "texture": "#glow"},
				"east": {"uv": [0, 0, 1, 1], "texture": "#glow"},
				"south": {"uv": [3, 2, 4, 3], "texture": "#glow"},
				"west": {"uv": [3, 2, 4, 3], "texture": "#glow"},
				"up": {"uv": [3, 2, 4, 3], "texture": "#glow"},
				"down": {"uv": [0, 0, 1, 1], "texture": "#glow"}
			}
		},
		{
			"from": [6.1, 13.1, 8.6],
			"to": [7.1, 14.1, 7.4],
			"light_emission": 15,
			"rotation": {"angle": 0, "axis": "y", "origin": [6, 13.025, 1.1]},
			"faces": {
				"north": {"uv": [6, 2, 7, 3], "texture": "#glow"},
				"east": {"uv": [6, 2, 7, 3], "texture": "#glow"},
				"south": {"uv": [6, 2, 7, 3], "texture": "#glow"},
				"west": {"uv": [0, 0, 1, 1], "texture": "#glow"},
				"up": {"uv": [6, 2, 7, 3], "texture": "#glow"},
				"down": {"uv": [0, 0, 1, 1], "texture": "#glow"}
			}
		},
		{
			"from": [3.9, 14.1, 8.6],
			"to": [6.1, 15.1, 7.4],
			"light_emission": 15,
			"rotation": {"angle": 0, "axis": "y", "origin": [4, 14.025, 1.1]},
			"faces": {
				"north": {"uv": [4, 1, 5, 2], "texture": "#glow"},
				"east": {"uv": [4, 1, 5, 2], "texture": "#glow"},
				"south": {"uv": [4, 1, 5, 2], "texture": "#glow"},
				"west": {"uv": [4, 1, 5, 2], "texture": "#glow"},
				"up": {"uv": [4, 1, 5, 2], "texture": "#glow"},
				"down": {"uv": [0, 0, 1, 1], "texture": "#glow"}
			}
		}
	],
    "display": {
        "gui": {
            "rotation": 	[ 0, 0, 0 ],
            "translation": 	[ 0, 0, 0],
            "scale":		[ 1, 1, 1 ]
        },
        "ground": {
			"rotation": 	[ 0, 0, 0 ],
			"translation": 	[ 0, 3, 0 ],
			"scale": 		[ 0.50, 0.50, 0.50 ]
        },
        "fixed": {
			"rotation": 	[ 0, 180, 0 ],
			"translation": 	[ 0, 0, 0 ],
			"scale": 		[ 1.02, 1.02, 1.02 ]
        },
        "head": {
            "rotation": [ 0, 180, 0 ],
            "translation": [ 0, 13, 7],
            "scale":[ 1, 1, 1]
        },
        "thirdperson_righthand": {
            "rotation": [ 0, 0, 0 ],
            "translation": [ 0, 3, 1 ],
            "scale": [ 0.55, 0.55, 0.55 ]
        },
        "firstperson_righthand": {
            "rotation": [ 0, -90, 25 ],
            "translation": [ 1.13, 3.2, 1.13],
            "scale": [ 0.68, 0.68, 0.68 ]
        }
    },
	"groups": [
		{
			"name": "emissive_1",
			"origin": [12, 15, 0],
			"color": 0,
			"children": [0, 1, 2, 3, 4, 5, 6, 7, 8, 9, 10, 11, 12, 13, 14, 15, 16, 17, 18, 19, 20, 21, 22, 23, 24, 25, 26, 27, 28, 29, 30, 31, 32, 33, 34, 35, 36, 37, 38, 39, 40]
		}
	]
}